기업명,요약
삼성전자,"# 삼성전자(005930) 사업보고서 요약 (제57기, 2025년말 기준, 접수일 2026-03-10)

## 회사 및 사업 개요
삼성전자주식회사(영문명 Samsung Electronics Co., Ltd.)는 1969년 1월 13일 삼성전자공업주식회사로 설립되어 1975년 6월 11일 기업공개하였고, 1984년 2월 28일 현재 상호로 변경되었습니다. 본사는 경기도 수원시 영통구에 있습니다.

사업은 DX(Device eXperience) 부문, DS(Device Solutions) 부문, SDC(삼성디스플레이㈜ 및 그 종속기업), Harman(Harman International Industries, Inc. 및 그 종속기업) 4개 축으로 구성됩니다. 2025년말 현재 연결대상 종속기업은 308개사(전년말 대비 91개 증가, 11개 감소)이며, 이 중 주요종속회사는 158개(상장 1개, 비상장 157개)입니다. 국내에는 본사 외 34개 종속기업(삼성디스플레이㈜, 삼성전자판매㈜, 삼성전자서비스㈜, 삼성전자로지텍㈜ 등)이, 해외에는 274개의 비상장 생산·판매법인이 있습니다.

2025년(제57기) 연결 매출은 333조 6,059억원(전년 대비 10.9% 증가)이며, 부문별 매출 비중은 DX 56.3%, DS 39.0%, SDC 8.9%, Harman 4.7%입니다.

## 매출 및 손익 현황

**부문별 매출·영업이익·총자산 (제57기, 단위: 억원)**

| 부문 | 매출액(비중) | 영업이익(비중) | 총자산(비중) |
|---|---|---|---|
| DX 부문 | 1,879,673 (56.3%) | 128,527 (29.5%) | 2,810,397 (36.0%) |
| DS 부문 | 1,301,282 (39.0%) | 248,581 (57.0%) | 3,719,620 (47.6%) |
| SDC | 298,417 (8.9%) | 41,163 (9.4%) | 936,339 (12.0%) |
| Harman | 157,833 (4.7%) | 15,311 (3.5%) | 223,957 (2.9%) |
| 기타(내부거래 제거) | △301,146 (△8.9%) | - | - |
| **합계** | **3,336,059** | - | - |

주요 제품별 매출실적(제57기): TV·모니터 등 30조 8,609억원, 스마트폰 등 126조 4,744억원, 메모리 104조 812억원, 디스플레이 패널 29조 8,417억원. 연구개발비용 37조 7,548억원(매출액 대비 11.3%), 세계 특허 보유 281,857건.

## 주요 매출처·매입처 및 공급관계

**매출처**: 2025년 5대 매출처는 **Alphabet, Apple, Deutsche Telekom, Hong Kong Techtronics, Supreme Electronics**(합산 비중 약 15%). DS부문 Foundry는 **Tesla**와 2025-07-26 위탁생산 계약 체결(계약종료 2033-12-31, 수주총액 165.44억 달러).

**매입처(부문별 대표)**: 모바일AP — Qualcomm·MediaTek(18.5%) / 디스플레이 패널 — CSOT·SDP(10.7%) / Camera Module — **삼성전기㈜(계열회사)**·엠씨넥스(7.9%) / Chemical — **솔브레인㈜**·동우화인켐(17.1%) / Cover Glass — **Apple(고객이자 공급처)**·LENS(15.3%).

**주요 계약/지분관계**: Google·Ericsson·Qualcomm·Huawei·Nokia와 상호특허 라이선스 계약. **레인보우로보틱스㈜** 지분 394만주 콜옵션 인수(2,674.63억원, 2025-03-12 완료). Harman이 2025년 3분기 Sound United(B&W·Denon·Marantz 브랜드) 인수.

## 계열회사·종속회사·타법인출자 현황
- 삼성그룹(상호출자제한기업집단) 소속, 국내 계열회사 **67개**(상장 18·비상장 49). 해외 종속기업은 지역총괄 체제(미주 66·유럽/CIS 114·중동아프리카 21·아시아 36·중국 37개).
- 삼성전자 임원이 세메스㈜(반도체 장비 계열사) 등에 겸직 파견.
- **타법인 출자**: 총 128개사, 장부금액 63조 7,472억원(경영참여 102개사, 단순투자 26개사).
- ⚠️ 원문 표기 모호: 계열사간 상호출자 매트릭스는 ""피출자회사×출자회사"" 교차표라 셀 위치만으로 특정 두 회사 간 정확한 지분율 재구성 불가.

## 특수관계자 거래
- 채무보증: 해외 종속법인 대상 총 81.03억 달러 지급보증.
- **영업거래(별도기준, 매출액 5% 이상 공시대상, 단위: 백만원)**: SSI 56,921,768 / SSS 30,612,241 / SEA 30,208,357 / SEVT 28,651,479 / SEV 18,430,973 / SCS 13,238,829.
- ⚠️ 원문 표기 모호: 연결 재무제표 주석 특수관계자 거래(삼성에스디에스·삼성전기·삼성SDI·제일기획·삼성물산·에스원 등, 매입 합계 약 18.2조원)는 3단 헤더 구조 대비 숫자 개수가 부족해 개별 계열사 대응 확정 불가 — 위 별도기준 표를 1차 근거로 권장.

## 연구개발 및 기타
2025년 R&D 37조 7,548억원. 주요 성과: Galaxy Z 폴드7/플립7/TriFold, Galaxy S25, 2나노 GAA '엑시노스 2600', 24Gb GDDR7. 2025년 온실가스 배출량 18,265,108 tCO2-eq.
"
SK하이닉스,"# SK하이닉스 사업보고서 요약 (제78기, 2025.12 결산)

## 사업 개요
SK하이닉스는 경기도 이천시에 본사를 둔 글로벌 반도체 기업으로, 4개의 생산기지와 3개의 연구개발법인, 그리고 미국·중국·싱가포르·대만·홍콩 등지의 판매법인 및 사무소를 운영하고 있다. SK하이닉스와 그 종속기업의 주력 제품은 DRAM 및 NAND Flash를 중심으로 하는 메모리 반도체이며, Foundry(파운드리) 사업도 병행하고 있다. SK하이닉스의 연결 기준 매출액은 2025년(제78기) 97조 1,468억원, 2024년(제77기) 66조 1,930억원, 2023년(제76기) 32조 7,657억원으로 최근 3년간 큰 폭으로 성장하였다. 2025년 실적 성장은 AI 서비스 고도화에 따른 HBM 및 일반 DRAM 수요 증가, AI향 데이터센터용 고용량 기업용 SSD 수요 증가가 주된 요인으로 서술되어 있다.

## 매출 및 손익 현황
- 매출유형: 반도체 부문 ""제품 외""(DRAM, NAND Flash 등), 상표명 SK하이닉스.
- 매출실적(연결 기준, 단위: 백만원): 제78기 97,146,675 / 제77기 66,192,960 / 제76기 32,765,719. 매출 비중은 반도체 부문 단일 사업부문이 100%를 차지한다.
- 연구개발비: 제78기 6,732,527백만원(매출액 대비 6.9%), 제77기 4,954,447백만원(7.5%), 제76기 4,188,404백만원(12.8%). 항목별로는 인건비(제78기 2,718,918백만원)와 위탁용역비(제78기 533,136백만원), 감가상각비(제78기 503,697백만원) 등이 포함된다.
- 2025년 유형자산 취득 기준 투자집행액은 3조 173억원(30,173십억원, 기계장치 외 보완투자)이다.

## 주요 원재료 매입처 및 공급 안정성
SK하이닉스는 원재료 매입처를 개별 기업명으로 공개하지 않고 지역·공급사 수 단위로만 서술하고 있다.
- 웨이퍼(Wafer): 일본·한국·독일·미국 등에 생산시설을 보유한 업계 주요 공급사로부터 300mm 웨이퍼 완제품을 공급받는다. 제78기 투입액 1,024,285백만원(원재료 총 매입액 대비 7%).
- Substrate: 한국·일본·중국에 생산시설을 보유한 9개사로부터 공급받으며(전세계 공급사는 50여개사), 제78기 투입액 418,856백만원(3%).
- PCB(Printed Circuit Board): 한국 및 중화권(중국·대만 등) 소재 6개사로부터 공급받으며, 제78기 투입액 300,698백만원(2%).
- 기타 원재료(가스·화학약품·소자류 등) 투입액 6,992,198백만원(47%), 저장품(S/P·부재료) 6,254,597백만원(42%). 원재료·저장품 합계 14,990,634백만원.

## 주요 매출처 및 판매 경로
SK하이닉스는 개별 고객사명을 공개하지 않고 고객군 단위로만 서술하고 있다.
- DRAM: 세계 유수의 모바일 및 컴퓨팅 관련 전자업체에 공급.
- NAND Flash: 세계적인 모바일 디바이스·IT 제품 제조업체, SSD 등 대용량 저장장치 및 메모리카드 생산업체 등에 공급.
- 판매경로는 직판 거래(실수요자 직접 판매)와 대리점 거래로 구분되며, 국내는 GSM 영업 관할 하 대리점을, 해외는 미국·중국·싱가포르·대만·홍콩 소재 판매법인 산하 대리점을 운영한다. 주요 고객사와는 월별/분기별 상호 합의로 공급 물량 및 가격을 결정한다(수주상황).

## 계열회사·종속회사·타법인출자 현황
SK하이닉스는 공정거래위원회 지정 상호출자제한기업집단 ""에스케이(SK)"" 소속회사로, 기준일(2025.12.31) 현재 SK 기업집단 소속 계열회사는 상장 20개사, 비상장 731개사, 합계 751개사이다(해외계열회사는 비상장으로 분류). 계열회사간 출자현황표에는 SK(주)를 정점으로 SK이노베이션, SK텔레콤, SK스퀘어, SK네트웍스, SK에코플랜트, SK디스커버리 등 다수의 SK 계열사가 상호 지분을 보유하는 대규모 지배구조가 공시되어 있으며, SK하이닉스 자신도 이 계열회사 목록에 포함되어 있다(구체적 지분율은 원문 표가 매우 방대하여 전부 인용하지 않음).

**연결대상 종속회사**: 기준일 현재 연결대상 종속회사는 총 53개사(기초 56개사에서 신규연결 1개사, 연결제외 4개사)이며, 이 중 주요종속회사(직전 사업연도말 자산총액 750억원 이상 또는 지배회사 자산총액 10% 이상)는 28개사이다. 당기 중 지분인수로 에스케이파워텍(주)가 신규연결되었고, SK hynix NAND Product Solutions Japan G.K.는 청산, SkyHigh Memory Limited·SkyHigh Memory China Limited·SkyHigh Memory Limited Japan은 지분매각으로 연결에서 제외되었다. 주요 종속회사(전부 지분율 100%로 지배력 근거는 의결권 과반수 소유) 및 최근사업연도말 자산총액(단위: 백만원)은 다음과 같다(53개사 중 자산 규모 상위·특징적인 회사 위주로 발췌, 전체 목록은 원문 상세표 참조):
- SK hynix America Inc.(미국, 반도체 판매): 자산총액 11,796,744
- SK hynix Semiconductor (China) Ltd.(중국 우시, 반도체 제조): 9,229,620
- SK hynix Semiconductor (Dalian) Co., Ltd.(중국 대련, 반도체 제조): 7,726,090
- SK hynix NAND Product Solutions Corp.(미국, 반도체 판매 및 연구개발; 舊 Solidigm 관련 법인): 7,151,888
- SK hynix Semiconductor HongKong Ltd.(반도체 판매): 1,083,795
- SK hynix NAND Product Solutions Asia Pacific LLC(반도체 판매): 2,060,853
- SK hynix (Wuxi) Investment Ltd.(해외투자법인): 775,569
- SK hynix Semiconductor Taiwan Inc.(반도체 판매): 885,042
- SK hynix Japan Inc.(반도체 판매): 1,002,948
- SK hynix Asia Pte.Ltd.(싱가포르, 반도체 판매): 722,275
- SK hynix U.K. Ltd.(반도체 판매): 562,832
- SK hynix semiconductor storage technology (Dalian) Co., Ltd.(반도체 생산지원): 2,047,804
- SK hynix System ic Inc.(반도체 제조 및 판매): 480,620
- 에스케이키파운드리㈜(반도체 판매 및 생산): 844,234
- 에스케이하이이엔지㈜(건설공사 및 서비스): 156,321
- 에스케이하이스텍㈜(사업지원 및 서비스): 95,292
- 행복나래㈜(산업자재유통): 169,306
- 에스케이파워텍㈜(반도체 제조, 2025년 신규연결): 99,837
(비주요 종속회사로 분류된 다수의 소규모 해외 판매·연구개발·교육·병원운영 법인은 원문 상세표에 별도로 열거되어 있으나 개별 서술은 생략함)

**관계기업 및 공동기업 투자**(연결 기준, 단위: 백만원, 지분율 %는 당기말 기준):
- SK China Company Limited(중국, 컨설팅 및 투자): 지분율 11.87%, 장부금액 463,560
- SK South East Asia Investment Pte. Ltd.(싱가포르, 컨설팅 및 투자): 지분율 20.00%, 장부금액 370,671
- SiFive, Inc.(미국, 반도체 설계 및 제조): 지분율 6.84%, 장부금액 9,175 (이사선임권을 통해 유의적 영향력 행사)
- 우시시신파직접회로산업원유한공사(중국, 과학기술단지 개발): 지분율 30.00%, 장부금액 46,990
- HITECH Semiconductor (Wuxi) Co., Ltd.(중국, 반도체 부품 제조, 공동기업): 지분율 45.00%, 장부금액 152,015. SK하이닉스는 HITECH과 후공정서비스(Package, Package Test, Module 등) 공급 계약을 체결하고 있으며, HITECH 장비 우선사용권을 보유하는 대신 일정액의 약정수익을 보장하는 대가를 지급한다.
- SK hynix system ic (Wuxi) Co., Ltd.(중국, 파운드리사업, 공동기업; 종속기업 Hystars Semiconductor (Wuxi) Co., Ltd. 포함 연결 기준): 지분율 49.79%(전기 50.10%에서 유상증자로 감소), 장부금액 78,548. 전기 중 지분 49.9% 매각으로 지배력을 상실하고 공동기업으로 재분류되었으며, 당기 중 손실누적으로 470,869백만원의 손상차손을 인식하였다. SK하이닉스는 공동기업 Hystars Semiconductor (Wuxi) Co., Ltd.를 위하여 Wuxi Xinfa Group Co., Ltd.에게 RMB 701백만의 지급보증을 제공하고 있다.
- 반도체성장 전문투자형 사모투자신탁(국내, 투자, 공동기업): 지분율 33.33%, 장부금액 9,039
- 시스템반도체 상생 전문투자형 사모투자신탁(국내, 투자, 공동기업): 지분율 37.50%, 장부금액 19,574
- 관계기업 및 공동기업투자 장부금액 합계(기타 포함) 1,320,927백만원

**KIOXIA(舊 Toshiba Memory) 지분투자**: SK하이닉스는 KIOXIA Holdings Corporation 인수를 위한 특수목적법인인 BCPE Pangea Intermediate Holdings Cayman, L.P.(SPC1, 장기투자자산 공정가치 7,405,240백만원)와 BCPE Pangea Cayman2 Limited(SPC2, 전환사채 투자, 공정가치 6,746,627백만원)를 통해 KIOXIA에 간접 투자하고 있으며, SPC2가 보유한 KIOXIA 지분율은 14.30%이다. 지분취득일 이후 일정기간 동안 SK하이닉스의 직·간접 KIOXIA 보유지분은 특정비율 이하로 제한되고, 이사임명권도 제한되어 경영·영업 의사결정에 유의적 영향력을 행사할 수 없다.

**타법인출자 현황(상세)**: 상세표 상 출자 목적은 대부분 ""경영참여""이며, 위 종속회사 목록과 대체로 동일한 법인들에 대한 출자내역(최초취득금액, 지분율, 장부가액, 최근사업연도 총자산·당기순손익)이 포함되어 있다. 예: 에스케이하이닉스시스템아이씨㈜ 지분율 100.0%(장부가액 404,928백만원, 총자산 480,620백만원, 당기순손익 -317,017백만원), 행복모아㈜ 지분율 100.0%(장부가액 37,400백만원), 농업회사법인 푸르메소셜팜㈜ 지분율 35.5%(장부가액 2,000백만원) 등.

## 특수관계자 거래
SK하이닉스가 공시한 특수관계자 구분은 다음과 같다.
- **관계기업**: Stratio, Inc., SK China Company Limited, Gemini Partners Pte. Ltd., TCL Fund, SK South East Asia Investment Pte. Ltd., Hushan Xinju (Chengdu) Venture Investment Center(Smartsource), 농업회사법인 푸르메소셜팜㈜, 우시시신파직접회로산업원유한공사, 미래에셋위반도체 제1호창업벤처전문사모투자합작회사, 엘앤에스 10호 Early Stage III 투자조합, SiFive, Inc., YD-SK-KDB 소셜밸류, Ningbo Zhongxin Venture Capital Partnership (Limited Partnership), 강소KVTS반도체과학기술유한회사, SAPEON Inc., SK Japan Inc., SK Americas, Inc.
- **공동기업**: HITECH Semiconductor (Wuxi) Co., Ltd., SK hynix system ic (Wuxi) Co., Ltd. 및 그 종속기업, 반도체성장 전문투자형 사모투자신탁, 시스템반도체 상생 전문투자형 사모투자신탁, 반도체 생태계 일반 사모투자신탁.
- **기타특수관계자**: SK하이닉스에 유의적인 영향력을 행사하는 SK스퀘어㈜ 및 그 종속기업, SK스퀘어㈜의 지배기업인 SK㈜와 그 종속기업(대표적으로 SK텔레콤㈜, SK에코플랜트㈜, SK에너지㈜, SK네트웍스㈜, 에스케이엔펄스㈜, 충청에너지서비스㈜, SK스페셜티㈜, SK실트론㈜, 에스케이에어플러스㈜, Techdream Co., Ltd., 에스케이트리켐㈜, SK쉴더스㈜, SK이노베이션㈜, 에스케이위탁관리부동산투자회사㈜, 클린인더스트리얼위탁관리부동산투자회사㈜, 에프에스케이엘앤에스㈜, PRISM Energy International Pte. Ltd., SK E&S㈜, SK LNG Trading Pte., Ltd., ESSENCORE Limited 등이 개별 거래처로 명시됨).

특수관계자 거래 총액(연결, 단위: 백만원)은 다음과 같다.
- 매출 등: 당기 3,162,837 / 전기 1,113,981
- 매입 등: 당기 3,786,576 / 전기 3,337,018
- 자산취득: 당기 5,493,511 / 전기 1,729,886
- 매출채권 등 잔액: 당기 1,460,414
- 미지급금 등 잔액: 당기 5,454,864

원문 표는 특수관계자 30여개사를 열에 나열하고 그 아래 행에 항목별 금액을 나열하는 구조인데, 일부 셀 값이 빈칸으로 처리되어 있어 개별 회사별 금액을 명확히 1:1로 대응시키기 어려운 항목이 있다(모호성 존재). 다만 SK(주)에 대한 매출 등 금액은 당기 2,726,387백만원으로 추정되며, 이는 SK 브랜드 사용료 등이 포함된 수치로 서술되어 있다. 특수관계자 거래에는 유형자산 구매 및 건설, 스팀·가스·원자재 공급, 시스템 관련 서비스 계약 등 영업활동 과정에서 체결된 약정에 근거한 거래가 포함된다고 명시되어 있다.

## 주요 계약
- Rambus Inc.와 특허 크로스 라이선스 계약(2013.7.1~2034.6.30 계약기간): 반도체 전 제품 기술 관련 램버스 보유 특허 사용권한 확보를 통해 향후 분쟁 가능성 해소 목적.
- Intel Corporation과 영업양수도 계약(2020.10.20 체결): Intel NAND 사업 영업양수. 2차에 걸친 계약금액 최종 지급에 따라 2025년 3월 28일 영업양수도가 최종 종결되었다.

## 대주주 등에 대한 신용공여(대여금)
SK하이닉스는 해외 종속법인에 다수의 장기대여금을 제공하고 있다(기준일 2025.12.31, 단위: USD 백만). 예: SK hynix Semiconductor(Dalian) Co., Ltd.에 대해 2022년 체결된 복수의 장기대여(각 대여금액 1,000백만 달러, 이자율 3M SOFR+1.0% 등, 만기 2027.7.12), SK hynix NAND Product Solutions에 대한 장기대여(대여금액 300백만 달러, 2022.8.11~2026.8.11, 3M SOFR+0.70%) 등 운영자금 목적의 계열사 간 자금대여가 다수 존재한다.

## 연구개발
SK하이닉스는 선행기술연구소, 기반기술연구소, Solution개발연구소 등의 조직을 통해 연구개발을 수행하고 있으며, 모바일용 NAND(UFS 2.2/3.1) 등 다수의 연구과제를 수행하였다. 연구개발비용은 위 ""매출 및 손익 현황"" 항목에 기재된 바와 같다.
"
DB하이텍,"# DB하이텍 사업보고서 요약 (제73기, 2025.12 결산, 기재정정 반영)

## 사업 개요
주식회사 DB하이텍(영문 DB HiTek CO., LTD.)은 1953년 4월 28일 설립되어 1975년 12월 12일 한국거래소 유가증권시장에 상장된 반도체 제조 기업으로, 경기도 부천시에 본사를 두고 있다. DB하이텍은 웨이퍼 수탁 생산 및 판매(파운드리) 사업을 주요 사업으로 영위하며, 부천(FAB1)과 상우(FAB2) 두 곳에 생산공장을 두고 있고 해외 영업을 위해 미국·중국 법인과 대만·일본·유럽 지사를 운영하고 있다. DB하이텍은 8인치(200mm) 순수 파운드리 기업으로, Analog & Power 공정 중심의 다품종 소량 생산에 강점이 있으며 소비가전·스마트폰·TV·자동차·산업용 등 다양한 분야의 제품을 생산한다. 2025년 세계 파운드리 시장은 약 1,497억 달러 규모이며, 이 중 DB하이텍이 영위하는 순수 파운드리(Pure-Play Foundry) 비중은 약 94%로 전망된다.

보고서 작성 기준일 현재 연결대상 종속기업은 17개사(주요종속회사 2개사)이며, 대표적인 주요 종속회사로는 디스플레이 구동 IC(DDI) 제품을 설계·판매하는 (주)DB글로벌칩과 부동산 개발 및 골프장 운영업을 영위하는 (주)DB월드가 있다. 신수종 사업으로 (주)DB월드가 상우산업단지 개발 사업과 연계한 복합도시 조성, 주거·업무시설 개발 등 부동산 개발 사업 진출을 검토하고 있다.

## 매출 및 손익 현황
연결 기준 매출실적(단위: 백만원)은 다음과 같이 구성된다.
| 사업부문 | 품목 | 제73기(당기) | 제72기 | 제71기 |
|---|---|---|---|---|
| 반도체 | Wafer 등 | 1,331,736 | 1,122,718 | 1,154,224 |
| 골프장·부동산 | 그린피·자산관리 등 | 22,435 | 8,450 | - |
| 건설 | 건축/환경플랜트 도급공사 | 2,998 | - | - |
| 합금철 | 합금철(FeMn·SiMn 등) | 40,064 | - | - |
| **합계** | | **1,397,233** | **1,131,168** | **1,154,224** |

매출 비중은 반도체(Wafer 등) 95%, 골프장·부동산 2%, 합금철 3%, 건설 0% 수준이다. 지역별로는 중국 수출이 876,730백만원(당기)으로 가장 크고, 국내 231,540백만원, 미국 128,689백만원, 일본 38,823백만원, 네덜란드 22,678백만원, 대만 60,080백만원, 홍콩 19,328백만원, 싱가포르 5,707백만원 순이다. 판매경로는 대리점 거래(일부 국내·중국 고객), 직거래(대만·일본·유럽 고객 및 일부 국내·중국 고객), 해외법인을 통한 거래(미주·중국 고객)로 구분되며 결제조건은 통상 45~60일이다. 2025년말 현재 재무제표에 중요한 영향을 미치는 장기공급계약에 따른 수주 실적은 없다고 명시되어 있다.

## 주요 매출처·매입처 및 공급관계
DB하이텍은 개별 고객사명을 공개하지 않고 있으나(고객정보 비공개 정책으로 추정), 원재료 매입처는 지배회사 및 주요 종속회사별로 구체적인 업체명을 공시하고 있다.

**지배회사 DB하이텍의 주요 원재료 매입처(당기, 단위: 백만원)**:
- Wafer(공정용, 양산공정용): 매입액 95,920, 매입 비중 44.24%, 매입처 Siltron(SK실트론) / Shin-Etsu(신에츠) 外
- Reticle(Photo Mask, 양산 및 개발용): 매입액 58,390, 비중 26.93%, 매입처 DNP / TPK 外
- Chemical(공정용, 양산공정용): 매입액 42,143, 비중 19.44%, 매입처 동우화인켐 外
- Gas(공정용, 양산공정용): 매입액 12,443, 비중 5.74%, 매입처 SK스페셜티 外
- Target(공정용, 양산공정용): 매입액 2,958, 비중 1.36%, 매입처 KFMI 外
- 부재료(공정용부자재, Line 소모품): 매입액 4,975, 비중 2.29%, 매입처 듀폰(DuPont) 外
- 합계 216,831 (100.00%)

**주요 종속회사 DB글로벌칩의 주요 원재료 매입처(당기, 단위: 백만원)**:
- Wafer(공정용, 양산공정용): 매입액 89,629, 비중 81.41%, 매입처 (주)DB하이텍 外(즉 모회사 DB하이텍으로부터 웨이퍼를 조달)
- Film(공정용, 양산공정용): 매입액 17,441, 비중 15.84%, 매입처 엘지이노텍(주) 外
- Reticle(공정용): 매입액 1,725, 비중 1.57%, 매입처 (주)DB하이텍 外
- Probe Card(양산 및 개발용): 매입액 1,048, 비중 0.95%, 매입처 (주)이큐이엔지 外
- AL Tape(공정용): 매입액 257, 비중 0.23%, 매입처 (주)대현에스티
- 합계 110,101 (100.00%)

원재료 가격변동 관련, Wafer는 전세계 200mm 웨이퍼 수요가 안정화되어 주요 공급사들과 정기협상을 통해 안정적으로 운영 중이며, Chemical 중 Ceria Slurry의 원재료인 Ce-Carbonate(45~50%)는 25년 4분기 국제가가 25년 3분기 대비 소폭 인상(달러당 $1,700→$1,706)되었고, 주요 가스인 NF3 수요는 안정화되어 있다고 서술되어 있다.

## 계열회사·종속회사·타법인출자 현황
DB하이텍은 공정거래위원회 지정 상호출자제한기업집단 ""DB""(지정시기 2021년 5월 1일) 소속회사이며, 기준일(2025.12.31) 현재 DB 기업집단 소속 국내 계열회사는 상장 4개사, 비상장 30개사, 합계 34개사이다.

**계열사간 출자현황(DB 그룹, 2025.12.31 기준, 의결권 있는 주식수 기준)**:
- (주)DB Inc.가 DB하이텍 지분 2.38%, (주)DB글로벌칩 지분 19.52%(주1), (주)DB월드 지분 0.35%, DB커뮤니케이션즈㈜ 지분 5.04% 보유
- (주)DB기술투자는 (주)DB하이텍 지분 51.00%, (주)DB글로벌칩 지분 49.00% 보유
- (주)DB하이텍은 (주)DB글로벌칩 지분 100.00%, (주)코메랜드 지분 2.28% 보유
- (주)DB월드는 (주)코메랜드 지분 73.89%, 동부철구㈜ 지분 49.71% 보유
- DB손해보험㈜은 (주)DB월드 지분 4.80%, DB생명보험㈜ 지분 82.92%, DB증권㈜ 지분 26.83%, DB캐피탈㈜ 지분 94.86%, DB저축은행 지분 49.98% 보유
- 기타 삼동흥산㈜(빌텍 지분 57.86%), 강원흥업㈜(강원일보 지분 19.11%) 등 다수의 DB 계열 지주·금융·비금융 자회사가 상호 지분을 보유하고 있음(전체 지분 매트릭스는 원문 참조, 34개 계열사 전부를 열거하지는 않음)
- 회사와 계열사간 임원 겸직: 양승주(DB하이텍 상근, DB글로벌칩 기타비상무이사 겸직)

**연결대상 종속회사(17개사, 지분율은 당기말 기준)**:
- DB HITEK USA, INC.: 지분율 100.00%(미국 판매법인)
- DB(Shanghai) Hitek Co., Ltd.: 지분율 100.00%(당기 신설, 중국)
- (주)디비글로벌칩: 지분율 100.00%(디스플레이 구동 IC)
- ㈜DB기술투자(구 ㈜DB기술): 지분율 51.00%(당기 중 지분 49%를 특수관계자 (주)DB Inc.에 양도)
- (주)디비월드: 지분율 73.89%(부동산 개발·골프장; 당기 중 관계기업 ㈜디비메탈 흡수합병, ㈜디비월드건설 흡수합병)
- DB Metal USA INC., DB METAL EUROPE GmbH: 지분율 각 100.00%(당기 중 ㈜디비월드의 종속기업으로 편입)
- 코메랜드: 지분율 100.00%(당기 중 ㈜디비월드건설의 취득으로 연결 편입)
- 그 외 다수의 사모투자신탁(DB다같이일반사모증권 투자신탁제100호, KB 리더스일반사모증권 제34호, 코레이트베스트공모주일반사모혼합자산투자신탁, 스틱 공모주 일반사모 혼합자산 투자신탁 제3호, 교보증권 하이 공모주 일반사모투자신탁, DBOCIO자산배분안정형증권투자신탁, 현대인베스트먼트디딤글로벌멀티에셋스마트 EMP증권자투자신탁1호, 디비(DB)신기술투자조합 1호, 디비(DB) 하이테크시너지 1호)가 연결대상에 포함되어 있음

**관계기업 투자(지분법, 당기말 기준, 단위: 백만원)**:
- 동부철구㈜(한국, 철골 공사): 소유지분율 49.71%, 취득원가 5,185, 지분법적용 투자지분(장부금액) 3,810
- 미래에셋헤지펀드셀렉션혼합자산자투자신탁(사모투자재간접형)(금융업): 지분율 39.41%, 지분법적용 투자지분 125,873
- 타임폴리오 The Time-프런티어 TF일반사모 투자신탁(전문)(금융업): 지분율 24.53%, 지분법적용 투자지분 10,865
- (주)디비메탈: 전기 지분율 28.83%였으나 당기 중 (주)디비월드에 흡수합병되어 관계기업에서 제외됨

**타법인출자 현황(요약, 2025.12.31 기준, 단위: 백만원)**: 출자목적별로 경영참여 8개사(기말장부가액 302,907), 단순투자 13개사(기말장부가액 510,128)이며, 전체 21개사 합계 기말장부가액 813,035이다. 출자법인은 모두 비상장기업이다.

## 특수관계자 거래
DB하이텍이 공시한 특수관계자 구분은 다음과 같다.
- **당해 기업을 공동지배하거나 유의적인 영향력을 행사하는 회사**: (주)DB Inc.(DB하이텍의 최대주주격 지주회사)
- **관계기업**: 동부철구㈜, (주)디비메탈(당기 중 (주)디비월드에 흡수합병되어 소멸)
- **관계기업의 종속기업**: (주)디비월드건설(당기 중 (주)디비월드에 흡수합병)
- **그 밖의 특수관계자**(공정거래위원회 지정 대규모기업집단 'DB' 소속회사): DB손해보험㈜, DB생명보험㈜, DB금융투자(DB증권), (주)디비저축은행, DB자산운용㈜, (재)DB김준기문화재단, DB금융서비스㈜, DB캐피탈㈜, (주)삼동흥산, (주)빌텍, 뉴런엔지니어링㈜, (주)탑서브, 동구농원(주), (주)강원일보, 강원흥업(주), 주요경영진

**당기 중 특수관계자와의 매출·매입 거래 등(단위: 백만원)**:
- (주)DB Inc.: 매출 20,067 / 지급수수료 12,446 / 기타비용 14,320 / 고정자산 매입 34,432
- DB손해보험㈜: 매출 2,004 / 기타비용 3,079 / 고정자산 매입 2
- DB생명보험㈜: 매출 469 / 영업외수익 170 / 지급수수료 42 / 기타비용 75
- 디비저축은행: 매출 1,912 / 영업외수익 292 / 기타비용 95
- DB자산운용㈜: 매출 132 / 지급수수료 4
- DB금융투자(DB증권): 매출 3,028 / 지급수수료 5
- (재)DB김준기문화재단: 매출 61
- DB캐피탈㈜: 매출 171
- (주)코메랜드: 기타비용 1,076
- (주)빌텍: 매출 410 / 지급수수료 9,576 / 기타비용 4,794
- 삼동흥산: 매출 110 / 지급수수료 3 / 기타비용 37
- 뉴런엔지니어링(주): 지급수수료 7,212
- (주)탑서브: 영업외수익 17 / 지급수수료 12,759
- 동구농원(주): 기타비용 8
- (주)강원일보: 기타비용 33
- 강원흥업: 기타비용 2,211
- (주)디비메탈(관계기업): 매출 38
- (주)디비월드건설(관계기업의 종속기업): 매출 25 / 기타비용 268 / 고정자산 매입 40,004
- 주요경영진: 매출 73 / 영업외수익 7
- **전체 특수관계자 합계(당기)**: 매출 28,500 / 영업외수익 491 / 지급수수료 42,047 / 기타비용 25,996 / 고정자산 매입 74,438

**당기말 채권·채무 잔액(단위: 백만원, 매출채권/기타채권/매입채무/기타채무/리스부채 순)**:
- (주)DB Inc.: 2,128 / 597 / 10,701 / 8,914 / 0
- DB손해보험㈜: 92 / 5,330 / 0 / 183 / 3,695
- DB생명보험㈜: 0 / 25,446 / 0 / 52 / 0
- 디비저축은행: 0 / 360 / 0 / 59 / 509
- (재)DB김준기문화재단: 2,174 / 0 / 0 / 1,976 / 0
- (주)빌텍: 88 / 0 / 0 / 1,409 / 0
- **전체 특수관계자 합계(당기말)**: 매출채권 4,628 / 기타채권 31,939 / 매입채무 10,764 / 기타채무 14,827 / 리스부채 4,204

**대주주와의 거래(사업보고서 X. 대주주 등과의 거래내용 기준, 단위: 백만원)**:
- 대주주등에 대한 신용공여: 해당사항 없음
- (주)DB Inc. 대상 유가증권 매도(2025.7.1, ㈜디비기술투자 보통주 1,029,000주, 지분매각 통한 협업 도모, 거래금액 4,915, 처분손실 -230)
- (주)DB Inc. 대상 유가증권 매수(2025.12.30, ㈜디비월드 보통주 500,786주, 경영권 강화, 거래금액 3,856)
- (주)코메랜드 대상 유가증권 매수(2025.12.30, ㈜디비월드 보통주 20,000주, 경영권 강화, 거래금액 154)
- (주)디비월드와의 매출/매입거래(2025.1~12, 공사대금 등, 거래금액 90,725백만원) — 별도기준 매출액(24년 기준 991,587백만원)의 5% 이상(49,579백만원)에 해당
- (주)디비글로벌칩과의 매출/매입거래(2025.1~12, 제품 매출 등, 거래금액 50,868백만원)

## 연구개발 및 기타
DB하이텍은 웨이퍼 수탁 생산(Foundry) 사업에서 Analog & Power 공정에 대한 수요 증가로 국내외 전략고객에 대한 제품 생산을 확대하고 있으며, 주요 종속회사 DB글로벌칩은 TV·IT·Mobile용 디스플레이 구동IC(UHD TV, OLED 관련 제품 등)의 국내외(중국·일본 등) 고객 프로모션을 강화하고 있다.
"
오픈엣지테크놀로지,"# 오픈엣지테크놀로지 사업보고서 요약 (제9기, 2025.12 결산)

## 사업 개요
오픈엣지테크놀로지㈜는 2017년 12월 설립된 시스템반도체 설계 IP(Intellectual Property) 기업으로, 자율주행자동차·보안카메라 등 엣지(Edge) 환경에서 인공지능(AI)을 구현하는 데 필요한 반도체 IP를 개발한다. 주력 제품은 고성능 'Total Memory System IP Solution'(브랜드명 OPENEDGES MEMORY SUBSYSTEM, 하위 제품 OMC™·OIC™·OPHY™)과, 이를 NPU(신경망처리장치)와 결합한 'AI Platform IP Solution for Edge Computing'(브랜드명 ENLIGHT™)이다. 오픈엣지테크놀로지는 국내 S사, 미국 I사·M사, 중국 M사, 일본 J사 등 글로벌 Tier-1 기업을 고객사로 확보하고 있다(원문에 익명 처리됨).

연혁상 주요 사업 확장으로, 2019년 12월 캐나다 소재 The Six Semiconductor Inc.(TSS)를 인수해 R&D 역량을 강화하였고, 2021년 7월 미국 현지법인 OPENEDGES TECHNOLOGY CORPORATION(OTC)을 설립하였으며(2025년 8월 청산 완료), 2023년 8월에는 멀티코어 프로세서 기반 IP 개발 및 세일즈 플랫폼 사업을 위해 국내 공동기업 오픈엣지스퀘어㈜와 그 미국 자회사 OPENEDGES SQUARE CORPORATION(OSC)을 설립하였다. 2024년 3월에는 일본 반도체 IP 시장 확대를 위해 Openedges Technology Japan Inc.(OTJ)를 설립하였다.

## 매출 및 손익 현황
연결 기준 매출유형별 실적(단위: 백만원, 괄호는 매출 비중):
| 매출유형 | 제9기(2025) | 제8기(2024) | 제7기(2023) |
|---|---|---|---|
| 라이선스 | 10,858 (67.61%) | 10,997 (71.74%) | 14,852 (75.79%) |
| 유지/보수 | 4,198 (26.14%) | 3,290 (21.46%) | 2,308 (11.78%) |
| 로열티 | 102 (0.64%) | 83 (0.54%) | 71 (0.36%) |
| 기타(종속·공동기업 거래) | 901 (5.61%) | 958 (6.25%) | 2,364 (12.06%) |
| **합계** | **16,059** | **15,328** | **19,595** |

수출/내수 구분(제9기 기준): 수출 8,176백만원(50.9%), 내수 7,883백만원(49.1%). 라이선스 매출은 제9기 수출 6,442백만원(40.1%)·내수 4,416백만원(27.5%)으로 구성된다. 판매가격은 고객사별 요구 사양에 따라 상이하고 영업기밀에 해당하여 단가를 별도 기재하지 않았다. 원재료 및 생산설비는 IP 개발 기업 특성상 ""해당사항 없음""으로 명시되어 있다.

## 주요 매출처 및 판매·공급관계
오픈엣지테크놀로지는 IP 제품 전체에 대해 직판 체제로 운영하며, 주요매출처는 익명화되어 있으나 매출 규모는 구체적으로 공시된다(연결 기준, 단위: 백만원).

| 매출처명 | 제9기(2025) 매출액(비율) | 제8기(2024) | 제7기(2023) |
|---|---|---|---|
| A사 | 3,651 (22.7%) | 0 | 0 |
| B사 | 3,035 (18.9%) | 3,808 (24.8%) | 759 (3.9%) |
| C사 | 3,033 (18.9%) | 1,285 (8.4%) | 0 |
| D사 | 1,368 (8.5%) | 27 (0.17%) | 0 |
| E사 | 951 (5.9%) | 0 | 0 |
| 기타 | 4,021 (25.0%) | 10,209 (66.6%) | 18,836 (96.1%) |
| **합계** | **16,059** | **15,328** | **19,595** |

상위 5개 매출처(A~E사)의 매출 비중 합계가 제9기 74.9%로 매출 집중도가 매우 높다. 판매전략상 두 핵심 고객군으로 ① Global Tier-1 고객사(M사, I사, S사 등 Track Record 보유, 이를 기반으로 중국 내 3,451개(2023년 기준) 이상의 중소형 팹리스 고객 풀 확대 추진), ② Design House 고객사가 있다. TSMC의 Design House 파트너(VCA)는 ASICLAND, GUC, Alchip, OpenFive이며, Samsung Foundry의 Design House 파트너(DSP)는 Gaonchips(가온칩스), ADT(에이디테크놀로지), SemiFive(국내), Faraday, Sondrel, DreamChips(해외)로 명시되어 있다. 오픈엣지테크놀로지는 Samsung Foundry의 SAFE(Samsung Advanced Foundry Ecosystem) IP Partner 프로그램에 참여 중이며, Samsung Foundry DSP 업체인 국내 디자인하우스 S사·G사·A사(원문 익명)와 파트너십을 맺어 상호 고객사를 소개하는 전략을 추진하고 있다. 국내 시장에서는 On-Chip Interconnect(OIC™)가 T사·N사 등 주요 팹리스 업체에 라이선스되었다. 원재료 매입처에 관한 기재는 없다(IP 설계 기업으로 원재료 해당사항 없음).

## 계열회사·종속회사·타법인출자 현황
오픈엣지테크놀로지는 공정거래위원회 지정 대규모기업집단에 해당하지 않으며, 작성기준일(2025.12.31) 현재 계열회사(종속회사) 2개사를 보유하고 있다.
- **The Six Semiconductor Inc.**(캐나다, 종속기업): 지분율 100%(당기말·전기말 동일). 2019년 12월 인수, AMD 등에서 CPU·GPU 설계·양산 경험을 보유한 엔지니어들로 구성.
- **Openedges Technology Japan Inc.(OTJ)**(일본, 종속기업): 지분율 100%(전기 출자설립).
- **OPENEDGES TECHNOLOGY CORPORATION(OTC)**(미국, 舊 종속기업): 지분율 전기말 100% → 당기 중(2025.8.13) 경영 효율화 및 해외 영업 거점 재편을 위해 청산 완료.
- **오픈엣지스퀘어㈜**(국내, 공동기업): 지분율 당기말 65%(전기말 50%), 멀티코어 프로세서 기반 IP 개발 및 세일즈 플랫폼 사업. 당기 중 보통주 11,999,972천원을 추가 출자하였다.
- **OPENEDGES SQUARE CORPORATION(OSC)**(미국, 오픈엣지스퀘어㈜의 100% 지분 종속기업): 기타 특수관계자로 분류.

**타법인출자 현황(요약, 2025.12.31 기준, 단위: 천원)**: 출자목적 전액 ""경영참여""로 출자회사 3개사, 기초장부가액 31,139,546천원, 증가(감소) -7,567,678천원(OTC 청산 등 반영), 기말장부가액 30,718,362천원. 일반투자·단순투자 목적 출자는 없다.

**계열회사간 임원 겸직**: 이성현(The Six Semiconductor Inc. 사내이사, 오픈엣지스퀘어㈜ 대표이사, OPENEDGES SQUARE CORPORATION 대표이사, OPENEDGES TECHNOLOGY Japan Inc. 대표이사, 모두 비상근), 이우연(The Six Semiconductor Inc. 사내이사, 오픈엣지스퀘어㈜ 감사, OPENEDGES SQUARE CORPORATION 사내이사, OPENEDGES TECHNOLOGY Japan Inc. 사내이사, 모두 비상근).

## 특수관계자 거래
오픈엣지테크놀로지가 공시한 특수관계자 및 거래내역은 다음과 같다(연결 기준).

**특수관계자 지분율**(당기말/전기말): The Six Semiconductor Inc.(종속기업) 100%/100%, OPENEDGES TECHNOLOGY CORPORATION(종속기업) -/100%(당기 청산), OPENEDGES TECHNOLOGY JAPAN INC.(종속기업) 100%/100%, 오픈엣지스퀘어㈜(공동기업) 65%/50%, OPENEDGES SQUARE CORPORATION(기타, 오픈엣지스퀘어의 종속기업).

**당기 특수관계자 거래(단위: 천원)**:
- The Six Semiconductor Inc.(종속기업): 경상연구개발비(비용) 19,960,170 — 오픈엣지테크놀로지가 R&D 위탁 대가로 지급하는 가장 큰 특수관계자 거래
- OPENEDGES TECHNOLOGY CORPORATION(종속기업): 경상연구개발비 352,870
- OPENEDGES TECHNOLOGY JAPAN INC.(종속기업): 경상연구개발비 1,059,691
- 오픈엣지스퀘어㈜(공동기업): 매출 666,197, 이자비용 5,972 (오픈엣지테크놀로지가 오픈엣지스퀘어에 매출을 발생시키는 관계)
- 합계: 매출 666,197 / 경상연구개발비 21,372,731 / 이자비용 5,972

전기 대비 The Six Semiconductor Inc.에 대한 경상연구개발비는 18,816,525천원(전기)에서 19,960,170천원(당기)으로 증가하였다.

**당기말 채권·채무 잔액(단위: 천원)**:
- The Six Semiconductor Inc.: 미지급금 2,092,848
- OPENEDGES TECHNOLOGY JAPAN INC.: 미지급금 99,682
- 오픈엣지스퀘어㈜: 매출채권 133,108, 리스채권 96,871, 미수금 29,680, 임대보증금(채무) 68,571
- 합계: 매출채권 133,108 / 리스채권 96,871 / 미수금 29,680 / 미지급금 2,192,530 / 임대보증금 68,571

**특수관계자와의 자금거래**(당기, 단위: 천원): 오픈엣지스퀘어㈜에 대해 타법인출자(현금출자) 형태로 자금이 투입되었으며, OTC 청산에 따른 청산대금 회수 등이 발생하였다(세부 항목은 위 ""계열회사·종속회사·타법인출자 현황"" 참조).

## 연구개발 및 위험관리
오픈엣지테크놀로지의 R&D는 자회사 The Six Semiconductor Inc.(캐나다)에 상당 부분 위탁되어 있으며(경상연구개발비 연간 약 199억원 규모), OPENEDGES TECHNOLOGY JAPAN INC. 및 (청산 전) OPENEDGES TECHNOLOGY CORPORATION에도 각각 연구개발비가 지급되었다. 신용위험은 매출채권·계약자산 및 금융기관 예치금에서 발생하며, 독립 신용등급이 없는 거래처는 재무상태·과거경험 등을 고려해 내부 평가한다.
"
칩스앤미디어,"# 칩스앤미디어 사업보고서 요약 (제23기, 2025.12 결산)

## 사업 개요
㈜칩스앤미디어는 시스템 반도체 설계자산(Silicon IP) 개발 및 판매를 사업 목적으로 하는 반도체 IP 전문업체로, 비디오 IP(비디오 코덱)를 주력으로 반도체 칩 제조사에 라이선스한다. 매출은 IP 공급 시점의 라이선스 매출, 고객사의 칩 판매에 연동되는 로열티 매출, 유지보수 용역 매출로 구성되며, 2025년(제23기) 기준 라이선스 59.9%(17,065백만원), 로열티 35.3%(10,052백만원), 용역 4.7%(1,350백만원)로 구성된다. 2023년 슈퍼 레졸루션(SR)·노이즈 리덕션(NR)·객체검출(OD) 기능을 지원하는 자체 NPU(제품명 WAVE-N)를 개발 완료하여 2024년 하반기 첫 라이선스 매출을 달성하였다. 미국의 화웨이·하이실리콘 제재로 하이실리콘이 약 70%를 점유했던 IP 카메라 시장을 칩스앤미디어의 고객사가 대체해 나가면서 관련 로열티 수입이 증가하는 추세라고 서술되어 있다. 2024년 9월에는 중국 AI SoC 기업과 합작법인(JV)을 설립하여 현지에서 IP 재판매(re-sale) 및 디자인서비스를 제공하고 있으며, 본 보고서 작성 기준일까지 JV를 통해 3건의 신규 라이선스를 체결하였다.

## 매출 및 손익 현황
연결 기준 매출유형별 실적(단위: 천원):
| 구분 | 2025년(제23기) | 2024년(제22기) | 2023년(제21기) |
|---|---|---|---|
| 라이선스 | 17,065,359 | 15,192,539 | 15,646,426 |
| 로열티 | 10,051,559 | 10,515,514 | 10,743,700 |
| 용역 | 1,350,218 | 1,367,372 | 1,179,368 |
| **합계** | **28,467,136** | **27,075,424** | **27,569,494** |

수출 비중이 매우 높아 2025년 기준 수출 26,544,918천원(93.2%), 내수 1,922,218천원(6.8%)이다. 라이선스 매출 중 수출 비중은 92%(15,694,699천원, 약 1,098만 달러)이다. 원재료 매입은 사업 특성상 상품·원재료·부재료·저장품·외주가공비가 없으며, 연구개발 관련 소프트웨어 구매·라이선스와 외주개발이 매입의 대부분을 차지한다(2025년 매입 총액 1,986,934천원).

## 주요 매입처
칩스앤미디어의 매입은 연구개발용 소프트웨어 라이선스 및 외주개발 용역이 대부분이며, 주요 매입처(2025년, 단위: 천원)는 다음과 같다.
- 시높시스코리아(국내, 소프트웨어): 653,846
- 제이씨텍(국내, 소프트웨어): 172,138
- 한국지멘스일렉트로닉디자인오토메이션(국내, 소프트웨어): 139,053
- ALLEGRO(수입, 소프트웨어): 113,040 — 프랑스 소재 비디오 테스트 스트림 업체로, 사업 개요에서 ""당사도 Allegro의 비디오 테스트 스트림을 구매하여 사용"" 중이며 동시에 비디오 코덱 IP 분야의 경쟁사로도 소개됨
- ARM Limited(수입, 소프트웨어): 72,910
- Collabora Limited(수입, 소프트웨어): 2025년 매입 없음(2024년 5,668천원, 2023년 186,202천원)
- (주)이에스컴소프트, (주)소프트베르크(국내): 2025년 매입 없음(2024년 이전 실적 존재)
- 기타: 835,947
- 2025년 매입 합계: 1,986,934 (국책과제 매입분 제외 기준)

## 주요 매출처 및 판매·공급관계
칩스앤미디어는 시스템 반도체 산업이 발달한 미국·일본·대만·중국·한국에 법인 또는 영업사무소를 두고 기술영업(직접 영업)으로 매출을 창출한다. 주요매출처는 익명화되어 있으나 구체적 매출액이 공시된다(연결 기준, 2025년/제23기, 단위: 천원).

| 매출처 | 매출유형별 금액 | 매출 비중 |
|---|---|---|
| A사 | 라이선스 584,010 / 로열티 2,730,475 / 용역 104,358 | 12.01% |
| B사 | 라이선스 3,017,824 / 용역 317,581 | 11.72% |
| C사 | 라이선스 2,975,189 | 10.45% |
| D사 | 로열티 2,722,347 | 9.56% |
| E사 | 라이선스 1,400,049 / 로열티 583,599 / 용역 241,613 | 7.82% |
| F사 | 라이선스 2,082,265 / 용역 64,883 | 7.54% |
| 기타(40개사) | - | 40.90% |
| **합계** | | **100%(28,467,136천원)** |

상위 6개 매출처 매출 비중 합계가 약 59.1%로 고객 집중도가 높은 편이다. 참고로 매출처 ""C사""의 라이선스 매출 2,975,189천원은, 아래 특수관계자 거래 내역상 관계기업 동심매과학기술(소주)유한회사에 대한 당기 매출 2,975,189천원과 금액이 정확히 일치하여 동일 거래처일 가능성이 높다(원문에서 직접 명시하지는 않음).

칩스앤미디어의 전통적 고객군은 팹리스 업체였으나, 2019년 이후 대형 IT 플랫폼 기업(2019년 하반기 해외 대형 IT 플랫폼 기업의 데이터센터 칩에 IP 라이선스 개시) 및 국내외 디자인하우스로 고객군이 확대되고 있다. IP 파트너 전략상 Foundry(고객 제공 IP List 등재), IP 업체(고객 정보 공유·공동 마케팅), Design House(일괄 공급 솔루션 공동 마케팅)의 3가지 파트너십 유형을 운영한다. 경쟁사로는 중국 VeriSilicon Microelectronics(2020년 상해 상장), 프랑스 Allegro DVT(2019년 Amphion 인수), 중국 ARM China(Arm Holdings의 중국 합작법인) 등이 명시되어 있다.

## 계열회사·종속회사·타법인출자 현황
칩스앤미디어는 대규모기업집단에 해당하지 않으며, 기준일(2025.12.31) 현재 계열회사 3개사(상장 0, 비상장 3)를 보유하고 있다.
- **심매반도체유한공사(舊 심매반도채(상해)유한공사)**(중국 상해, 종속기업): 지분율 100%. 등록자본금 미화 25만 달러이며 주식은 발행되지 않음.
- **Chips&Media USA, Inc.**(미국, 종속기업): 지분율 100%. 북미권 영업활동을 위해 10,696천원을 투자하여 2018년 3월 12일 설립.
- **동심매과학기술(소주)유한회사**(중국 소주, 관계기업): 지분율 40%. 2024년 8월 26일 이사회에서 출자 결정, 취득금액 36,000,000위안(계약일 매매기준율 CNY1.00=KRW187.60 적용 시 원화 약 67억 5,360만원), 취득 예정일(출자금 100% 납입 완료 예정일)은 2026년 10월 20일이다.

**타법인출자 현황(요약, 2025.12.31 기준, 단위: 백만원)**: 출자목적 전액 ""경영참여""로 3개사, 기초장부가액 2,035, 기말장부가액 3,872.

**계열회사간 임원 겸직**: 김상현(칩스앤미디어 대표이사, Chips&Media USA Inc. 비상근 대표이사 겸 동심매과학기술(소주)유한회사 비상근 이사 겸직), 이호(칩스앤미디어 사내이사, 심매반도체유한공사 비상근 감사·Chips&Media USA Inc. 비상근 이사·동심매과학기술(소주)유한회사 비상근 이사 겸직), 강원모(칩스앤미디어 상무, 심매반도체유한공사 비상근 법인장 겸직).

## 특수관계자 거래
칩스앤미디어가 공시한 특수관계자는 다음과 같다(연결 기준).
- **최대주주**: 한투반도체투자 주식회사
- **종속기업**: 심매반도체(상해)유한공사, Chips&Media USA, Inc.
- **관계기업**: 동심매과학기술(소주)유한회사
- **주요경영진**: 대표이사 등

**당기 특수관계자 거래(연결 기준, 단위: 천원)**:
- 한투반도체투자 주식회사(최대주주): 배당금지급 665,186
- 심매반도체(상해)유한공사(종속기업): 기타비용 480,360(전기 519,566)
- Chips&Media USA, Inc.(종속기업): 기타비용 982,831(전기 521,114)
- 동심매과학기술(소주)유한회사(관계기업): 매출 2,975,189, 기타비용 712,900(전기 매출 4,862,950)
- 대표이사 등: 배당금지급 64,992
- **합계(연결)**: 매출 2,975,189 / 배당금지급 730,178 / 기타비용 2,176,091

**당기말 채권·채무 잔액(연결 기준, 단위: 천원)**:
- Chips&Media USA, Inc.: 기타채권 277,742
- 동심매과학기술(소주)유한회사: 매출채권 및 계약자산 4,345,379, 기타채권 712,900
- 합계: 매출채권 및 계약자산 4,345,379 / 기타채권 990,642

**특수관계자 자금거래**(단위: 천원): 동심매과학기술(소주)유한회사에 대한 관계기업 출자 당기 1,837,000, 전기 1,748,455.

**주요 경영진 보상**(단위: 천원, 당기): 단기종업원급여 2,403,042, 주식보상비용 78,258, 퇴직급여 202,634, 기타장기급여 -38,311, 합계 2,645,623.

**대주주 등과의 거래내용**: 대주주등에 대한 신용공여, 대주주와의 자산양수도, 대주주와의 영업거래 모두 ""해당사항 없음""으로 명시되어 있다.

## 연구개발
칩스앤미디어의 연구개발 조직은 서울 및 대구 연구소 총 8개 팀으로 구성되며, 비디오 코덱과 NPU 개발·기술지원을 담당한다. 유형자산은 일반 생산설비 없이 IP 개발용 FPGA·PC 등 개인용 개발 장비와 테스트 서버 중심이다(2025년말 유형자산 기말가액 합계 4,545,791천원, 이 중 사용권자산이 4,046,402천원으로 대부분 차지).
"
퀄리타스반도체,"# 퀄리타스반도체 사업보고서 요약 (2025년 결산)

## 사업 개요
퀄리타스반도체는 초고속 인터커넥트(Interconnect) 반도체 설계 기술과 초미세 반도체 공정 설계·검증 기술을 바탕으로 초고속 인터페이스(HSI) IP 라이선싱 및 디자인 서비스(Design Service) 사업을 주력으로 영위하는 반도체 설계자산(IP) 전문기업이다. 핵심 기술은 SERDES(Serializer/Deserializer)이며, MIPI PHY/Controller IP, Video Encoder/Decoder IP, PCIe IP(4.0/5.0/6.0), 디스플레이칩셋(TCON, Intra-Panel) 인터페이스 IP, Multi-Level Signaling SERDES(100G SERDES, MSS PHY), 차세대 칩렛 인터페이스 UCIe PHY/Controller IP 등 폭넓은 제품 포트폴리오를 보유하고 있다. 8nm 공정의 PCIe 4.0 PHY IP를 라이선싱 중이며, PCIe 5.0/6.0 PHY IP를 4nm·5nm·8nm 공정에서 개발 완료하였다. 과학기술정보통신부가 주관하는 ""인공지능 및 자동차 SoC용 칩렛 인터페이스 개발을 위한 Tbps급 인터페이스 IP 및 실리콘 포토닉스 응용기술 개발 과제""의 주관연구개발기관으로 선정되어 UCIe v2.0 규격 개발을 진행하고 있다. 파운드리를 이용하는 SoC 개발사 및 디자인하우스 등을 대상으로 2020년부터 다수의 IP 양산 실적을 기록하고 있다.

## 매출 및 손익 현황
제품별 매출 실적(단위: 백만원, 비율은 매출 비중):
| 제품명 | 2025년 | 2024년 | 2023년 |
|---|---|---|---|
| MIPI IP | 2,659 (49.71%) | 2,635 (43.37%) | 2,443 (22.67%) |
| Display Chipset IP | 1,674 (31.28%) | 1,044 (17.18%) | 7,317 (67.91%) |
| PCIe IP | 949 (17.73%) | 2,396 (39.45%) | 1,008 (9.35%) |
| UCIe IP | 44 (0.82%) | - | - |
| SERDES IP | 20 (0.37%) | - | - |
| PLL IP | 5 (0.09%) | - | - |
| **합계** | **5,351** | **6,075** | **10,775** |

2025년 매출은 전년 대비 감소하였으며, 사업부문별로는 IP Design Service(526백만원), IP Licensing(Display Chipset 1,674 + MIPI 1,313 + PCIe 262 + UCIe 44 + SERDES 20 + PLL 5), IP Sub-Licensing(MIPI 820 + PCIe 687)으로 구성된다. 수출 2,700백만원, 내수 2,651백만원으로 균형적 구성이다. IP 매출 특성상 계약별로 공정·업무범위가 달라 가격을 특정할 수 없어 가격변동추이는 기재하지 않았다. 원재료 및 생산설비는 사업 특성상 해당사항 없음으로 명시되어 있다.

## 주요 매출처
퀄리타스반도체는 파운드리를 이용하는 SoC 개발사 및 디자인하우스를 대상으로 IP를 제공하며, 매출처는 원문에서 익명 처리되어 있으나 금액은 구체적으로 공시된다(단위: 백만원).
| 매출처 | 2025년 | 2024년 | 2023년 |
|---|---|---|---|
| A | 1,842 (34.42%) | 1,574 (25.91%) | 8,240 (76.48%) |
| B | 945 (17.66%) | 379 (6.24%) | 38 (0.35%) |
| C | 660 (12.33%) | 388 (6.39%) | 106 (0.98%) |
| 기타 | 1,904 (35.59%) | 3,734 | - |

상위 3개 매출처 비중 합계가 2025년 64.4%로 고객 집중도가 매우 높다. 다만 단일판매·공급계약체결 공시 내역에는 실명이 확인되는 고객사가 있다 — **VeriSilicon, Inc.**와 2025년 1월 9일 ""반도체 설계자산(IP) 라이선스 계약(4nm PCIe 6.0 PHY IP)""을 체결하였으며(계약기간 2025.1.9~2028.1.8), 계약금액총액은 확정 600,000 USD + 조건부 1,100,000 USD 구조이고 판매·공급금액 누적 161,152 USD, 대금수령 누적 500,000 USD이다. 그 외 다수의 IP 라이선스 계약은 계약상대방이 ""유보항목""으로 비공개 처리되어 있다(2023.11.20 계약, 계약금액 2,312,200 USD; 2025.2.13, 2025.9.16, 2025.10.31, 2025.11.4, 2025.12.15, 2025.12.23 체결 계약 등 다수).

## 계열회사·종속회사·타법인출자 현황
퀄리타스반도체는 대규모기업집단에 속하지 않으며, 기준일(2025.12.31) 현재 **계열회사(종속회사)가 없다**(계열회사 수 0개사). 종속회사 및 관계기업 관련 서술도 원문에 없다.

**타법인출자 현황(요약, 2025.12.31 기준, 단위: 백만원)**: 일반투자 목적 1개사에 대해서만 출자하고 있으며, 경영참여·단순투자 목적의 출자는 없다. 기초장부가액 1,973, 평가손익 -36, 기말장부가액 1,937.
- **삼성-AFWP AI반도체신기술투자조합 제1호**(비상장, 최초취득일 2024.5.31, 출자목적 사업협력 및 투자차익): 취득금액 2,000백만원, 지분율 2.79%, 기말장부가액 1,973백만원(최근사업연도재무현황 총자산 2,000백만원 기준)

## 특수관계자 거래
퀄리타스반도체가 공시한 특수관계자는 **기타특수관계자**(주요 경영진 등)로 한정되며, **당기 및 전기 중 특수관계자와의 거래 내역은 없다**고 명시되어 있다. 당기말 및 전기말 현재 특수관계자와의 거래에서 발생한 채권·채무 내역도 존재하지 않는다. 다만 주요 경영진에 대한 보상(단기종업원급여 등)은 존재하며, 당기말 현재 퀄리타스반도체는 특수관계자로부터 보증을 제공받고 있다고 기재되어 있다(구체적 보증 제공자·금액은 재무제표 주석 33 참조로 안내되어 있으며 본문에 상세 수치는 제시되지 않음).

**대주주 등과의 거래내용**: 대주주등에 대한 신용공여, 대주주와의 자산양수도, 대주주와의 영업거래, 대주주에 대한 주식기준보상 거래, 대주주 이외의 이해관계자와의 거래 모두 ""해당사항 없음""으로 명시되어 있다.

## 판매경로 및 전략
퀄리타스반도체는 국내외 시장에서 사업부 중심의 통합 운영 체제를 통해 사업 및 계약을 총괄하며, 별도의 판매 조직 없이 직접 판매 체제를 운영한다. IP 포트폴리오 다각화와 해외 주요 거점 지역의 파트너십 확대를 통해 글로벌 시장 입지를 강화하는 전략을 추진하고 있다.
"
가온칩스,"# 가온칩스 사업보고서 요약 (제14기, 2025.12 결산)

## 사업 개요
㈜가온칩스는 2012년 설립된 시스템 반도체 설계 전문 기업으로, **삼성 파운드리의 공식 디자인 솔루션 파트너(DSP, Design Solution Partner)** 및 **Arm Approved Design Partner(AADP)**로서 팹리스(Fabless)와 파운드리(Foundry) 사이에서 가교 역할을 수행하는 디자인 솔루션(디자인하우스) 사업을 영위한다. SoC Spec 협의·설계부터 Physical Implementation, 웨이퍼 생산 및 관리, 품질관리(QA), 패키징·테스트 디자인까지 반도체 개발 전 과정을 지원하는 원스톱(One-Stop) 디자인 솔루션을 제공한다. 2나노 GAA(Gate-All-Around) 공정 기반의 데이터센터·HPC용 대형(Big Die) AI 반도체 및 Edge용 생성형 AI 반도체를 개발하고 있으며, IP·EDA·Foundry·OSAT 등 반도체 생태계 주요 파트너들과 협력 체계를 구축하고 있다. 사업 영역은 AI/HPC(AI Accelerator, 데이터센터, 클라우드), Automotive(ADAS, Digital Cockpit, Vision/Network Processor), Consumer(디스플레이·가전 MCU·프린터 SoC·AIoT), Industrial(보안 SoC, 네트워크 카메라, 드론)로 구분된다. 2022년 9월 일본 법인, 2024년 1월 미국 법인을 설립하여 글로벌 고객 대응 체계를 구축하였다.

## 매출 및 손익 현황
매출유형별 실적(단위: 백만원, 비율은 매출 비중):
| 구분 | 제14기(2025) | 제13기(2024) | 제12기(2023) |
|---|---|---|---|
| Automotive(제품) | 30,621 (44.70%) | 21,253 (22.03%) | 14,568 (22.91%) |
| 인공지능(AI)(제품) | 27,613 (40.31%) | 48,938 (50.70%) | 9,328 (14.67%) |
| IP개발(제품) | 1,097 (1.60%) | 2,977 (3.09%) | 3,162 (4.97%) |
| 보안(Security)(제품) | 674 (0.98%) | 9,259 (9.60%) | 9,746 (15.32%) |
| 디스플레이(제품) | 460 (0.67%) | 598 (0.62%) | 2,592 (4.08%) |
| 사물인터넷(IoT)(제품) | 100 (0.15%) | 87 (0.09%) | 1,067 (1.68%) |
| 제품매출 소계 | 60,565 (88.40%) | 83,112 (86.13%) | 40,463 (63.62%) |
| 용역매출 | 7,945 (11.60%) | 13,380 (13.87%) | 23,134 (36.38%) |
| **총 매출액** | **68,510** | **96,492** | **63,597** |

2025년 매출은 전년 대비 감소하였으나(96,492→68,510백만원) Automotive·AI 응용시장이 여전히 매출의 85%를 차지한다. 매출은 내수 38,389+7,743백만원, 수출 22,176+202백만원으로 구성되며 제품 가격은 다품종 소량생산 및 고객별 파운드리 공정 차이로 단가를 별도 기재하지 않았다.

## 주요 원재료 매입처 및 공급관계
가온칩스는 자체 생산설비 없이 전량 외주(위탁) 생산을 진행하는 팹리스형 디자인하우스이다. 매입은 외주가공비(FAB, 패키징, 기타)와 원재료(IP)로 구성된다(단위: 백만원).
| 구분 | 제14기(2025) | 제13기(2024) | 제12기(2023) |
|---|---|---|---|
| 외주가공비-FAB(국내) | 22,368 | 31,819 | 16,319 |
| 외주가공비-FAB(수입) | 8,978 | 2,469 | 2,619 |
| 외주가공비-패키징(국내) | 1,010 | 1,293 | 470 |
| 외주가공비-기타(국내+수입) | 1,370 | 2,330 | 4,179 |
| 원재료-IP(국내) | 7,901 | 9,215 | 1,839 |
| 원재료-IP(수입) | 2,182 | 7,980 | 5,447 |
| **총합계** | **43,809** | **55,106** | **30,873** |

Foundry Wafer 평균 단가는 제14기(2025년) 1매당 4,411 USD(제13기 4,857 USD, 제12기 4,910 USD)이다. 주요 원재료 품목별 매입 비중 및 구체적 매입 업체명은 영업기밀에 해당하여 기재를 생략하였으며, 원문에 ""당사와 특수한 관계는 없습니다""라고 명시되어 있다(즉 매입처는 특수관계자가 아님). 생산 위탁업체(Foundry·Package·Test) 역시 영업기밀을 이유로 업체명이 공개되지 않았고, 이들 업체와도 특수관계가 없다고 명시되어 있다.

## 주요 매출처
가온칩스의 주요 매출처는 시스템 반도체 설계를 전문으로 하는 팹리스 기업으로, 매출처명은 익명 처리되어 있으나 금액은 구체적으로 공시된다(단위: 백만원).
| 매출처 | 제14기(2025) | 제13기(2024) | 제12기(2023) |
|---|---|---|---|
| A사 | 22,378 (32.66%) | 25,274 (26.19%) | 35,453 (55.75%) |
| B사 | 19,990 (29.18%) | 22,301 (23.11%) | 8,741 (13.74%) |
| C사 | 13,262 (19.36%) | 11,788 (12.22%) | 4,883 (7.68%) |
| D사 | 5,174 (7.55%) | 10,914 (11.31%) | 2,734 (4.30%) |
| E사 | 1,556 (2.27%) | 8,891 (9.21%) | 1,737 (2.73%) |
| 기타 | 6,150 (8.98%) | 17,324 (17.96%) | 10,049 (15.80%) |
| **합계** | **68,510** | **96,492** | **63,597** |

상위 5개 매출처 매출 비중 합계가 2025년 91.0%(A~E사)로 고객 집중도가 극도로 높다. 특히 A사와 B사 두 곳이 2025년 매출의 61.8%를 차지한다. 판매경로상 별도 대리점 없이 자체 영업 조직을 통한 직접 판매 체제이며, 일본 법인(GAONCHIPS JAPAN)을 중심으로 시스템 반도체 개발 과제를 수주하고 있다.

## 계열회사·종속회사·타법인출자 현황
가온칩스는 ""GAONCHIPS"" 기업집단(대규모기업집단 지정 아님)으로 기준일(2025.12.31) 현재 계열회사(전부 비상장) 2개사를 보유하고 있다.
- **GAONCHIPS JAPAN Co., Ltd.**(일본, 종속기업): 지분율 100.00%(당기말·전기말 동일). 가온칩스와 고객과의 거래에서 대리인(Agent) 역할을 수행한다고 명시되어 있다.
- **GAONCHIPS AMERICA INC.**(미국, 종속기업): 지분율 100.00%(당기말·전기말 동일). 전기 중 현금출자 535,640천원.

**타법인출자 현황(요약, 2025.12.31 기준, 단위: 백만원)**: 출자목적 전액 ""경영참여""로 2개사(위 GAONCHIPS JAPAN·GAONCHIPS AMERICA), 기말장부가액 1,016.

## 특수관계자 거래
가온칩스가 공시한 특수관계자는 종속기업 2개사(GAONCHIPS JAPAN Co., Ltd., GAONCHIPS AMERICA INC.)이다.

**당기 특수관계자 거래(단위: 천원)**:
- GAONCHIPS JAPAN Co., Ltd.: 매입 등 903,101(전기 602,225)
- GAONCHIPS AMERICA INC.: 매입 등 204,009(전기 148,809)
- 합계: 매입 등 1,107,110(전기 751,034); 특수관계자에 대한 매출은 당기·전기 모두 없음

**당기말 채권·채무 잔액(단위: 천원)**:
- GAONCHIPS JAPAN Co., Ltd.: 기타채무 68,610(전기말 기타채권 7,590,439, 기타채무 95,665 — 전기 대비 채권이 크게 감소)
- GAONCHIPS AMERICA INC.: 기타채무 16,607(전기말 기타채무 17,704)

**주요 경영진 보상**(단위: 천원): 당기 단기종업원급여 904,646, 기타장기종업원급여 4,741, 퇴직급여 162,134, 합계 1,071,521(전기 1,187,636).

당기말 현재 가온칩스가 특수관계자에게 제공받고 있는 지급보증 내역은 없다.

**대주주 등과의 거래내용**: 대주주등에 대한 신용공여, 대주주와의 자산양수도 모두 ""해당사항 없음""으로 명시되어 있다.

## 인력 및 기타
2025년 12월 31일 기준 가온칩스 임직원은 267명이며, 이 중 연구개발 및 기술인력이 약 86%(230명)를 차지한다. 판매 전략은 (1) 삼성 파운드리와의 협력·파트너십 강화를 통한 선단 공정 디자인 솔루션 조기 확보, (2) 차량용·AI 반도체 개발 기술력을 바탕으로 한 신규 고객사 발굴, (3) 해외 시장 개척의 3가지로 구성된다.
"
에이디테크놀로지,"주1) 참고: 실제 DART 종목코드는 200710이며(049080은 ㈜기가레인의 종목코드), 사업보고서 원문을 확인하여 회사명이 에이디테크놀로지임을 검증한 뒤 정확한 종목코드(200710)로 재조회하여 아래 요약을 작성함.

# 에이디테크놀로지 사업보고서 요약 (제24기, 2025.12 결산)

## 사업 개요
에이디테크놀로지는 2002년 설립된 국내 시스템 반도체 디자인하우스 선두 기업이다. 초기 TSMC의 가치사슬협력자(VCA, Value Chain Aggregator)로 사업을 시작하였으며, 2020년 삼성 파운드리의 공식 DSP(Design Solution Partner)로 전환하여 TSMC와 삼성 파운드리 양측의 공정 경험을 모두 보유한 드문 디자인하우스로 자리매김하였다. 2023년에는 Arm의 토탈디자인프로그램(Total Design Program) 파트너로 선정되어 네오버스 컴퓨트 서브시스템(CSS) 기반 고성능 칩 개발 및 공정 최적화 역량을 확보하였다. 핵심 사업부는 SoC, 플랫폼, 인프라 부문으로 구성되며, 인프라 부문은 파운데이션 IP 및 SRAM 라이브러리 개발, 플랫폼 부문은 SoC 설계 기본 틀 제공, SoC 부문은 백엔드 설계를 통한 웨이퍼 제작 전 과정 지원을 담당한다. 2/4/5나노 등 선단 공정 기반 SoC 설계, 첨단 패키징 기술, 2.5D 패키징 내재화, 빅다이(Big Die) 설계 역량을 보유하고 있다.

## 매출 및 손익 현황
연결 기준 매출유형별 실적(단위: 백만원, 비율은 매출 비중):
| 구분 | 2025년(제24기) | 2024년(제23기) | 2023년(제22기) |
|---|---|---|---|
| 제품(양산) | 20,437 (12.42%) | 19,097 (17.92%) | 35,459 (35.40%) |
| 용역(개발) | 139,505 (84.80%) | 82,359 (77.30%) | 59,312 (59.21%) |
| 상품 | 0 | 0 | 2,439 (2.43%) |
| 기타 | 4,570 (2.78%) | 5,089 (4.78%) | 2,962 (2.96%) |
| **합계** | **164,512** | **106,545** | **100,172** |

2025년 매출은 전년 대비 큰 폭(54.4%) 증가하였으며, 특히 용역(개발) 매출이 82,359백만원에서 139,505백만원으로 급증하였다. 응용시장별로는 AI 용역 매출이 41,731백만원(25.37%)으로 가장 크고, Automotive 용역 31,945백만원(19.42%), HPC 용역 21,193백만원(12.88%) 순이다. 판매경로는 해외 고객에 대한 직접 수출 없이 전량 직접판매(내수) 형태이다. 개발 용역 계약은 선금·중도금·잔금 분할 및 30일 이내 현금결제가 원칙이며, 양산 제품은 Wafer 제작 공급 또는 Turn-Key(Wafer 제작~PKG/Test 완제품 ASIC) 방식으로 외주 위탁 생산 후 납품, 납품 후 30일 이내 현금결제가 원칙이다.

## 주요 원재료 매입 현황
에이디테크놀로지는 반도체 설계 전문 기업으로 자체 생산설비가 없으며(웨이퍼 생산은 외부 FAB 이용), 매입은 원재료(웨이퍼, IP)와 외주가공(FAB, 패키징, 테스트)으로 구성된다(연결 기준, 단위: 백만원).
| 구분 | 2025년 | 2024년 | 2023년 |
|---|---|---|---|
| 원재료-웨이퍼(수입) | 3,432 | 2,132 | 7,378 |
| 원재료-IP(국내) | 2,100 | 549 | 365 |
| 원재료-IP(수입) | 42,898 | 5,785 | 13,940 |
| 원재료 소계 | 48,430 | 8,466 | 21,683 |
| 외주가공-FAB(국내+수입) | 12,284 | 14,066 | 1,814 |
| 외주가공-패키징(국내+수입) | 296 | 201 | 2,283 |
| 외주가공-테스트(국내+수입) | 136 | 701 | 2,028 |
| 외주가공-기타(국내+수입) | 3,963 | 3,508 | 1,469 |
| 외주가공 소계 | 16,679 | 18,475 | 7,595 |
| **매입 합계** | **65,109** | **26,941** | **29,278** |

웨이퍼 평균 단가는 12인치 기준 2025년 2,710달러/매(2024년 2,733달러, 2023년 3,659달러), 8인치 기준 2025년 1,195달러/매(2024년 989달러, 2023년 934달러)이다. 구체적인 매입처(SCM 거래선) 업체명은 원문에 공개되어 있지 않으며, ""주요 SCM 거래선 별로 개별흥정을 통해 3~8% 가격인하를 진행하는 경우가 있다""고만 서술되어 있다. 2025년 12월 31일 기준 인원현황은 391명이며 이 중 연구개발 및 기술인력은 307명이다.

## 주요 매출처
에이디테크놀로지는 주요 매출처의 구체적 업체명이나 매출처별 매출 비중을 사업보고서 본문에 공시하지 않았다(원문에 매출처 관련 별도 표가 없음). 신용위험 관련 서술에서는 ""고객과의 과거 경험 및 고객의 재무정보를 바탕으로 특정 고객에 대한 신용위험이 집중되지 않은 것으로 판단하고 있다""고만 언급되어 있어, 매출처 집중도에 대한 정량 정보는 원문에서 확인되지 않는다.

## 계열회사·종속회사·타법인출자 현황
에이디테크놀로지는 ""에이디테크놀로지"" 기업집단으로 기준일(2025.12.31) 현재 계열회사(전부 비상장) 10~11개사를 보유하고 있다(요약표는 10개사, 상세표는 11개사로 소폭 차이 있음).

**계열회사(전부 비상장, 상세표 기준)**: CORAL IC CO., LIMITED, 주식회사 아이엠아이, 주식회사 아르고, 주식회사 이씨큐, ㈜에스앤에스티코리아(SNSTKOREA Co., Ltd), ADTechnology & SNST vietnam CO., LTD, ㈜파인스, (주)포커스원프로젝트, ADTechnology Europe GmbH, (유)세컨드원광주, ADTechnology USA Inc.

**타법인출자 현황(상세, 2025.12.31 기준, 단위: 천원, 지분율은 %)**:
- CORAL IC CO., LIMITED(비상장, 최초취득 2018.9.12, 경영참여): 지분율 100.00%, 기말장부가액 564,250, 총자산 746,019, 당기순손익 2,345
- 주식회사 아이엠아이(비상장, 최초취득 2019.9.10, 경영참여): 지분율 100.00%, 기말장부가액 24,924,652, 총자산 28,728,439, 당기순손익 92,007(당기 중 손상차손 등으로 장부가액 -3,846,561 감소)
- ㈜에스앤에스티코리아(비상장, 최초취득 2020.4.29, 경영참여): 지분율 100.00%, 기말장부가액 6,292,764, 총자산 8,243,729, 당기순손익 -1,109,739
- 주식회사 파인스(비상장, 최초취득 2021.5.31, 경영참여): 지분율 95.42%, 기말장부가액 4,070,172, 총자산 5,329,686, 당기순손익 -854,373
- 주식회사 아르고(비상장, 최초취득 2021.9.30, 경영참여): 지분율 53.96%, 기말장부가액 2,230,442, 총자산 10,350,595, 당기순손익 330,663
- ADTechnology Europe GmbH(비상장, 최초취득 2022.9.8, 경영참여): 지분율 100.00%, 기말장부가액 77,218(당기 대규모 손상 -2,120,447 인식), 총자산 740,389, 당기순손익 -764,049
- ADTechnology USA Inc(비상장, 최초취득 2023.7.6, 경영참여): 지분율 100.00%, 기말장부가액 389,774(당기 손상 -3,938,666 인식), 총자산 1,873,955, 당기순손익 -2,205,853
- (주)지구루(비상장, 최초취득 2021.1.26, 일반투자): 지분율 전기 25.35% → 당기 14.83%로 희석, 총자산 31,349, 당기순손익 -251,825. 당기 중 지분율 변동으로 관계기업에서 제외되었다.
- 비욘드테크(비상장, 최초취득 2025.5.15, 단순투자): 지분율 5.26%, 취득금액 1,000,006천원, 기말장부가액 1,000,006

**타법인출자 요약(2025.12.31 기준, 단위: 천원)**: 경영참여 목적 7개사(기말장부가액 38,549,272), 일반투자 1개사, 단순투자 2개사(기말장부가액 3,000,006), 합계 10개사 기말장부가액 41,549,278.

## 특수관계자 거래
에이디테크놀로지가 공시한 관계기업(연결 기준)은 알파원 프로젝트 투자조합 1호(지분율 28.99%), 케이런 소부장 투자조합 2호(지분율 65.57%), (주)지구루(전기 지분율 25.35%, 당기 중 지분율 변동으로 관계기업에서 제외)이다.

**당기 특수관계자 거래(연결, 단위: 천원)**: (주)지구루에 대한 매출 4,934(전기 2,124). 그 외 관계기업과의 매입 거래는 없다.

**당기말 채권·채무 잔액(연결, 단위: 천원)**: (주)지구루(관계기업) 채권 1,990,000(전기말 99). 주요경영진(그 밖의 특수관계자) 채권 전기말 1,450,000.

**특수관계자 자금거래(연결, 단위: 천원)**: 주요경영진에 대한 대여거래 — 당기 대여 600,000 / 회수 60,000(전기 대여 250,000 / 회수 300,000).

**대주주 등과의 거래내용**(별도 기준, 2024.12.31 기준 표기): 최대주주 김준석에 대한 단기대여금 기초 900백만원 → 기말 900백만원(변동 없음). 대주주와의 자산양수도, 대주주와의 영업거래, 대주주 이외의 이해관계자와의 거래는 모두 ""해당사항 없음""으로 명시되어 있다.

지급보증 관련, 당기말 현재 연결회사가 특수관계자에게 제공하거나 특수관계자로부터 제공받고 있는 담보는 없으나, 대표이사 등으로부터 지급보증을 제공받고 있는 항목이 존재한다(구체적 금액은 원문 표에서 세부 수치가 명확히 식별되지 않음).

## 위험관리
에이디테크놀로지는 주로 미국달러화 관련 환율변동위험에 노출되어 있으며(원화 환율 10% 변동 시 당기 법인세차감전순이익 영향 약 ±11억원), KOSDAQ 상장주식 보유에 따른 가격위험(주가 30% 변동 시 영향 약 ±4,506만원), 변동금리 차입금에 따른 이자율위험(100bp 변동 시 영향 약 ±6.85억원)에 노출되어 있다.
"
코아시아,"# 코아시아 사업보고서 요약 (제33기, 2025.12 결산)

## 사업 개요
㈜코아시아는 시스템반도체 설계, 전자부품(카메라·렌즈모듈, LED) 제조, 신기술사업금융투자 3개 사업부문으로 구성된 지주형 그룹사이다.
- **시스템 반도체 사업부문**: 종속회사 ㈜코아시아세미는 삼성전자 파운드리 SAFE(Samsung Advanced Foundry Ecosystem) 내 디자인 솔루션 파트너(DSP)이자 Arm 최고 등급 공식 디자인 파트너(AADP)이며, ㈜코아시아넥셀은 삼성전자 엑시노스(Exynos Processor) 공식 파트너사로 Customizing SoC 및 자율주행 ISO26262 기반 Automotive AP 칩 설계를 담당한다.
- **전자부품 제조부문**: 카메라모듈 자회사 CoAsia CM VINA JSC(베트남)는 삼성전자 갤럭시 스마트폰 카메라모듈 공급 1차사이며, 광학렌즈 자회사 ㈜코아시아씨엠은 삼성전자 갤럭시 모바일용 국내 최대 렌즈 생산능력을 보유한다. LED 사업부문(코아시아 이츠웰사업부, CoAsia Itswell VINA)은 자동차 전장·생활가전용 LED를 생산하며 글로벌 전장 Smart LED 연합 'ISELED' 공식 멤버이다.
- **신기술사업금융투자부문**: ㈜리인베스트먼트는 반도체 분야 특화 전문 투자회사로 코아시아 그룹의 IP 확보 등 전략적 시너지에 기여하며, 코아시아케이프 제1호 신기술사업투자조합은 ㈜코아시아씨엠의 최대주주이다.

2025년 결산 기준 연결 누적 매출은 375,129백만원으로 전년 대비 약 4.8% 증가하였으며, **주요 매출처는 삼성전자(주)**로 원문에 명시되어 있다. 연결매출 중 베트남 지역(카메라/렌즈 모듈 현지법인) 비중이 가장 높다.

## 매출 및 손익 현황
사업부문별 매출 실적(연결, 단위: 백만원):
| 사업부문 | 2025년 | 비중 | 2024년 | 비중 |
|---|---|---|---|---|
| 시스템 반도체(SoC Design Service) | 60,786 | 16.2% | 32,256 | 9.0% |
| 전자부품 제조(카메라/렌즈/LED/IT부품) | 319,847 | 85.3% | 326,668 | 91.3% |
| 신기술사업투자 | 1,487 | 0.4% | 5,052 | 1.4% |
| 내부거래 등 제거 | -6,991 | -1.9% | -6,166 | -1.7% |
| **총계** | **375,129** | **100.0%** | **357,810** | **100.0%** |

시스템반도체 부문 매출이 전년 대비 약 88% 급증한 반면 전자부품 제조부문은 소폭 감소하였다. 판매경로는 B2B로 삼성전자 및 기타 고객사 대상이며, 국내 및 해외 현지 법인에서 직접판매 또는 대리점을 통해 판매한다. 수주 관련 사항은 영업기밀로 기재를 생략하였다.

## 주요 원재료 매입처 및 공급관계
사업부문별 주요 원재료 매입 현황(연결, 단위: 백만원):
| 구분 | 매입유형 | 주요품목 | 매입액 | 비중 | 주요매입처 |
|---|---|---|---|---|---|
| 시스템반도체 | 원재료 | Wafer, PMIC 등 | 2,981 | 0.7% | **삼성전자** |
| 전자부품 제조 | 원재료 | Chip, Lead Frame 등 / Lens, Sensor, Resin, Barrel 등 | 405,362 | 99.3% | **한신, 한성전자, Epistar** 등(Chip/Lead Frame) / **MITSUBISHI GAS CHEMICAL, 코아시아코리아** 등(Lens/Sensor/Resin) |

즉 코아시아는 시스템반도체 부문의 웨이퍼(Wafer)·PMIC 등 원재료를 삼성전자로부터 매입하는 동시에, 전자부품 부문 매출의 주요 매출처 또한 삼성전자로 명시되어 있어, 삼성전자가 코아시아의 최대 매입처이자 최대 매출처로서 공급망 양방향에서 핵심적인 관계를 형성하고 있다. 렌즈/센서 원재료 매입처인 ""코아시아코리아㈜""는 아래 특수관계자 내역상 관계기업의 종속기업으로도 등장하여, 그룹 내 계열사 간 원재료 조달 관계가 존재함을 확인할 수 있다.

## 계열회사·종속회사·타법인출자 현황
코아시아는 ""코아시아(CoAsia)"" 기업집단으로 기준일(2025.12.31) 현재 계열회사 27개사(상장 3개사, 비상장 24개사)를 보유하고 있다.

**상장 계열회사**: (주)코아시아(KQ.045970, 지주회사 격), CoAsia Electronics Corp.(대만, Taipei 8096), (주)코아시아씨엠(KQ.196450)

**주요 비상장 계열회사**(27개사 중 발췌): 코아시아케이프 제일호 신기술사업투자조합, CoAsia CM VINA JSC(베트남, 카메라모듈), CoAsia ITSWELL VINA COMPANY LIMITED(베트남, LED), (주)리인베스트먼트(신기술금융투자), CoAsia SEMI SINGAPORE PTE. LTD., CoAsia SEMI Ltd.(HK), (주)코아시아세미(시스템반도체 DSP), CoA Silicon INC., CoAsia SEMI Taiwan/Vietnam/Shanghai 법인들, (주)코아시아넥셀(Exynos 파트너), CA NEXELL INC., ZHONGWEI COMPANY LIMITED, CoAsia OPTICS VINA Co., Ltd., (주)코아시아씨엠코리아, (주)오앤엔터테인먼트, CoAsia Electronics Corp.(Singapore/HongKong/Shanghai/Shenzhen) 법인들, 코아시아코리아㈜, CoAsia ELECTRONICS CORP LLP, CoAsia Electronics US Corp.

**계열회사간 주요 출자현황(2025.12.31 기준, 지분율 %)**:
- 코아시아 → CoAsia Electronics: 20.3%, CoAsia SEMI Singapore: 73.0%, 코아시아세미: 91.2%, CoAsia SEMI HK: 12.0%, 코아시아케이프 제1호: 9.9%
- 코아시아씨엠 → 코아시아씨엠코리아: 100%, CoAsia CM VINA: 45.7%
- 코아시아케이프제1호 → 코아시아씨엠: 44.4%
- 코아시아세미 → CoAsia SEMI HK: 100%
- CoAsia SEMI Singapore → CoAsia Electronics: 100%
- CoAsia Electronics → CoAsia Electronics(4.0%, 자기출자 성격)

**타법인출자 현황(요약, 2025.12.31 기준, 단위: 백만원)**: 출자목적 전액 ""경영참여""로 상장 2개사·비상장 5개사, 합계 7개사, 기초장부가액 70,610, 취득(처분) 921, 기말장부가액 73,853. 일반투자·단순투자 목적 출자는 없다.

## 특수관계자 거래
코아시아가 공시한 특수관계자(연결 기준, 당기말)는 다음과 같다.
- **관계기업**: CoAsia Electronics Corp., ZHONGWEI COMPANY LIMITED
- **관계기업의 종속기업**: 코아시아코리아㈜, CoAsia Electronics Corp.(Singapore) Pte. Ltd., COASIA ELECTRONICS CORP LLP, CoAsia Electronics Corp.(HK) Pte. Ltd., CoAsia Electronics (US) Corp., CoAsia Electronics Corp.(Shenzhen) Ltd., CoAsia Electronics Corp.(Shanghai) Limited.
- **기타특수관계자**: ㈜포인칩스, HJL Holdings Company Limited, Sheng Bang Investment Corp., Faraday Technology Corporation, 유암코노틱반도체제1호사모투자합자회사, 아이비케이금융그룹-유암코 중기도약 펀드, 주요 경영진 (전기에는 엔비에이치-코스넷 세미콘 그로스 벤처투자조합도 포함되었으나 당기 중 특수관계 해소)

**당기 특수관계자 거래(연결, 단위: 천원)**:
- CoAsia Electronics Corp.(관계기업): 매출 28,055 / 매입 2,043,100
- ZHONGWEI COMPANY LIMITED(관계기업): 매출 115,166 / 매입 202,998
- 코아시아코리아㈜(관계기업의 종속기업): 매출 2,692,458 / 기타수익 439 / 유형자산매각 3,373 / 매입 14,679,393(그룹 내 최대 규모의 매입 거래처)
- CoAsia Electronics Corp.(Singapore) Pte. Ltd.: 매출 5,234
- CoAsia Electronics Corp.(HK) Pte. Ltd.: 매출 22,091 / 매입 193,304
- CoAsia Electronics Corp.(Shanghai) Limited.: 매입 864,241 / 기타비용 784
- 엔비에이치-코스넷 세미콘 그로스 벤처투자조합(기타특수관계자, 특수관계 해소 전 금액): 기타비용 263,871
- Sheng Bang Investment Corp.(기타특수관계자): 기타비용 4,277,419
- Faraday Technology Corporation(기타특수관계자): 매출 548,784
- 유암코노틱반도체제1호사모투자합자회사(기타특수관계자): 기타비용 3,203,609
- 아이비케이금융그룹-유암코중기도약 펀드(기타특수관계자): 기타비용 1,401,504
- 주요 경영진: 기타수익 138,000
- **합계(당기)**: 매출 3,411,788 / 기타수익 138,439 / 유형자산매각 3,373 / 매입 17,983,036 / 기타비용 9,147,187

전기 대비 매입 총액이 34,595,423천원(전기)에서 17,983,036천원(당기)으로 크게 감소하였으며, 이는 주로 코아시아코리아㈜에 대한 매입이 34,375,406천원(전기)에서 14,679,393천원(당기)으로 감소한 데 기인한다.

**당기말 채권 잔액(연결, 단위: 천원, 일부)**: CoAsia Electronics Corp.(관계기업) 매출채권 2,368 (그 외 세부 채권·채무 잔액은 원문 상세표에 추가로 열거되어 있음).

## 생산 현황
카메라/렌즈모듈 생산능력은 313,661천개(2025년, 가동률 35.7%)이며, LED 생산능력은 601,937천개(가동률 51.7%)이다. 주요 생산 사업장은 국내 인천(LED)과 베트남(카메라모듈 Luong Son, 렌즈모듈 Vinh Phuc, LED Long An) 3곳에 소재한다. 반도체 웨이퍼 생산은 전량 외주(파운드리 위탁) 방식이다.
"
LX세미콘,"# LX세미콘 사업보고서 요약 (제27기, 2025.12 결산)

## 사업 개요
㈜LX세미콘은 Display Panel을 구동하는 핵심부품의 설계·제조·판매를 주요 사업으로 하는 팹리스(Fabless) 시스템 반도체 기업이다. 주요 제품은 Driver-IC, Timing Controller(T-Con), Power Management Integrated Circuit(PMIC)이며, 2025년(제27기) 매출액 중 Driver-IC 비중이 89.41%를 차지한다. 신규 성장동력으로 MCU 사업 및 차량용 방열기판 사업을 추진하여 포트폴리오 다변화를 꾀하고 있으며, 경기도 시흥캠퍼스에 3천 평 규모 방열기판 공장을 준공해 2025년 4월부터 양산을 시작하였다(생산능력 연 25만장). LX세미콘은 고객사 요청에 맞춰 반도체를 설계하고, 생산능력과 기술력을 갖춘 파운드리 및 조립/패키징(OSAT) 전문업체에 위탁 생산하여 고객사에 납품하는 구조이다.

## 매출 및 손익 현황
사업부문별 매출 실적(단위: 억원, 비율은 매출 비중):
| 품목 | 제27기(2025) | 제26기(2024) | 제25기(2023) |
|---|---|---|---|
| Driver-IC | 14,655 (89.41%) | 16,724 (89.64%) | 17,485 (91.96%) |
| Driver-IC 외 | 1,736 (10.59%) | 1,932 (10.36%) | 1,529 (8.04%) |
| **합계** | **16,391** | **18,656** | **19,014** |

매출은 3개년 연속 감소 추세이다. 매출 중 수출 비중이 절대적으로 높아 2025년 기준 수출 16,244억원(99.10%), 내수 147억원(0.90%)이다. 판매경로는 거래처 주문 → LX세미콘 외주생산 → 출고 → 납품 구조이며, 디스플레이 패널업체 구매 정책상 중장기 수주계약이 아닌 통상 10주 주기의 발주가 이루어진다.

## 주요 원재료 매입처 및 공급관계
LX세미콘은 팹리스 업체로서 Wafer 매입 비용이 경영실적의 중요 요소이다(단위: 억원).
| 원재료명 | 매입액 | 주요매입처 |
|---|---|---|
| WAFER 외 | 7,718 | **TSMC, SK hynix system ic(Wuxi), 엘지이노텍㈜** 등 |
| 가공비 외 | 3,223 | **LB세미콘㈜, Chipbond** 등 |

즉 LX세미콘의 파운드리(웨이퍼 위탁생산) 매입처에는 세계 최대 파운드리 TSMC 외에도 SK하이닉스 계열의 중국 우시 파운드리 법인 SK hynix system ic(Wuxi), 국내 부품업체 엘지이노텍㈜이 포함되고, 조립·테스트(OSAT) 가공비 매입처에는 LB세미콘㈜(국내), Chipbond(대만계 반도체 패키징 업체)가 포함된다. Wafer 단가 및 가격 변동 추이는 경영상 민감한 정보로 기재를 생략하였다.

## 주요 매출처
LX세미콘은 개별 매출처명을 공개하지 않으나 집중도는 구체적으로 공시하였다: 단일 외부고객으로부터의 매출액이 전체 매출액의 10% 이상을 차지하는 고객이 2개사이며, 2025년(제27기) 당기 매출액은 각각 **9,123억원, 4,448억원**이다. 두 고객사의 매출 비중 합계는 2025년 총매출(16,391억원)의 약 82.8%에 달해 고객 집중도가 극히 높다(디스플레이 패널 제조사向 매출 구조상 대형 고객 소수 집중이 특징).

## 계열회사·종속회사·타법인출자 현황
LX세미콘은 공정거래위원회 지정 ""엘엑스(LX)"" 기업집단 소속회사로, 기준일(2025.12.31) 현재 엘엑스 계열에는 국내 계열회사 17개사(상장 4개사, 비상장 13개사)가 있다. 지주회사인 ㈜LX홀딩스가 LX세미콘의 경영에 직접·간접적 영향력을 미치는 회사로 명시되어 있다.

**계열회사간 임원 겸직**: 노진서(LX세미콘 기타비상무이사)가 ㈜LX홀딩스 대표이사(상근), ㈜LX하우시스 대표이사(상근), ㈜LX엠엠에이·㈜LX엠디아이·㈜LX벤처스·㈜LX글라스 기타비상무이사(모두 비상근)를 겸직하고 있다.

**관계기업 및 공동기업투자**(연결 기준, 단위: 원, 지분율은 당기말):
- **어드밴스드파워디바이스테크놀로지 주식회사**(한국, 반도체소자 연구개발 및 설계, 공동기업): 지분율 49.00%, 장부금액 5,037,844,495원. 2025년 12월 24일 주주총회에서 회사 해산이 결의되어 청산 절차가 진행 중이다.
- **FJ Composite Materials Co.,Ltd**(일본, 복합재료 개발·제조·판매업): 지분율 28.70%, 장부금액 9,098,029,729원.
- **㈜텔레칩스**(한국, 전자집적회로 제조업): 유효지분율 10.26%, 장부금액 28,265,157,022원. 보유 지분율이 20% 미만이지만 이사 임명권 등 계약적 권리에 의해 유의적 영향력을 행사하여 관계기업으로 분류되었다.
- **엘엑스벤처스신기술사업투자조합 1호**(한국, 투자조합): 지분율 23.33%, 장부금액 4,615,198,662원.
- **스타트업 코리아 LX-BSK 오픈이노베이션 투자조합**(한국, 투자조합): 지분율 58.00%(당기 신규 취득), 장부금액 2,857,636,023원. 지분율이 50%를 초과하나 사실상 지배력이 없어 관계기업으로 분류하였다.
- 관계기업 및 공동기업투자 장부금액 합계: 49,873,865,931원(당기말) / 47,624,683,592원(전기말)

**타법인출자 현황(요약, 2025.12.31 기준, 단위: 백만원)**: 경영참여 목적 7개사(상장 1, 비상장 6, 기말장부가액 45,151), 일반투자 목적 3개사(기말장부가액 13,800), 단순투자 목적 1개사, 합계 11개사(1개사 중복 포함 표기), 총 기말장부가액 58,951.

## 특수관계자 거래
LX세미콘이 공시한 특수관계자 구분(연결 기준)은 다음과 같다.
- **관계기업 및 공동기업**: 어드밴스드파워디바이스테크놀로지 주식회사, FJ Composite Materials Co.,Ltd, ㈜텔레칩스, 엘엑스벤처스신기술사업투자조합 1호, 스타트업 코리아 LX-BSK 오픈이노베이션 투자조합(당기 중 지분 58% 취득으로 편입)
- **연결실체에 유의적인 영향력을 행사하는 회사**: ㈜LX홀딩스(지주회사)
- **기타**: ㈜LX홀딩스의 공동기업, 대규모기업집단(엘엑스) 계열회사

**당기 특수관계자 거래(연결, 단위: 원)**:
- FJ Composite Materials Co.,Ltd: 영업비용 7,559,620
- (주)LX홀딩스: 영업비용 3,257,736,000
- 주식회사 엘엑스판토스: 영업비용 4,245,150,582(그룹 내 최대 규모 거래처 — 물류 계열사로 추정)
- 주식회사 엘엑스엠디아이: 영업비용 1,194,125,820
- 주식회사 엘엑스하우시스: 영업비용 136,850,300
- (주)엘엑스인터내셔널: 영업비용 0(전기 4,343,868)
- LX INTERNATIONAL JAPAN LTD: 영업비용 33,192,260
- 유무형자산 취득(전체 특수관계자 합계): 29,500,000
- **합계(당기)**: 영업비용 8,904,730,782(위 항목 합산치)

**당기말 채권·채무 잔액(연결, 단위: 원)**:
- (주)LX홀딩스: 매출채권 등 466,552,000
- 주식회사 엘엑스판토스: 매입채무 등 591,914,351
- 주식회사 엘엑스엠디아이: 매입채무 등 16,650,860
- 주식회사 엘엑스하우시스: 매출채권 등 10,047,077

연결실체가 특수관계자를 위하여 제공하거나 특수관계자로부터 제공받고 있는 담보 및 보증 내역은 없다. 다만 LX세미콘은 특수관계자에 대한 출자약정을 체결하고 있어 향후 추가로 출자할 의무가 있다(재무제표 주석 35 참조).

**대주주 등과의 거래내용**: 대주주등에 대한 신용공여, 대주주와의 자산양수도, 대주주와의 영업거래 모두 ""해당사항이 없다""고 명시되어 있으며, 특수관계자 관련 상세 내역은 재무제표 주석 '27. 특수관계자'를 참고하도록 안내되어 있다.

## 위험관리
LX세미콘의 신용위험 최대 노출 정도는 당기말 현재 8,173억원(현금및현금성자산, 단기금융상품, 매출채권, 기타채권 포함)이며, 무차입 경영을 유지하고 있다(당기말 부채비율 24.4%). 환위험은 주로 미국달러(USD) 표시 거래에서 발생하며(당기말 외화자산 2,814.4억원, 외화부채 728.8억원), 신한은행 외 1개사와 미달러화 매출채권에 대한 통화선도(Currency Forward) 계약(계약금액 USD 146백만)을 체결하여 헤지하고 있다.
"
텔레칩스,"# (주)텔레칩스 사업보고서 요약 (제27기, 2025.12 결산)

## 사업 개요
(주)텔레칩스는 1999년 10월 29일에 설립되어 2004년 12월 10일 코스닥시장에 상장된 팹리스 반도체 기업이다. 본점 소재지는 경기도 성남시 수정구이며, 대표이사는 이장규이다. 텔레칩스는 멀티미디어와 통신 관련 어플리케이션에 필요한 핵심 Chip 및 Total Solution을 개발·판매하며, 현재는 차량용 반도체 시장에서 AP(Application Processor)를 중심으로 한 종합 차량용 반도체 및 솔루션 공급에 주력하고 있다. 사업 영역은 차량 인포테인먼트(IVI: Car Audio, Display Audio, AVN, Digital Cluster, SVM, HUD, RSE, Telematics 등)에서 ADAS(첨단 운전자 보조 시스템, 비전 프로세서 N-Dolphin)와 차량용 게이트웨이(SDV 플랫폼용 고성능 네트워크 프로세서 AXON)로 확장되고 있다. 텔레칩스는 반도체 생산시설을 보유하지 않은 팹리스 사업자로, 반도체 위탁생산회사(파운드리)를 통해 제품을 공급받는다. 2025년 연결 매출액은 전년 대비 3.3% 증가한 1,928.0억원(192,802백만원)을 기록하였으나, 영업손실 61.9억원(6,189백만원), 무형자산 손상차손 등이 반영되어 당기순손실 616.3억원(61,633백만원)을 시현하였다.

## 매출 및 손익 현황
(연결 기준, 단위: 백만원)

| 구분 | 제27기(2025) | 제26기(2024) | 제25기(2023) |
|---|---|---|---|
| 매출액 | 192,802 | 186,616 | 191,095 |
| 영업이익(손실) | (6,189) | 4,874 | 16,777 |
| 법인세차감전순이익(손실) | (61,974) | (36,668) | 64,656 |
| 당기순이익(손실) | (61,633) | (38,560) | 62,638 |
| 자산총계 | 367,539 | 377,882 | 374,791 |
| 자본총계 | 142,976 | 201,742 | 246,197 |

주요 제품군별 매출(제27기, 백만원, 비중): 디지털 미디어 프로세서(DMP) 154,928백만원(80.36%), Mobile TV 수신칩 1,209백만원(0.63%), 기타매출(용역·보드·솔루션·로열티·상품 매출 등) 36,666백만원(19.02%). 주요 원재료는 SDRAM으로 매입액 177백만원(매입액의 100%)이며, 반도체 조립전문회사에 조립을 의뢰해 제품을 공급받는다. 연구개발비용은 63,178백만원(매출액 대비 36.6%)이며 정부보조금 7,885백만원을 차감 반영하였다.

## 주요 매출처·매입처 및 공급관계
텔레칩스는 사업보고서 본문에서 개별 고객사명을 공개하지 않았다. 판매경로는 대기업 등 대형 고객사에는 직접판매, 중소기업 고객사 및 국내 대기업의 해외생산공장을 제외한 대부분의 해외시장에는 지역별 대리점을 통한 간접판매 방식을 취하고 있다. 2025년 매출액 기준 판매경로별 비중은 해외 직접판매 40.73%, 해외 대리점 판매 26.85%, 국내 대리점 판매 7.06%, 국내 직접판매 5.73% 등이며, 나머지는 기타매출의 국내외 직접·대리점 판매로 구성된다. 국내 거래는 선수금 또는 매출 후 1~2개월 신용거래를 병행하며, 해외 직접수출은 T/T, 수출용 국내 거래는 구매승인서 방식을 사용한다. 장기공급계약에 따른 별도 수주 잔고는 없으며, 주요 고객사와는 월별·분기별 합의로 공급 물량을 결정한다.
- 원재료(SDRAM) 매입처는 명시되지 않았으며, 완제품은 반도체 위탁생산회사(파운드리) 및 반도체 조립전문회사를 통해 외주 생산·조립하여 공급받는다(구체적 업체명은 원문에 기재되어 있지 않음).
- 단일판매·공급계약: 2025년 10월 10일 신고된 SoC 개발계약이 있으며, 계약상대방은 공시 유보 항목으로 원문에 이름이 공개되지 않았다. 계약기간은 2025.10.06~2028.01.31, 계약금액총액 54,890,000달러이며, 당기 판매·공급금액 및 대금수령금액은 각 5,815,839달러(누적 11,570,000달러 수령)이다.

## 계열회사·종속회사·타법인출자 현황
### 종속회사(연결대상, 2025.12.31 기준)
텔레칩스는 3개의 연결대상 종속회사를 보유하고 있으며(2025년 중 TELECHIPS USA INC.와 (주)마인드인테크가 청산되어 연결에서 제외됨), 모두 지분 100%를 소유하고 마케팅/서비스 목적으로 운영된다.
- TELECHIPS HK LIMITED: 지분율 100%, 홍콩 소재, 설립일 2014.04.30, 최근사업연도말 자산총액 91백만원.
- TELECHIPS SHANGHAI CO., LTD: 지분율 100%, 중국 상하이 소재, 설립일 2016.07.26, 자산총액 530백만원.
- TELECHIPS SHENZHEN CO., LTD: 지분율 100%, 중국 선전 소재, 설립일 2019.01.25, 자산총액 352백만원.

### 계열회사 현황
텔레칩스는 본 보고서 기준 텔레칩스를 제외하고 4개 계열회사(국내 1개사, 해외 3개사)를 보유하며, 출자총액제한·상호출자제한 기업집단에는 해당하지 않는다.
- (주)오토실리콘(국내, 비상장): 텔레칩스가 31.28% 지분을 보유한 관계기업(지분법 적용대상). 대표이사 이장규가 오토실리콘 대표이사를 겸직하고, 이상곤(텔레칩스 사내이사)이 오토실리콘 이사를 겸직한다.
- TELECHIPS HK LIMITED, TELECHIPS SHANGHAI CO., LTD, TELECHIPS SHENZHEN CO., LTD(해외 3개사): 텔레칩스가 각각 100% 지분을 보유한 종속회사.

### 타법인출자 현황(2025.12.31 기준, 단위: 백만원)
- TELECHIPS HK LIMITED: 상장여부 비상장, 최초취득일 2004.04.30, 출자목적 현지영업강화, 지분율 100.00%, 기말장부가액 82.
- ㈜칩스앤미디어(보통주, 상장): 최초취득일 2009.04.10, 출자목적 투자, 지분율 7.25%, 기말장부가액 27,847, 최근사업연도 총자산 106,304, 당기순손익 5,923. 텔레칩스는 칩스앤미디어 주식 매수자와의 주주간계약에 따라 잔여지분 처분 시 동반매각의무를 부담하며, 이 약정을 파생상품(부채)으로 인식하고 있다(기말 장부가액 915,399,844원, 당기 평가이익 619,614,399원 반영).
- TELECHIPS SHANGHAI LIMITED: 최초취득일 2016.10.17, 출자목적 현지영업강화, 지분율 100.00%, 기말장부가액 287.
- 주식회사 오토실리콘(보통주): 최초취득일 2018.07.25, 출자목적 비즈니스확장, 지분율 31.28%, 기말장부가액은 지분법 손실 반영으로 0에 근접(표시값 ""-""), 최근사업연도 총자산 7,920, 당기순손익 -10,631(적자).
- TELECHIPS SHENZHEN LIMITED: 최초취득일 2019.04.15, 출자목적 현지영업강화, 지분율 100.00%, 기말장부가액 315.
- (주)디노티시아: 최초취득일 2023.10.30, 출자목적 비즈니스확장, 지분율 2.81%, 기말장부가액 4,381, 최근사업연도 총자산 17,292, 당기순손익 -14,005(적자).
- 이노폴리스 초기 중부권 특구펀드: 최초취득일 2023.12.22, 출자목적 투자, 지분율 2.50%, 기말장부가액 461.
- Aura Intelligent System, INC: 최초취득일 2024.03.20, 출자목적 비즈니스확장, 조건부지분인수계약(SAFE) 방식 출자로 후속투자 확정 전까지 지분율 미확정, 기말장부가액 2,657, 최근사업연도 총자산 2,657, 당기순손익 -1,242(적자).
- 라텔세미컨덕터: 최초취득일 2025.03.21, 출자목적 비즈니스확장, 당기 중 489,237주 신규 취득(취득금액 1,000백만원)으로 지분율 9.37% 확보, 기말장부가액 1,400, 최근사업연도 총자산 1,837, 당기순손익 -1,855(적자).
- 타법인출자 합계 기말장부가액은 37,430백만원(경영참여 목적 5개사 28,531백만원, 일반투자 목적 4개사 8,900백만원)이다.

### 대주주 등과의 거래
텔레칩스는 대주주에 대한 신용공여 및 대주주와의 영업거래는 없다고 공시하였다. 다만 2025년 5월 9일 계열회사인 (주)마인드인테크로부터 데이터 처리 효율화를 위한 IT 인프라 확충 목적으로 기계장치를 240백만원에 자산양수하였다((주)마인드인테크는 2025년 8월 1일자로 청산됨).

## 특수관계자 거래
텔레칩스(별도 재무제표 기준)의 특수관계자는 종속기업 3개사(Telechips HK Ltd., Telechips Shanghai Co., Ltd., Telechips ShenZhen Co., Ltd., 각 지분율 100%), 관계기업 주식회사 오토실리콘(지분율 31.28%), 그리고 텔레칩스에 유의적인 영향력을 행사하는 회사인 (주)LX세미콘(텔레칩스 지분 10.00% 보유)이다.

- 재화의 매입(당기, 특수관계자거래, 단위 천원): Telechips HK Ltd. 97,393 / Telechips Shanghai Co., Ltd. 1,335,547 / Telechips ShenZhen Co., Ltd. 871,964 / (주)마인드인테크 0(2025.8.1 청산) — 합계 2,304,904천원(전기 합계 2,420,139천원).
- 부동산과 그 밖의 자산의 구입(당기, 합계 기준): 253,545천원(전기 0원). 원문 표에는 거래처별 세부 배분 없이 합계값만 명시되어 있어 특정 거래처 귀속은 불분명하다.
- 특수관계자거래 채권·채무 잔액(당기말, 채무액, 단위 천원): Telechips HK Ltd. 9,352 / Telechips Shanghai Co., Ltd. 129,108 / Telechips ShenZhen Co., Ltd. 66,827 — 합계 205,287천원(전기말 합계 170,949천원).
- 지급보증: 당기말 현재 회사는 일부 차입금과 관련하여 대표이사로부터 지급보증을 제공받고 있다.
- 주주·임원·종업원 관련 거래(당기말, 단위 천원): 장기대여금 1,267,395, 단기대여금 5,668,273(주거안정지원자금 목적).
- 주요 경영진에 대한 보상(당기, 단위 천원): 합계 4,011,818(단기종업원급여 3,544,115, 퇴직급여 456,627, 기타장기종업원급여 11,076).

## 우발부채 및 소송
텔레칩스는 DivX, LLC로부터 라이선스 대상 제품 리포트 의무 위반을 이유로 2024년 9월 6일 미국 캘리포니아주 상급법원에 손해배상 등을 청구하는 소송을 제기받았다. 2025년 12월 19일 양사는 계약 분쟁을 원만히 해결하고 라이선스 계약을 갱신하기로 합의서를 체결하였다. 이 외 견질·담보용 어음수표, 채무보증, 채무인수약정, 기타 우발채무는 해당사항 없음으로 공시되었다.

## 지분 구조
최대주주 이장규는 텔레칩스 지분 20.00%를 보유하고 있다.

## 연구개발
텔레칩스는 인포테인먼트용 DMP(Digital Media Processor) 시리즈(TCC79XX~TCC807X 등)를 지속적으로 개발해 왔으며, 최근에는 ADAS용 비전 프로세서 N-Dolphin(TCC75xx, MFC/DMS/IMS 등 단일칩 통합)과 SDV 플랫폼용 고성능 네트워크 프로세서 AXON(OTA 업데이트, 네트워크 관리, 실시간 보안 기능)을 개발하고 있다. 최근 3개년 연구개발비용은 제27기 63,178백만원(매출액 대비 36.6%), 제26기 69,236백만원(37.1%), 제25기 65,551백만원(34.3%)이다.
"
넥스트칩,"# (주)넥스트칩 사업보고서 요약 (제7기, 2025.12 결산)

## 사업 개요
(주)넥스트칩은 2019년 1월 2일 (주)앤씨앤(NCN)으로부터 물적분할되어 설립된 차량용 지능형 카메라 영상처리 및 인식용 시스템 반도체 전문기업이다. 대표이사는 김경수이다. ADAS(첨단 운전자 지원 시스템)와 자율주행(AD) 기술 확산에 따라 차량용 영상처리(Vision)·인식(Recognition)·전송(Transmission) 반도체를 중심으로 성장해왔으며, ISP(Image Signal Processor), AHD(Analog High Definition 영상전송), ADAS SoC를 주력 제품으로 하고 있다. 최근에는 협동로봇(Cobot), 자율이동로봇(AMR), 드론 시장으로 사업영역을 확장하기 위해 FE(Fusion & Edge) 그룹을 중심으로 지능형 센서 모듈 및 SoM(System on Module) 제품을 개발 중이다. 넥스트칩은 반도체 설계 전문 팹리스(Fabless) 업체로 외주 생산 비율이 100%이다. 2025년(제7기) 매출액은 39,654백만원으로 전년 대비 성장하였으나 영업손실 12,936백만원, 당기순손실 15,958백만원을 기록하며 3개년 연속 적자가 지속되고 있다.

## 매출 및 손익 현황
(별도 기준, 단위: 천원 — 연결재무제표는 작성 대상 아님)

| 구분 | 제7기(2025) | 제6기(2024) | 제5기(2023) |
|---|---|---|---|
| 매출액 | 39,653,512 | 32,252,135 | 16,154,133 |
| 영업손실 | (12,936,402) | (18,439,060) | (22,516,720) |
| 당기순손실 | (15,957,608) | (20,690,270) | (26,703,134) |
| 자산총계 | 58,285,876 | 55,549,237 | 69,914,796 |
| 자본총계 | 18,154,815 | 8,813,568 | 29,337,103 |

제품군별 매출(제7기, 백만원, 비중): ISP 29,686(74.86%), AHD 8,150(20.55%), ADAS SoC 4(0.01%), 로봇 매출은 아직 미미(당해 실질적 매출 없음). 제품매출 합계 37,840(95.42%), 상품매출 22(0.06%), 용역매출 1,789(4.51%), 로열티매출 2(0.01%), 총매출액 39,653(100.00%). 넥스트칩은 자기자본 대비 법인세차감전계속사업손실 비율이 2024년 -234.74%(2회 이상 요건 해당)로 관리종목 지정요건에 해당하나 유예 적용을 받고 있으며, 2025년 말 기준 동 비율은 87.90%(법인세차감전계속사업손익 -15,957,608천원, 자기자본 18,154,815천원)이다.

## 주요 매출처·매입처 및 공급관계
### 매출처(고객)
넥스트칩의 주요 매출처는 완성차 제조사(OEM)에 차량용 카메라를 제조·공급하는 부품사(Tier) 또는 대리점(Agent)이며, 자동차 업계의 폐쇄적 특성과 영업기밀 보호를 이유로 실제 상호명은 A사~E사로 익명 처리되어 공시되었다(향후 언론·공시 등으로 공개될 경우 상세 기재 예정이라고 명시함).
- A사: 매출액 16,140백만원(2025년 매출 비중 40.70%), 2024년 10,380백만원(32.18%), 2023년 4,171백만원(25.82%) — 매출 비중이 가장 크고 빠르게 확대되는 최대 매출처.
- D사: 7,087백만원(17.87%), 2024년 7,350백만원(22.79%), 2023년 2,937백만원(18.18%).
- C사: 5,314백만원(13.40%), 2024년 6,178백만원(19.16%), 2023년 2,037백만원(12.61%).
- E사: 2,161백만원(5.45%), 2024년 2,089백만원(6.48%), 2023년 1,323백만원(8.19%).
- B사: 1,058백만원(2.67%), 2024년 1,093백만원(3.39%), 2023년 2,191백만원(13.57%) — 비중이 축소되는 추세.
- 기타 거래처 합계: 7,893백만원(19.91%), 2024년 5,162백만원(16.00%), 2023년 3,495백만원(21.63%).
- 판매경로: 국내는 ""당사 → Tier → OEM"" 직접판매, 수출은 ""당사 → Tier → OEM"" 직접판매 또는 ""당사 → 대리점 → Tier → OEM"" 간접판매(특히 중국 지역은 시장이 넓고 거래처가 다수여서 대리점을 경유).

### 매입처(협력업체)
넥스트칩은 반도체 설계 전문 팹리스 업체로 웨이퍼 등 원재료의 품목별 매입 비중 및 구체적 매입 업체명은 영업기밀을 이유로 공시에서 생략하였으며, 원문은 해당 매입처들과 ""특수한 관계는 없다""고 명시하였다. 생산공정별(디자인하우스→파운드리→패키지→테스트→신뢰성시험) 주요 협력업체는 다음과 같다.
- 디자인하우스(Design House): 가온칩스, 아르고, 파츠, 노블텍.
- 파운드리(Foundry): 삼성Foundry, Global Foundry, SMIC, USJC.
- 패키지 조립(Assembly): Amkor, TICP, Signetics, Winpac.
- 테스트(Test): ITEK, TICP, GMTEST.
- 신뢰성 시험(Reliability & RA): QRT.
- 주요 원재료인 Wafer의 평균 매입단가는 2025년 4,202천원, 2024년 4,000천원, 2023년 4,631천원이다(품목별 세부단가는 영업기밀로 비공개).

## 계열회사·종속회사·타법인출자 현황
넥스트칩은 연결대상 종속회사가 없으며(연결재무제표 작성 대상이 아님), 타법인출자 현황도 경영참여·일반투자·단순투자 목적 모두 해당사항이 없다(요약·상세표 모두 공란).

### 계열회사 현황(2025.12.31 기준)
넥스트칩이 속한 기업집단은 (주)앤씨앤이며, 넥스트칩을 제외한 계열회사는 총 2개(상장 1개, 비상장 1개)이다.
- (주)앤씨앤(상장, 법인등록번호 110111-1413361): 넥스트칩의 최대주주. 2025년 중 지분율이 42.60%(기초)에서 23.01%(기말)로 축소되며 지배력을 상실, 회계상 ""지배기업""에서 ""유의적인 영향력을 행사하는 기업""으로 관계가 변경되었다.
- (주)앤씨비아이티(비상장, 법인등록번호 110111-1922180): (주)앤씨앤의 종속기업으로, 넥스트칩과는 기타특수관계자 관계에 있다.
- 임원 겸직: 대표이사 김경수가 (주)앤씨앤의 사내이사를 상근으로 겸직하고 있다.

## 특수관계자 거래
넥스트칩의 특수관계자는 (주)앤씨앤(당기 중 지배기업에서 유의적 영향력 행사 기업으로 변경), (주)앤씨비아이티((주)앤씨앤의 종속기업, 기타특수관계자), 대표이사 김경수이다.

- 매출·매입(당기, 단위 천원): (주)앤씨앤에 대한 매출 508,983, 이자비용 47,394; 대표이사 김경수 관련 이자비용 3,403; 합계 매출 508,983, 이자비용 50,797. (전기에는 지배기업이던 (주)앤씨앤에 대한 매출 118,290, 매입 237,600, 사용권자산 처분 5,258,638, 이자비용 37,664, (주)앤씨비아이티에 대한 매입 14,890이 있었다.)
- 채권·채무 잔액(당기말, 단위 천원): (주)앤씨앤에 대해 매출채권 6,565, 미수임대료 14,310, 금융리스채권(부동산 전대차 관련) 3,342,278, 임대보증금(채무) 939,933.
- 자본거래(현금출자, 당기, 단위 천원): (주)앤씨앤 3,146,525, 대표이사 김경수 1,000,003 — 넥스트칩의 유상증자에 두 특수관계자가 참여하였다.
- 자금거래(당기, 단위 천원): (주)앤씨비아이티에 대한 대여금이 기초 900,000에서 1,400,000 증가, 2,300,000 상환되어 기말 잔액 0(전액 상환 완료, 대손충당금 없음). 대표이사 김경수로부터 1,600,000 차입 후 전액 상환.
- 금융리스거래(당기, 단위 천원): (주)앤씨앤과의 부동산 전대차 관련 금융리스 기초 4,345,956, 감소 1,022,063, 기타(면제기간 이자수익) 18,385, 기말 3,342,278.
- 지급보증: 대표이사 김경수가 서울보증보험을 통해 2,970,000천원의 연대보증을 제공하였다(전기에는 특수관계자 지급보증 없음).
- 주요 경영진 보상: 구체적 금액은 표 형식 손상으로 본문에서 항목명만 확인되며(종업원 급여 등), 세부 수치는 원문에서 명확히 특정하기 어렵다.

### 대주주 등과의 거래(2025.12.31 기준)
- 대여금: (주)앤씨비아이티(관계회사)에 2024.10.18 운영자금 목적으로 대여(이자율 4.6%, 이사회 승인), 기초 900백만원에서 1,400백만원 증가, 2,300백만원 상환되어 기말 잔액 0. 이 외 담보제공, 채무보증, 대주주와의 자산양수도·영업거래는 모두 해당사항 없음.
- 대주주 이외 이해관계자 자금차입: 대표이사 김경수로부터 1,600,000천원을 차입 후 전액 상환(기말 잔액 0).

## 우발부채 등
넥스트칩은 사업보고서 제출일 현재 공시내용 진행·변경사항, 우발부채, 제재 관련 사항, 작성기준일 이후 주요사항 모두 해당사항이 없다고 공시하였다.

## 연구개발 및 시장전략 (요약)
넥스트칩은 지역별(한국·일본·중국·미국·유럽·인도)로 세분화된 판매·프로모션 전략을 운영하고 있으며, 신제품 Stella5(이미지센서-ISP 일체형), APACHE5 기반 BSIS/인캐빈 솔루션, 열화상(Thermal) 기반 ADAS SoC 등을 개발 중이다. 반도체 공급까지 통상 4~6개월이 소요되며, 자동차용 부품 채택 시 완성차 신차 출시(풀체인지) 주기에 따라 약 5년간 안정적 매출이 발생하는 산업 특성을 갖는다.
"
제주반도체,"# (주)제주반도체 사업보고서 요약 (제26기, 2025.12 결산)

## 사업 개요
(주)제주반도체는 2000년 4월 4일 설립된 팹리스 반도체 회사로, 제주시 첨단로에 본사를 두고 있으며 2013년 3월 (주)이엠엘에스아이에서 현재 상호로 변경하였다. 최대주주 겸 대표이사는 박성식(지분율 10.35%)이다. 제주반도체는 모바일 응용기기에 특화된 메모리(저전력 SRAM, pSRAM/CRAM, DRAM, Nor MCP, Nand MCP 등)를 개발·소싱하여 공급하며, 최근에는 IoT, Consumer, Automotive, Network 등으로 응용처를 확장하고 있다. 2025년(제26기)은 메모리 반도체 슈퍼사이클에 따른 가격 상승과 수요 증가, 미국 관세에 따른 선수요, 주요 경쟁사의 LPDDR4X 생산 감축으로 인한 공급부족 등이 겹치며 연결 매출액이 전년 대비 약 86.2% 급증한 3,022억원을 기록하였다. 별도(반도체 부문) 매출액도 전년 1,592억원에서 2025년 2,992억원으로 약 88% 증가하였다.

## 매출 및 손익 현황
(연결 기준, 단위: 원)

| 구분 | 제26기(2025) | 제25기(2024) | 제24기(2023) |
|---|---|---|---|
| 매출액 | 302,230,571,186 | 162,349,945,455 | 145,899,793,599 |
| 영업이익 | 35,873,972,312 | 9,581,360,274 | 17,838,425,308 |
| 당기순이익 | 39,499,088,944 | 19,405,207,353 | 16,919,765,330 |
| 자산총계 | 335,988,104,339 | 225,427,601,825 | 198,673,382,796 |
| 자본총계 | 227,104,505,361 | 184,233,770,184 | 158,568,405,147 |

응용처별 매출(2025년, 천USD, 비중): IoT 109,462(51.9%), Consumer 55,360(26.3%), Mobile 17,342(8.2%), Automotive 16,950(8.0%), Network 11,619(5.5%). 제품별 매출(2025년, 백만원, 비중): NAND MCP 119,269(39.24%), DRAM(LPDRAM 포함) 69,239(22.78%), TLC NAND 36,711(12.08%), LPDDR4 26,788(8.81%), TLC NAND(별도품목) 22,953(7.55%), Consumer DDR5 7,740(2.55%), NAND Flash(Skeleton WF 포함) 6,737(2.22%), Consumer DDR4 5,539(1.82%), CRAM 4,834(1.59%), eMMC 2,819(0.93%), eMCP 822(0.27%), NOR MCP 481(0.16%), SPI NAND 20(0.01%). 매출의 93% 이상이 수출이다.

## 주요 매출처·매입처 및 공급관계
제주반도체는 사업보고서에서 개별 고객사명을 공개하지 않았으며(응용처별 비중만 공시), 장기공급계약 체결 사실도 없다고 명시하였다. 다만 원재료·외주생산 협력업체는 다음과 같이 구체적으로 공개하였다.
- 파운드리(위탁생산, 웨이퍼 공급처 겸임): 대만의 파워칩(Powerchip)과 윈본드(Winbond). CRAM과 DRAM은 이들 파운드리를 통해 위탁생산하며, 최근에는 주로 파워칩에서 생산한다. 메모리칩의 주요 원재료인 웨이퍼는 이들 파운드리로부터 직접 공급받는다.
- 후공정(테스트) 수탁업체: 국외는 TPW(CP TEST/대만), KYEC(CP TEST/대만); 국내는 윈팩(Assembly/FT), 에이팩트(FT), 시그네틱스(Assembly).
- 관계기업인 (주)동행복권과의 거래: 2025년(당기) 이자수익 3,954천원이 발생하였다(전기에는 이자수익 4,836천원 및 배당금수취 1,267,675천원 수취, 배당금지급 1,080,000천원 지급이 있었음). 당기말 특수관계자 채권(단기대여금) 69,000천원이 (주)동행복권에 대해 존재한다.

## 계열회사·종속회사·타법인출자 현황
### 종속회사(연결대상)
제주반도체의 연결대상 종속회사는 램스웨이(주) 1개사이다(2015년 설립된 (주)아이지엘, 舊 인스턴트게임로지스틱스는 2025년 10월 16일 청산 종결되어 연결에서 제외됨).
- 램스웨이(주): 지분율 99.42%(당기말·전기말 동일), 대한민국 소재, 반도체 개발업, 결산월 12월. 2025년 요약재무정보(천원): 자산 2,715,344, 부채 12,225,968(자본잠식 상태), 매출액 2,985,529, 당기순손실 271,010.

### 관계기업(지분법 적용대상)
- (주)동행복권: 통합복권(로또) 개발 및 공급업을 영위하는 국내 비상장기업으로, 제주반도체가 2018년 3월 21일부터 49.40% 지분을 보유한 관계기업이다(경영권 확보 목적). 2025년말 장부금액 22,695,694천원(취득원가 19,760,000천원), 2025년 지분법손익 2,052,370천원 반영. (주)동행복권의 2025년 요약 경영성과는 영업수익 74,770,233천원, 영업손익 4,157,748천원, 당기순손익 4,016,459천원이며, 재무상태는 유동자산 100,473,845천원, 비유동자산 18,152,687천원, 유동부채 71,055,049천원, 비유동부채 1,628,782천원이다.

### 계열회사 현황(2026.3.23 기준)
제주반도체를 제외한 계열회사는 램스웨이(주)와 (주)동행복권 2개사(모두 비상장)이다. 계열회사 지분 계통도상 제주반도체는 램스웨이(주) 지분 99.4%, (주)동행복권 지분 49.4%를 보유하며, 자기주식으로 제주반도체 지분 2.21%를 보유하고 있다. 대표이사 박성식은 램스웨이(주) 이사를 상근으로 겸직한다.

### 타법인출자 현황(2025.12.31 기준, 단위: 백만원)
- 동행복권(비상장): 최초취득일 2018.03.21, 출자목적 경영권 확보, 지분율 49.4%, 기말장부가액 19,760, 최근사업연도 총자산 118,627, 당기순손익 4,016.
- 램스웨이(비상장): 최초취득일 2007.08.09, 출자목적 경영권 확보, 지분율 99.4%, 기말장부가액 원문상 ""-""로 표시(총자산 2,715, 당기순손익 -271).
- 아이지엘(비상장, 구 인스턴트게임로지스틱스): 최초취득일 2015.08.12, 출자목적 경영권 확보, 지분율 70.0% → 당기 중 지분 전량(70주) 처분되어 기말잔액 0(청산 종결).
- 비알게임즈(비상장): 최초취득일 2017.03.24, 출자목적 자금운용 투자, 지분율 1.4%, 기말장부가액 0으로 표시.
- 스타퀘스트자산운용(비상장, 구 유레카자산운용): 최초취득일 2018.01.26, 출자목적 자금운용 투자, 기말장부가액 406.
- 가상증강현실투자조합(비상장): 최초취득일 2018.06.01, 출자목적 자금운용 투자, 기말장부가액 474.
- 메타씨앤에스㈜(비상장): 최초취득일 2018.10.26, 출자목적 자금운용 투자, 기말장부가액 25.
- GCT Semiconductor inc.: 최초취득일 2021.09.17, 출자목적 자금운용 투자, 취득금액 1,005백만원, 당기 중 162백만원 평가손실 반영되어 기말장부가액 163.
- 아이요(비상장): 최초취득일 2021.12.31, 출자목적 자금운용 투자, 지분율 37.5%, 기말장부가액 0으로 표시.
- THE CLUB'S CHOICE HOLDING(비상장): 최초취득일 2011.03.14, 출자목적 자금운용 투자, 지분율 3.0%, 기말장부가액 0으로 표시.
- 타법인출자 요약(2025.12.31): 경영참여 목적 3개사 기말장부가액 19,760백만원, 단순투자 목적 7개사 기말장부가액 1,068백만원, 합계 10개사 21,828백만원.

### 대주주 등과의 거래
제주반도체는 최대주주 등에 대한 가지급금·대여금, 담보제공, 채무보증, 출자증권 처분, 유가증권 매매, 부동산 매매, 영업양수도, 자산양수도, 장기공급계약 모두 해당사항이 없다고 공시하였다. 주주(최대주주 제외)·임원·직원 등 기타 이해관계자와의 거래도 해당사항 없음으로 공시되었다.

## 특수관계자 거래
제주반도체(연결기준)의 특수관계자는 관계기업 (주)동행복권과 기타특수관계자(주요 경영진 등 임직원)이다.
- 특수관계자 거래(수익, 당기, 단위 천원): (주)동행복권으로부터의 이자수익 3,954, 그 밖의 특수관계자(임직원) 관련 항목 없음, 합계 3,954천원(전기 합계 1,272,511천원 — (주)동행복권 배당금수취 1,267,675천원 등 포함되었으나 당기에는 배당 거래가 없었음).
- 특수관계자 거래(비용, 전기): (주)동행복권에 대한 배당금지급 1,080,000천원(당기에는 해당 거래 없음).
- 채권 잔액(당기말, 단위 천원): (주)동행복권에 대한 단기대여금 69,000천원(전기말 166,300천원 — 단기대여금 93,800천원, 장기대여금 72,500천원).
- 임직원 대여거래(당기, 단위 천원): 회수 97,300(전기 181,776 회수), 적용 이자율 연 3~4.6%.
- 주요 경영진 보상(당기, 단위 천원): 단기종업원급여 6,675,472, 퇴직급여 575,178, 기타장기종업원급여 4,385(전기: 각 6,417,579 / 505,889 / 3,192).

## 우발부채 및 약정사항
제주반도체(연결)는 당기말 현재 한국무역보험공사와 단기수출보험(약정한도 USD 800,000)을 체결하고 있으며, 계류 중인 소송사건은 없다. 그 밖에 견질·담보용 어음수표, 채무보증, 기타 우발채무, 자본으로 인정되는 채무증권 발행, 장래매출채권 유동화 등은 모두 해당사항이 없다. 회사는 「중견기업 성장촉진 및 경쟁력 강화에 관한 특별법」상 중견기업에 해당한다.

## 지분 구조 및 주주 현황
당기말 기준 제주반도체 주주 구성은 박성식(최대주주 겸 대표이사) 3,566,420주(10.35%), 조형섭(임원) 424,674주(1.23%), 자기주식(제주반도체) 759,729주(2.21%), 기타 소액주주 등 29,692,010주(86.21%)이다.
"
어보브반도체,"# 어보브반도체(주) 사업보고서 요약 (제20기, 2025.12 결산)

※ 참고: 사용자가 제시한 종목코드 102950은 DART corp_code 매핑 오류로 실제로는 (주)아하(AHA Co., Ltd)에 해당한다. 어보브반도체(주)(ABOV Semiconductor Co., Ltd.)의 실제 종목코드는 102120, DART corp_code는 00591441이며, 본 요약은 회사명(어보브반도체)을 기준으로 정정된 corp_code로 조회한 올바른 사업보고서(접수번호 20260319000019)를 사용하여 작성하였다.

## 사업 개요
어보브반도체(주)는 비메모리 반도체 중 MCU(Micro Controller Unit)를 설계하는 팹리스 회사로, 국내 MCU 시장 1위 사업자를 표방하고 있다. 가전용 8-bit/32-bit MCU를 주력으로 하며 Touch Sensor, Ambient Light Sensor 등 각종 센서와 High Voltage 소자가 적용되는 Power 반도체도 공급한다. 국내외 유수 가전사(삼성전자, LG전자, 중국 Midea·XIAOMI, 일본·유럽·미국 업체)에 제품을 공급하고 있다. 아날로그 IP 자체 설계 기술을 보유하고 있으며, 유망 스타트업에 초기 투자하여 ""ABOV Alliance""라는 팹리스 생태계를 구성·운영하고 있다. 주요종속회사인 (주)윈팩을 통해 반도체 후공정(패키징·테스트, OSAT)의 외주사업도 영위한다. 2025년(제20기) 연결 매출액은 244,124백만원으로 전년(232,117백만원) 대비 증가하였고, MCU 부문 고객 수요 증가와 종속회사 사업구조 개선에 힘입어 연결 영업이익 10,148백만원, 당기순이익 1,959백만원으로 흑자전환하였다(전기는 영업손실 5,100백만원, 당기순손실 18,095백만원).

## 매출 및 손익 현황
(연결 기준, 단위: 원)

| 구분 | 제20기(2025) | 제19기(2024) | 제18기(2023) |
|---|---|---|---|
| 매출액 | 244,123,643,799 | 232,116,611,005 | 232,436,389,092 |
| 영업이익(손실) | 10,148,185,090 | (5,100,374,191) | (14,643,077,325) |
| 당기순이익(손실) | 1,959,422,969 | (18,094,850,997) | (33,443,728,959) |
| 자산총계 | 286,055,183,481 | 293,081,773,182 | 288,316,792,095 |
| 자본총계 | 154,442,539,418 | 154,580,908,154 | 140,625,984,177 |

제품 기능별 매출(제20기, 연결기준, 백만원, 비중): Consumer 128,808(53%), 패키징(PKG, 윈팩) 51,674(21%), Remote Controller 15,472(6%), Industrial 14,031(6%), 테스트(TEST, 윈팩) 16,941(7%), Mobile Solution 11,104(4%), Power Solution 4,329(2%), 기타 1,765(1%), 총합계 244,124(100%). 원재료 매입(제20기, 별도기준, MCU 사업부문, 백만원, 비중): Full Flash 45,023(75%), ECO(친환경) 6,184(10%), MIMO(센서) 5,366(9%), REMO(리모콘) 1,528(3%), Flash 1,020(2%), 기타 합계 59,912(100%). 주요 원재료는 1차 가공 Wafer로, 과거 SK키파운드리 의존도가 높았으나 최근 삼성파운드리 비중이 확대되는 등 공급처를 다변화하고 있다. 원재료 매입처와 특수관계는 없다고 명시하였다. 종속회사 윈팩의 후공정 원재료(2025년, 백만원): Substrate 25,368(국내 12,105+수입 13,263), Gold Wire 8,708, WBL Tape 1,106, 기타 7,199, 합계 41,274.

## 주요 매출처·매입처 및 공급관계
어보브반도체는 삼성전자, LG전자 등 국내 일류 가전사와 중국 Midea, XIAOMI, 일본·유럽·미국의 유수 업체에 제품을 공급한다고 밝혔으나, 매출처별 정량적 매출 비중(고객 집중도)은 원문에 공시되어 있지 않다.
- 화인칩스㈜(관계기업, 지분율 29.46%): 어보브반도체가 기타매입 형태로 거래하는 관계기업으로, 2025년 기타매입 6,676,941천원, 배당수익 90,000천원 수취. 당기말 매입채무 1,236,380천원 존재.
- ㈜그린칩스(기타특수관계자, 그린칩스홀딩스 계열): 어보브반도체 제품/상품의 주요 판매처로, 2025년 제품/상품매출 22,221,118천원(전기 17,517,842천원)이 발생하였다. 당기말 매출채권 4,893,646천원.
- ㈜스카이칩스(관계기업, 지분율 10.48%): 2025년 기타매입 140,000천원, 이자수익 36,296천원(관계기업에 대한 대여금 1,000,000천원 실행). 당기말 채권(기타) 1,036,296천원.
- ㈜다빈칩스(2025년 6월 청산 완료된 舊 관계기업): 2025년 배당수익 105,538천원 수취 후 특수관계 종료.
- 노매드투어(기타특수관계자): 2025년 기타매입 182,416천원(전기 29,290천원).

## 계열회사·종속회사·타법인출자 현황
### 종속회사(연결대상, 2025.12.31 기준)
- ABOV Semiconductor (HK) Co Limited: 홍콩 소재, 설립 2006.01, MCU 중국 판매 담당, 지분율 100%, 최근사업연도말 자산총액 6,690백만원, 지배근거는 의결권 과반수 소유.
- ABOV Semiconductor VINA Co., Ltd: 베트남 하노이 소재, 설립 2022.01, 반도체 설계 용역, 지분율 100%, 자산총액 465백만원.
- (주)윈팩: 경기도 용인시 소재, 설립 2002.04, 반도체 제조(패키징·테스트, OSAT) 담당, 코스닥 상장법인. 2025년 중 제3자배정 유상증자 참여(20,000백만원 취득, 20,000,000주 신규 취득)로 지분율이 37.66%에서 46.80%로 확대되었으며, 지분율 50% 미만이지만 실질지배력을 보유한 것으로 판단하여 종속회사로 연결한다(주요종속회사, 자산총계 750억원 이상 요건 해당). 최근사업연도말 자산총액 143,110백만원, 2025년 당기순손실 29,995백만원(장부가액 기준 지분법 평가손실 반영).

### 관계기업(지분법 적용대상, 2025.12.31 기준)
- 화인칩스㈜: 지분율 29.46%, 집적회로 개발 및 판매. 재무정보(천원): 자산 21,395,949, 부채 869,875, 자본 20,526,074, 매출액 6,661,668, 당기순손익 2,597,224.
- (주)오토실리콘: 보통주 지분율 40.85%(전환우선주 포함 시 31.28%), 비메모리반도체 개발 및 제조. 재무정보(천원): 자산 7,934,188, 부채 32,135,584, 자본 -24,201,396(완전자본잠식), 매출액 170,980, 당기순손실 -11,738,094.
- ㈜스카이칩스: 지분율 10.48%(전환우선주 포함 시 31.28%), 지분율은 20% 이하이나 이사선임권 보유로 유의적 영향력 인정, 비메모리용 전자집적회로 제조. 재무정보(천원): 자산 11,282,147, 부채 11,930,455, 자본 -648,308, 매출액 6,453,267, 당기순손실 -9,011,855.
- ㈜다빈칩스㈜: 舊 관계기업(지분율 43.48%)이었으나 2025년 6월 청산 완료되어 당기말 제외.

### 계열회사 현황(2025.12.31 기준)
어보브반도체가 속한 기업집단의 대표회사는 어보브반도체(주)이며, 상장 2개사(어보브반도체, 윈팩)와 비상장 13개사, 총 15개사로 구성된다(공정거래법상 상호출자제한·출자총액제한·채무보증제한 대상 기업집단 아님). 비상장 계열회사 목록: ABOV Semiconductor (HK), ABOV Semiconductor VINA, 화인칩스(주), (주)오토실리콘, (주)스카이칩스, (주)그린칩스홀딩스, (주)그린칩스, (주)코텍플러스, (주)코텍세미컴, (주)라온반도체, (주)노매드투어, 노매드 재팬, 티더블유메디칼.
- 계열회사간 출자계통도상 (주)그린칩스홀딩스가 어보브반도체(주) 지분 7.2%, (주)노매드투어가 2.50%를 각각 보유하고 있으며, 어보브반도체는 화인칩스 29.5%, 오토실리콘 40.9%(전환우선주 포함 시 31.3%), 윈팩 46.8%, 스카이칩스 10.5%를 보유한다. (주)그린칩스홀딩스는 (주)코텍세미컴(100%), (주)라온반도체(68.2%), (주)노매드투어(100%)를 보유하고, 노매드투어는 노매드 재팬(100%)을 보유한다. (주)윈팩은 티더블유메디칼(22.9%, 윈팩의 관계기업)을 보유한다.
- 임원 겸직: 최원(대표이사, (주)그린칩스홀딩스)이 (주)윈팩 사내이사, (주)그린칩스 사내이사, (주)코텍세미컴 사내이사, (주)코텍플러스 사내이사, (주)라온반도체 사내이사를 겸직.

### 타법인출자 현황(2025.12.31 기준, 단위: 백만원)
- ABOV HK: 최초취득 2006.11.27, 경영참여, 지분율 100.00%, 기말장부가액 1,358, 최근사업연도 총자산 6,690, 당기순손익 -76.
- ABOV VINA: 최초취득 2022.03.04, 경영참여, 지분율 100.00%, 기말장부가액 120, 총자산 465, 당기순손익 55.
- ㈜윈팩(상장): 최초취득 2021.12.22, 경영참여, 당기 중 20,000백만원 추가 취득(20,000,000주)으로 지분율 37.66%→46.80% 확대, 기말장부가액 38,569, 총자산 143,110, 당기순손익 -29,995.
- 화인칩스(주): 최초취득 2009.09.01, 일반투자, 지분율 29.46%, 기말장부가액 2,250, 총자산 18,222, 당기순손익 1,630.
- (주)오토실리콘: 최초취득 2018.07.25, 일반투자, 지분율 40.85%, 기말장부가액 4,434, 총자산 18,513, 당기순손익 -12,188.
- (주)스카이칩스: 최초취득 2020.09.23, 일반투자, 지분율 10.48%, 기말장부가액 2,491, 총자산 15,447, 당기순손익 -14,314.
- 관악아날로그(주): 최초취득 2019.03.25, 단순투자, 지분율 8.59%, 당기 중 334백만원 평가손실 반영되어 기말장부가액 1,063, 총자산 21,618, 당기순손익 -4,101.
- Eta Compute, Inc(미국): 최초취득 2017.12.31, 단순투자, 지분율 0.96%, 기말장부가액 0으로 상각, 총자산 564, 당기순손익 -2,529.
- 2017메가RS투자조합: 최초취득 2017.12.31, 단순투자, 지분율 5.00%.
- 타법인출자 총계(2025.12.31): 경영참여 목적 3개사(상장 1, 비상장 2) 기말장부가액 40,047백만원, 일반투자 목적 3개사 9,176백만원, 단순투자 목적 6개사 2,720백만원, 합계 12개사 51,943백만원.

### 대주주 등과의 거래
어보브반도체는 종속회사 (주)윈팩의 금융기관 차입금(6,000,000천원)에 대해 이사회 결의로 연대보증(신용공여)을 제공하고 있다. 또한 특수관계자인 (주)윈팩이 금융기관으로부터 조달한 차입금 40억원에 대해, 윈팩이 이자를 지급하지 못할 경우 어보브반도체가 자금보충을 해주기로 약정하였다(그 외 추가 자금보충약정 없음).

## 특수관계자 거래 (연결 기준)
어보브반도체 연결실체의 특수관계자는 관계기업(화인칩스㈜, ㈜오토실리콘, ㈜다빈칩스—2025.6월 청산, ㈜스카이칩스)과 기타특수관계자(㈜그린칩스홀딩스, ㈜그린칩스, ㈜코텍세미컴, ㈜라온반도체, ㈜코텍플러스, ㈜노매드투어, 노매드 재팬, ㈜티더블유메디칼—윈팩의 관계기업)로 구성된다.

- 거래내역(당기, 단위 천원): 제품/상품매출 — ㈜그린칩스 22,221,118, 합계 22,221,118(전기 17,517,842). 기타매입 — 화인칩스㈜ 6,676,941, ㈜스카이칩스 140,000, 노매드투어 182,416, 합계 6,999,357(전기 6,733,953). 이자수익 — ㈜스카이칩스 36,296, 기타특수관계자(임직원) 118, 합계 36,414. 배당수익 — 화인칩스㈜ 90,000. 기타수익 — ㈜다빈칩스(청산 전) 105,538.
- 자금거래(당기, 단위 천원): ㈜스카이칩스에 대한 신규 대여금 1,000,000. 주주·임원·종업원으로부터 배당금지급 15,000, 회수 509,947. ㈜그린칩스홀딩스로부터 배당금지급 66,697.
- 채권·채무 잔액(당기말, 단위 천원): 매출채권 — ㈜그린칩스 4,893,646. 기타채권 — ㈜스카이칩스 1,036,296. 매입채무 — 화인칩스㈜ 1,236,380.
- 주요 경영진 보상(당기, 단위 천원): 단기급여 4,771,579, 퇴직급여 459,819(전기 각 4,343,668 / 301,498).

## 지분 구조
최대주주 및 특수관계인의 변동은 2006년 설립 이후 현재까지 없다. 최대주주 및 특수관계인은 당사 등기임원, 최대주주의 친인척 및 계열사 기준으로 산정되며, 상세 지분율은 ""Ⅷ. 임원 및 직원등에 관한 사항""을 참조하도록 안내되어 있다.
"
한미반도체,"# 한미반도체 주식회사 사업보고서 요약 (제46기, 2025.12 결산)

## 사업 개요
한미반도체 주식회사는 1980년 12월 24일 설립된 반도체 제조용 장비 제조·판매업체로, 인천광역시 서구 가좌로에 본사 및 공장을 두고 있으며 2005년 7월 22일 유가증권시장(코스피)에 상장되었다. 주물·설계·제작·조립·검사·테스트까지 수직통합제조(Vertical Integration Manufacture) 시스템을 구축하여 글로벌 주요 AI 반도체 기업에 최첨단 장비를 공급한다. 주력 제품은 고대역폭메모리(HBM)의 12단·16단 고적층 생산에 사용되는 'HBM TC(Thermal Compression) 본더'이며, HBM 수율 관리용 '6-SIDE INSPECTION' 장비, BOC/COB 공정을 한 대로 처리하는 세계 최초 'BOC COB 본더', AI 반도체 2.5D 패키징용 TC 본더·FC 본더·Die 본더, 반도체 패키지 절단·검사 장비인 'micro SAW & VISION PLACEMENT(MSVP)'(2000년대 중반 이후 세계 시장점유율 1위), 전자파 차폐 장비 'EMI SHIELD'(2016년 출시 이후 점유율 1위) 등을 생산한다. 2025년(제46기) 매출액은 576,685백만원으로 전년(558,917백만원) 대비 소폭 증가하였고, 영업이익은 251,390백만원(전년 255,392백만원)을 기록하였다.

## 매출 및 손익 현황
(연결 기준, 단위: 백만원)

| 구분 | 제46기(2025) | 제45기(2024) | 제44기(2023) |
|---|---|---|---|
| 매출액 | 576,685 | 558,917 | 159,009 |
| 영업이익 | 251,390 | 255,392 | 34,571 |
| 당기순이익 | 214,008 | 152,614 | 267,168 |
| 자산총계 | 813,331 | 710,872 | 723,839 |
| 자본총계 | 690,327 | 540,887 | 571,898 |

제품 매출 구성(2025년 누계, 백만원, 비중): 반도체 제조용 장비 外 487,968(84.62%), Conversion Kit 등 88,717(15.38%), 합계 576,685(100.00%). 매출 유형별(수출/내수, 백만원): 제46기 수출 465,299 / 내수 111,386(합계 576,685); 제45기 수출 230,639 / 내수 328,278; 제44기 수출 116,728 / 내수 42,281. 원재료 매입(2025년 누계, 백만원, 비중): Bonder Modules 外(원재료) 153,159(84.46%), 외주가공비(임가공) 28,171(15.54%), 합계 181,330(100.00%). 한미반도체 7공장 신설에 578.24억원을 투자(2026.11.30까지, 차세대 프리미엄 HBM 생산 대응 하이브리드 본더 전용 공장) 중이다.

## 주요 매출처·매입처 및 공급관계
한미반도체는 확보 고객사를 실명으로 공시하였다(다만 개별 거래처별 매출 비중은 영업기밀상 공개하지 않음).
- 해외 고객사: SK하이닉스, Micron Technology, ASE, AmKor, JCET, Huatian Technology, TFME, Infineon, ST Micro, PTI, Skyworks, Luxshare 등 글로벌 반도체 기업.
- 국내 고객사: JCET스태츠칩팩코리아, ASE코리아, Amkor코리아, 삼성전기, LG이노텍, 코리아써키트, SFA반도체, 시그네틱스 등.
- 판매경로: 내수는 자사 영업부의 직거래가 대부분. 수출은 해외지사(HANMI TAIWAN, HANMI VIETNAM, HANMI SINGAPORE)와 현지 Agent(전 세계 16개 협력사)를 통해 고객 투자계획을 모니터링한 뒤 발주서(P/O) 기반으로 직접판매한다. 대금회수는 T/T 방식(30% P/O 후 30일, 60% 납품 30일 전, 10% 검수 후 30일)이 표준이며, 가격조건은 FOB Korea가 표준.
- 원재료 매입처는 개별 업체명이 공개되지 않았으며 ""제조장비용부속품(Bonder Modules 外)""으로만 명시되어 있다.

## 계열회사·종속회사·타법인출자 현황
### 종속회사(연결대상, 2025.12.31 기준)
한미반도체는 3개의 연결대상 종속회사를 보유한다(기초 5개사에서 현대차증권 자사주신탁 2건과 삼성증권 자사주신탁 1건이 신탁계약 해지로 연결 제외되고, AI 반도체 산업 성장에 따른 고객사 현지 대응을 위해 HANMI SINGAPORE Pte. Ltd.가 신규 연결됨).
- HANMI Taiwan Co., Ltd: 대만 타오위안 소재, 설립 2015.10.19, 반도체 제조장비 및 부품 개발·판매, 지분율 100%, 최근사업연도말 자산총액 7,835,143천원, 2024사업연도 당기순이익 345,537천원.
- HANMI Vietnam Co., Ltd: 베트남 박닌성 소재, 설립 2023.04.24(2023년 4월 한미베트남 설립), 지분율 100%, 자산총액 451,126천원, 당기순손실 -275,861천원.
- HANMI SINGAPORE Pte. Ltd.: 싱가포르 소재, 설립 2025.10.23(2025년 10월 신규 설립·연결), 지분율 100%, AI 반도체 산업 성장에 따른 글로벌 고객사 현지 대응 목적.

### 관계기업 및 계열회사
- 곽신홀딩스(주): 한미반도체의 관계기업(비상장). 2025년 1월 31일 이사회 의결로 비관련사업 지분 축소 목적에 따라 보유 지분 중 450,191주(9%)를 최대주주인 등기임원 곽동신에게 양도(자산양도 거래금액 3,191백만원, 처분손익 2,574백만원, 별도기준)하여 지분율이 49.00%에서 40.00%로 축소되었다(곽동신 지분은 60%로 확대). 2025.12.31 기준 지분율 40.00%, 장부가액 2,743,368천원, 총자산 29,696,704천원, 당기순이익 229,782천원. 연결기준 관계기업투자주식 2,286,215천원 매각으로 현금 3,191,278천원을 수취하고 관계기업투자주식처분이익 850,664천원을 인식하였다.
- 계열회사 현황(2025.12.31 기준): 한미반도체를 제외하고 총 4개 계열회사(모두 비상장) — HANMI Taiwan Co.,Ltd., HANMI Vietnam Co.,Ltd., HANMI SINGAPORE Pte. Ltd., 곽신홀딩스(주).
- 기타특수관계자: 한미인터내셔널(주), (주)도야인터내셔날(모두 최대주주 관련 특수관계자로 분류).

### 타법인출자 현황(2025.12.31 기준, 별도기준, 단위: 천원)
- HANMI Taiwan Co.,Ltd.: 최초취득 2015.10.19, 출자목적 중화권영업강화(경영참여), 지분율 100.00%, 기말장부가액 1,381,481, 총자산 7,835,143, 당기순이익 345,537.
- HANMI Vietnam Co.,Ltd.: 최초취득 2023.05.30, 출자목적 동남아시아영업강화(경영참여), 지분율 100.00%, 기말장부가액 533,080, 총자산 451,126, 당기순손실 -275,861.
- HANMI SINGAPORE Pte. Ltd.: 최초취득 2025.11.03, 출자목적 글로벌 고객사 현지대응용, 당기 취득금액 716,610천원, 지분율 100.00%, 기말장부가액 716,610.
- 곽신홀딩스(주): 최초취득 2008.01.28, 출자목적 계열회사(경영참여), 당기 중 450,491천원 감소(9% 지분 양도) 및 617,257천원 평가손실 반영, 지분율 49.00%→40.00%, 기말장부가액 2,743,368, 총자산 29,696,704, 당기순이익 229,782.
- (주)볼빅(상장, 골프용품 제조사): 최초취득 2012.01.03, 출자목적 투자, 당기 633,000천원 평가손실 반영, 지분율 4.09%, 기말장부가액 1,047,000, 총자산 53,867,109, 당기순이익 575,783.
- (주)에이치피에스피(HPSP, 상장, 반도체 장비사): 최초취득 2021.06.21, 출자목적 투자, 당기 중 3,468,956천원 처분(지분 감소) 및 101,357,641천원 대규모 평가손실 반영되어 지분율 4.56%→0.39%, 기말장부가액 98,945,585천원 → 11,032,857천원으로 급감. 최근사업연도(2024년) 총자산 319,896,334천원, 당기순이익 86,280,231천원.
- 타법인출자 합계(2025.12.31, 별도기준): 경영참여 목적 4개사 기말장부가액 5,374,539천원, 단순투자 목적 2개사 기말장부가액 12,079,857천원, 총계 6개사 17,454,396천원.

### 대주주 등과의 거래
- 자산양수도: 2025년 1월 곽동신(등기임원, 최대주주)에게 곽신홀딩스(주) 지분증권을 3,191백만원에 양도(처분손익 2,574백만원, 비관련사업 지분 축소 목적).
- 주식기준보상: 2023.12.31 등기임원 곽동신에게 자기주식 상여 25,925주 부여(부여일로부터 3년 재직이 가득조건이며 아직 미지급).
- 대주주에 대한 신용공여, 영업거래, 그 외 이해관계자와의 거래는 해당사항 없음.

## 특수관계자 거래 (연결 기준)
한미반도체 연결실체의 특수관계자는 관계기업 곽신홀딩스(주), 기타특수관계자 한미인터내셔널(주)·(주)도야인터내셔날이다.
- 거래내역(당기, 단위 천원): 부동산과 그 밖의 자산의 매각 — 기타 그 밖의 특수관계자 210,000, 합계 210,000. 부동산과 그 밖의 자산의 구입 — 곽신홀딩스(주) 472,680, 기타 그 밖의 특수관계자 210,000, 합계 682,680. 이자수익 — 기타 그 밖의 특수관계자 24,037. 관계기업 투자지분의 처분 — 기타 그 밖의 특수관계자 3,191,278(곽신홀딩스 지분 매각 관련). 지급수수료 — (주)도야인터내셔날 116,000.
- 채권 잔액(당기말, 단위 천원): 곽신홀딩스(주)에 대한 선급금 464,200(전기말 0).
- 특수관계자와의 자금거래는 당기 및 전기 모두 없음.
- 주요 경영진 보상(당기, 단위 천원): 단기종업원급여 5,217,323, 퇴직급여 28,510, 주식기준보상 614,600, 합계 5,860,433(전기 합계 5,117,727).
- 특수관계자에게 지급한 배당금: 당기 38,185백만원(전기 22,521백만원).

## 우발부채 및 소송
- 한미반도체(원고)가 한화세미텍(피고)을 상대로 특허침해금지 및 손해배상을 청구한 소송(서울중앙지법 2024가합113542, 제소일 2024.12.04, 소송가액 2,500,000천원, 계류 중).
- 반대로 한화세미텍(원고)이 한미반도체(피고)를 상대로 자사 특허를 침해하였다며 제기한 소송(서울중앙지법 2025가합12443, 제소일 2025.07.25, 소송가액 1,200,000천원, 계류 중) — 양사가 상호 특허소송 중인 경쟁관계에 있다.
- 채무보증: 신한은행과 수입신용장(L/C) 개설한도 USD 2,000,000, 무역금융대출 한도 20,000,000천원 약정. 서울보증보험으로부터 이행하자계약 등과 관련하여 631백만원의 지급보증을 제공받고 있다.
"
피에스케이홀딩스,"# 피에스케이홀딩스(주) 사업보고서 요약 (제36기, 2025.12 결산)

## 사업 개요
피에스케이홀딩스(주)는 반도체 패키징 장비(그 부속 부품 및 기술서비스 포함)를 제조·판매하는 사업을 직접 영위하는 회사로, 국내 본사에서 반도체 장비 제조·판매·부품판매·기술서비스를 총괄하며, 미국 텍사스 오스틴 소재 종속회사 SEMIgear Inc. 1개사를 연결대상으로 두고 있다. 주요 제품은 리소그래피 공정 후 감광액 잔류물을 제거하는 Descum 장비, flux 없이 웨이퍼 상 solder bump/ball을 용융시키는 fluxless bump Reflow 장비, 초순수(DI Water)를 가열하는 Hot DI Water 가열장비이다. 2020년 인적분할로 설립된 지주회사 구조 하에서, 분할 전 반도체 건식 스트립·에칭 장비 사업을 담당하던 피에스케이(주)(상장, 지분율 32.76%)를 지분법 적용 관계기업으로 보유하고 있다. 2025년(제36기) 연결 매출액은 207,764백만원으로 전년(215,508백만원) 대비 소폭 감소하였으나, 관계기업 피에스케이㈜의 지분법이익 등에 힘입어 당기순이익은 91,685백만원을 기록하였다.

## 매출 및 손익 현황
(연결 기준, 단위: 원)

| 구분 | 제36기(2025) | 제35기(2024) | 제34기(2023) |
|---|---|---|---|
| 매출액 | 207,764,042,799 | 215,508,095,005 | 94,716,683,944 |
| 영업이익 | 73,400,914,769 | 88,482,980,891 | 26,970,755,131 |
| 당기순이익 | 91,684,937,183 | 95,820,109,996 | 42,696,378,649 |
| 자산총계 | 584,879,159,412 | 513,564,423,195 | 401,441,877,193 |
| 자본총계 | 506,377,712,478 | 431,463,424,801 | 341,312,404,466 |

사업부문 요약(반도체장비부문, 연결기준, 백만원): 제36기 총매출액 281,202(내부매출액 73,438 제외 시 순매출액 207,764), 영업이익 73,401, 총자산 584,879. 제품 매출(제36기, 연결기준, 백만원, 비중): 반도체 공정장비류 외(제품) 184,094(88.6%), 부품 및 용역수수료 외(기타) 23,670(11.4%). 원재료 매입(제36기, 백만원, 비중): 플라즈마발생장치 외 12,619(16.4%, 수입국 미국/일본/국내), ROBOT 외(Wafer 이송용 장치) 4,011(5.2%, 수입국 미국/일본/국내). 주요 원재료(플라즈마 발생장치, Robot, Chuck)는 미국·일본 등에서 수입하여 환율 변동 영향을 받는다.

## 주요 매출처·매입처 및 공급관계
피에스케이홀딩스는 사업보고서 본문에서 개별 최종고객사명을 공개하지 않았으나(""국내 고객에 한정하지 않고 중국, 대만, 미국, 일본, 독일, 싱가폴 등 많은 반도체 제조 회사에 본 장비를 사용""), 관계기업·기타특수관계자와의 재화·용역 거래는 구체적으로 공시하였다.
- 피에스케이㈜(관계기업, 지분율 32.76%): 피에스케이홀딩스가 재화를 판매하는 주요 거래처로, 2025년 재화판매수익 5,866,773천원, 용역제공수익 1,901,782천원, 기타매출 1,867,871천원을 인식하였고, 배당금수익 3,795,997,600원(피에스케이㈜로부터 수령, 관계기업투자에서 차감 처리)을 수취하였다. 지급용역 및 기타매입 1,189,008천원도 발생.
- PSK ASIA, INC., PSK (SHANGHAI) SEMICONDUCTOR CO., LTD.(및 그 종속회사 Xinco Semiconductor Technology Co. Ltd), PSK CHINA Co., Ltd., PSK Japan Inc., PSK AMERICA, INC.(모두 기타특수관계자, 피에스케이㈜ 계열의 해외 판매법인): 2025년 재화판매수익 합계 약 2,569백만원(PSK ASIA 276,293천원 + PSK Shanghai 2,199,647천원 + PSK America 100,769천원 등), 지급용역 및 기타매입 합계 약 8,262백만원(PSK ASIA 201,748천원 + PSK Shanghai 5,827,400천원 + PSK America 119,544천원 + PSK China 1,363,390천원 등).
- 유디에스㈜, 에스이앤에스㈜, 에스이앤티㈜, 에스이앤아이㈜, 알티엠㈜(기타특수관계자, 최대주주 관련 계열사): 2025년 재화의 매입 합계 266,254천원(에스이앤티 32,240천원, 에스이앤에스 4,453천원, 에스이앤아이 38,993천원, 알티엠 180,500천원), 지급용역 및 기타매입 합계 약 1,816,023천원(유디에스 931,743천원, 에스이앤에스 840,821천원, 에스이앤티 44,458천원 등).
- 원재료 매입처(플라즈마발생장치, ROBOT 등)는 개별 업체명 없이 ""미국/일본/국내""로만 원산지가 공시되었다.

## 계열회사·종속회사·타법인출자 현황
### 종속회사(연결대상, 2025.12.31 기준)
- SEMIgear, Inc.: 미국 텍사스 라운드락 소재, 설립 2000.04.11, 반도체장비 및 부품 판매업, 지분율 100%, 최근사업연도말 자산총액 136,044,209,886원, 주요종속회사에 해당.

### 관계기업(지분법 적용대상)
- 피에스케이(주)(상장): 반도체장비 제조업, 대한민국 소재, 지분율 32.76%(2022.7.11 피에스케이의 자기주식 소각으로 지분율 상승, 당기·전기 동일). 2025년말 장부금액 175,902,669,081원(기초 153,930,162,741원에서 지분법이익 25,679,948,031원, 지분법자본변동 232,247,606원, 지분법이익잉여금 -143,691,697원, 배당금수령 -3,795,997,600원 반영). 피에스케이(주)의 2025년 요약 재무정보: 자산 645,998,217,783원, 부채 106,961,955,599원, 자본 539,036,262,184원, 매출 457,213,151,918원, 당기순이익 78,545,663,379원.

### 계열회사 현황(2025.12.31 기준)
피에스케이홀딩스가 속한 기업집단은 상장 1개사(피에스케이(주))와 비상장 11개사(SEMIgear Inc., PSK ASIA INC., PSK (SHANGHAI) SEMICONDUCTOR, Xinco Semiconductor Technology, PSK CHINA, PSK Japan Inc., PSK AMERICA INC., 에스이앤에스㈜, 에스이앤티㈜, 에스이앤아이㈜, 알티엠㈜), 총 12개사로 구성된다.
- 계열회사간 출자현황(2025.12.31): 피에스케이홀딩스㈜가 피에스케이(주) 지분 32.76%를 보유. 피에스케이(주)는 에스이앤에스 100%, 에스이앤티 100%, 에스이앤아이 100%를 보유. 디엠비마케팅연구소는 피에스케이홀딩스㈜ 지분 100%를 보유하고 있다(피에스케이홀딩스의 최대주주 관련 지주사 성격 회사로 추정되나 원문에는 관계 성격이 별도 서술되지 않음).
- 임원 겸직: 대표이사 박경수가 피에스케이㈜ 사내이사를 상근으로 겸직.

### 타법인출자 현황(2025.12.31 기준, 단위: 원)
- 피에스케이㈜(상장): 최초취득 2020.01.31, 출자목적 사업분야 확대 및 기술확보, 지분율 32%(보통주 9,489,994주), 원가법 기준 장부가액 40,245백만원(타법인출자 상세표는 별도재무제표상 취득원가 기준으로, 위 ""관계기업투자"" 항목의 지분법 장부금액 175,903백만원과는 평가방법이 달라 금액이 상이함), 최근사업연도 총자산 645,998백만원, 당기순이익 78,546백만원.
- 타법인출자 요약(2025.12.31, 단위 천원): 경영참여 목적 2개사(상장 1, 비상장 1) 기말장부가액 68,814, 단순투자 목적 5개사(상장 2, 비상장 3) 기말장부가액 9,795, 합계 7개사 78,609.

### 대주주 등과의 거래
피에스케이홀딩스는 대주주 등에 대한 신용공여, 대주주와의 자산양수도가 모두 해당사항 없다고 공시하였다. 대주주(등)와의 영업거래 및 대주주 이외 이해관계자와의 거래는 재무제표 주석의 특수관계자 거래 부분(위 ""주요 매출처·매입처 및 공급관계"", ""특수관계자 거래"" 참조)을 참조하도록 안내되어 있다.

## 특수관계자 거래 (연결 기준)
- 채권·채무 잔액(당기말, 단위 원): 매출채권 — 피에스케이㈜ 1,992,836,621, PSK Shanghai 553,090,821, PSK America 34,676,769, 유디에스 6,088,500, 합계 3,374,474,087. 미지급금 — 피에스케이㈜ 6,612,457,417, PSK Shanghai 4,626,235,089, PSK America 115,150,725, PSK China 92,037,000, 유디에스 151,495,311, 에스이앤에스 107,624,886, 알티엠 88,550,000, 합계 11,951,333,218. 임대보증금 — 피에스케이㈜ 839,000,000, 유디에스 37,500,000, 합계 876,500,000.
- 지급보증: 당기말 현재 특수관계자에게 제공하거나 제공받은 지급보증 내역 없음. 특수관계자와의 자금거래 내역도 당기 및 전기 모두 없음.

## 우발부채 등
계열회사 현황·타법인출자 항목 외 별도의 중대한 소송, 우발채무는 그 밖에 투자자 보호를 위한 사항 항목에서 ""해당사항 없음""으로 공시되었다(공시내용 진행·변경사항 없음).
"
에스티아이,"# (주)에스티아이 사업보고서 요약 (제29기, 2025.12 결산)

## 사업 개요
(주)에스티아이(STI CO., LTD.)는 1997년 7월 10일 설립되어 2002년 2월 28일 코스닥시장에 상장된 반도체·디스플레이 제조용 기계제조업체로, 경기도 안성시에 본사를 두고 있다. 최대주주는 (주)성도이엔지(하이테크산업설비·플랜트·종합건설시공·부동산개발업, 코스닥 상장사)이다. 주력 제품은 회사 전체 매출액의 약 90%를 차지하는 반도체·Display용 C.C.S.S.(Central Chemical Supply System, 중앙약품공급시스템)이며, Wet System(현상·세정·식각 System)도 생산한다. 2013년부터 반도체 메인공정장비 시장에 진출했고, 미국 업체가 독점하던 무연납 진공 리플로우 장비를 자체 개발해 중국·국내 시장에 진출했으며, 디스플레이 포토트랙시스템 장비로 OLED 전공정·터치패널 공정까지 사업을 확장하였다. 2025년(제29기) 연결 매출액은 328,059백만원(C.C.S.S. 약 2,995억원, Wet System 약 133억원 포함)으로 전년(334,022백만원) 대비 소폭 감소하였고, 영업이익은 19,719백만원(전년 27,287백만원)으로 감소하였다.

## 매출 및 손익 현황
(연결 기준, 단위: 천원)

| 구분 | 제29기(2025) | 제28기(2024) | 제27기(2023) |
|---|---|---|---|
| 매출액 | 328,058,708 | 334,022,337 | 319,462,565 |
| 영업이익 | 19,718,974 | 27,287,364 | 23,946,352 |
| 당기순이익 | 15,417,983 | 27,141,396 | 24,075,406 |
| 자산총계 | 366,268,499 | 368,766,153 | 316,203,683 |
| 자본총계 | 286,972,864 | 260,790,332 | 237,680,507 |

2025년말 기준 수주총액 1,090,508,067천원, 기납품액 891,094,888천원, 수주잔고 199,413,178천원(LCD·반도체 등 제조장비, 진행기준 매출·기타매출 포함).

## 주요 매출처·매입처 및 공급관계
에스티아이는 주요 매출처를 구체적 비중과 함께 공시하였다.
- 삼성전자: 매출비중 37%(연결기준, K-IFRS).
- 에스케이하이닉스: 매출비중 36%.
- HL-GA Battery Company LLC: 매출비중 4%.
- BOE: 매출비중 3%.
- 기타: 매출비중 20%.
- 판매전략상 주요 고객 생산라인 소재지: 삼성전자(경기 기흥·화성, 경기 평택, 미국), SK하이닉스(경기 이천·청주), 삼성디스플레이 OLED·LCD라인(천안·아산), SK실트론(경북 구미) — 각 지역에 A/S사무소 및 자회사를 운영하며 밀착 대응한다.
- 판매조건: 국내는 계약금·중도금·잔금 방식, 세금계산서 마감일로부터 10일 경과 후 2~60일 어음 결제가 일반적이나 삼성전자·삼성디스플레이는 현금결제. 해외는 L/C 또는 T/T로 물품인도·Set-up·Acceptance 후 대금을 수령한다.
- 매입처(원재료·매입 관련 개별 업체명)는 원문에 공개되지 않았다.
- 관계사 거래: 최대주주 (주)성도이엔지(에스티아이 지분 20.64% 보유, 유의적 영향력 행사 기업)와의 거래로 2025년 매출 등 1,978,517천원, 매입 등 1,057,200천원이 발생하였다(전기: 매출 등 513,135천원, 매입 등 3,533,100천원).

## 계열회사·종속회사·타법인출자 현황
### 종속회사(연결대상, 2025.12.31 기준, 7개사 모두 비상장)
- 성송전자설비(상해)유한공사: 중국 상하이 소재, 설립 2002.10.10, 전자장비설비 생산·판매·설치·유지보수, 지분율 100%(당기 중 지분인수로 50%→100% 확대), 최근사업연도말 자산총액 4,278,999천원.
- (주)이엠에스: 경기 안성 소재, 설립 2015.12.09, IT전자재료 제조 및 판매업, 지분율 99.2%, 자산총액 108,750천원.
- 아이스터공정기술유한공사 상해: 중국 상하이 소재, 설립 2019.01.14, 전자설비 기술자문·기술서비스·기술개발·기술양도업, 성송전자설비(상해)유한공사의 100% 자회사(실질 지배력 보유), 자산총액 2,296,573천원.
- (주)에스티아이티: 경북 구미 소재, 설립 2017.03.22, 반도체 및 디스플레이 유지보수업, 지분율 100%, 자산총액 1,511,070천원.
- STI ADVANCE (S) PTE. LTD: 싱가포르 소재, 설립 2018.03.15, 반도체·디스플레이 제조장비 및 부품 판매업, 지분율 100%, 자산총액 8,155,542천원.
- STI AD USA INC.: 미국 텍사스 오스틴 소재, 설립 2022.10.15, 반도체 및 디스플레이 유지보수업, 지분율 100%, 자산총액 3,987,797천원.
- 상해한성건설유한공사: 중국 상하이 소재, 설립 2018.11.03, 건설업 및 건설업 관련 기술서비스, 아이스터공정기술유한공사 상해의 100% 자회사(실질 지배력 보유), 자산총액 1,087,816천원.
- 참고로 최근사업연도말 자산총액이 지배회사(에스티아이) 자산총액의 10% 이상이거나 750억원 이상인 ""주요종속회사"" 요건에 해당하는 종속회사는 2025.12.31 기준 없음.

### 계열회사 현황(2025.12.31 기준)
에스티아이가 속한 계열은 상장 2개사((주)에스티아이 자신과 최대주주 (주)성도이엔지)와 비상장 7개사(위 7개 종속회사와 동일), 총 9개사이다.

### 타법인출자 현황(2025.12.31 기준, 별도기준, 단위: 천원 — 원가법)
- 성송전자설비(상해)유한공사: 출자목적 경영참여, 지분율 100%, 당기 중 취득 840,000천원 및 평가손실 1,220,008천원 반영되어 기말장부가액은 원문상 0으로 표시(즉 원가법상 전액 손상 반영), 최근사업연도 총자산 4,278,999천원, 당기순손실 -1,402,140천원.
- 아이스터 공정기술유한공사 상해: 출자목적 경영참여, 원가법 장부가액 0으로 표시, 총자산 2,296,573천원, 당기순손실 -56,391천원.
- 상해한성건설유한공사: 출자목적 경영참여, 원가법 장부가액 0으로 표시(그 외 세부 수치는 원문상 확인이 어려움).
- (주)에스티아이 별도재무제표는 종속기업·관계기업 투자에 원가법을 적용하고 있어, 위 연결기준 종속회사 순자산 가치와 별도 타법인출자 장부가액이 상이할 수 있다.

### 대주주 등과의 거래
(주)성도이엔지(최대주주, 에스티아이 지분 20.64% 보유)와의 거래는 위 ""주요 매출처·매입처 및 공급관계"" 참조. 에스티아이가 당기 중 (주)성도이엔지에 지급결의한 배당금은 480백만원(전기 640백만원)이며, 당기말·전기말 현재 배당 관련 미지급금은 없다.

## 특수관계자 거래 (연결 기준)
- 특수관계자 현황: 연결회사에 유의적인 영향력을 행사하는 기업은 (주)성도이엔지(국내 소재, 에스티아이 지분 20.64% 보유)이다.
- 거래내역(단위 천원): 매출 등 — 당기 1,978,517(전기 513,135). 매입 등 — 당기 1,057,200(전기 3,533,100).
- 특수관계자와의 자금거래 내역은 당기 및 전기 모두 없음.
- 지급보증·담보: 당기말 현재 연결회사가 특수관계자의 자금조달을 위해 제공하는 담보 없음, 특수관계자로부터 제공받는 담보·지급보증도 없음.
- 주요 경영진 보상(당기, 단위 천원): 합계 3,764,086(단기종업원급여 3,010,192, 퇴직급여 753,894); 전기 합계 3,684,847(단기종업원급여 2,999,712, 퇴직급여 685,135).
- 배당: (주)성도이엔지에 대한 배당금지급 결의액 480백만원(전기 640백만원), 배당 관련 미지급금 없음.
"
디아이티,"# 디아이티(주)(DIT Inc.) 사업보고서 요약 (제21기, 2025.12 결산)

## 사업 개요
디아이티(주)는 머신비전 기술 기반의 검사·측정 장비 전문기업으로, 코스닥시장에 상장되어 있다. 사업은 크게 AOI(Automatic Optical Inspection) Solution, LASER Solution, VISION AI Solution 세 축으로 구성된다. AOI Solution은 반도체 웨이퍼(D램·NAND) 표면 결함검사, 디스플레이(OLED) 검사, 2차전지 외관검사, 자동차 도장 외관검사 장비를 포함하며, LASER Solution은 DRAM/NAND FLASH 웨이퍼용 Laser Annealing System, Laser Cutting Machine, SiC 전력반도체용 Power Semiconductor Annealing System을 공급한다. VISION AI Solution은 서울AI연구소(AI LAB)가 개발하는 딥러닝 기반 검사·분류·자동리뷰 기술이다. 생산은 경기도 화성시 소재 3개 공장(화성 A동 본사, B동, C동)에서 이루어지며, 당사는 중소기업기본법상 중소기업에 해당한다.

## 매출 및 손익 현황
- 연결 매출액(제21기, 2025년): 107,910백만원(전년 116,655백만원 대비 -7.5%). 부문별: LASER Solution 65,443백만원(60.65%), AOI Solution 38,138백만원(35.34%), 기타 4,329백만원(4.01%).
- 별도 매출액도 연결과 거의 동일(107,910백만원): LASER Solution 60.65%, AOI Solution 35.34%.
- 원재료 매입(당기, 백만원): 비전 14,072, 기구 13,760, 레이저 7,875, 제어 3,468, 모터 2,815, 기타 753 — 합계 42,743.
- 수주현황(당기 말, 백만원): 수주총액 171,714, 기납품액 107,910, 수주잔고 63,804.
- 부채비율 12.39%(제21기), 순차입금 -174,860백만원(순현금 상태)로 재무구조 매우 안정적.
- 제품은 고객 맞춤 주문제작(수주생산) 방식이라 표준 가격변동추이나 생산능력·가동률 수치는 원문에 산정하지 않고 기재를 생략한다고 명시되어 있다.

## 주요 매출처·매입처 및 공급관계
- **주요 매출처(2025년 별도 매출 기준)**: A사 64.88%, B사 12.75%, C사 5.69%, D사 4.86% — 4개사 합산 88.18%로 고객 집중도가 매우 높으나, 원문은 ""거래처명은 영업비밀사항으로 기재하지 않았습니다""라며 4개사의 실명을 공개하지 않았다.
- **단일판매·공급계약 공시로 실명이 확인되는 고객(2024~2025년, 반도체 제조 장비)**: 계약상대방은 전부 **에스케이하이닉스 주식회사**이며, 총 6건의 개별 계약이 신고되었다 — ①2024.01.31 계약, 계약금액 14,940백만원(대금수령 완료) ②2024.07.04(정정 2024.10.08) 10,760백만원(수령완료) ③2024.09.26(정정 2024.12.04) 12,940백만원(누적수령 11,944) ④2025.01.13(정정 2025.04.04) 20,520백만원(전액수령) ⑤2025.03.14(정정 2025.06.16, 2025.08.13) 15,390백만원(정정후 15,318, 누적수령 14,877) ⑥2025.12.04 21,160백만원(2026년 1월부터 순차 장비 인도 예정, 미수령). 6건 합계 계약금액 약 95,710백만원으로, 매출 집중도 1위인 A사가 에스케이하이닉스일 가능성이 높으나 원문에 직접적 연결 서술은 없어 추정에 그친다는 점을 밝혀둔다.
- **주요 원재료 매입처**: 원문은 ""Major 업체와의 거래로 안정적으로 공급받고 있으며, 다양한 매입처 확보를 통해 특정 매입처 공급중단 리스크를 낮추었다""고만 서술할 뿐, 개별 매입처 실명은 공개하지 않는다.
- **경쟁사와의 법적 분쟁**: (주)이오테크닉스가 디아이티를 상대로 손해배상청구권을 주장하며 유체동산·부동산 가압류를 수원지방법원 안양지원에 신청 — 2025.08.06 유체동산 가압류 결정(디아이티가 현금 8,000백만원 공탁 후 2025.08.14 집행취소됨), 2025.08.08 부동산 가압류 결정(대응 진행 중, 당기말 기준 미해결). 매출·공급 관계는 아니나 업계 내 경쟁사와의 중대한 대립 관계로 기록해 둔다.

## 계열회사·종속회사·타법인출자 현황
- 2025년 12월 31일 기준 계열회사 총 1개사(비상장): **DIT PRECISION EQUIPMENT(CHENGDU) CO., LTD.**(중국, 법인등록번호 112127082).
- 임원 겸직: 박종철(디아이티 대표이사, 등기·상근)이 DIT PRECISION EQUIPMENT(CHENGDU) CO., LTD.의 대표이사를 비상근으로 겸임(2018.01.31 선임).
- 타법인출자 현황(2025.12.31 기준, 천원): 경영참여 목적 1개사 기말장부가 107,116, 일반투자 목적 1개사 기말장부가 845,985, 단순투자 목적 1개사 기말장부가 633,032(당기 평가이익 71,828 반영) — 합계 3개사 1,586,133(총 취득금액 대비 증가).

## 특수관계자 거래
- 대주주 등에 대한 신용공여, 대주주와의 자산양수도, 대주주와의 영업거래, 대주주에 대한 주식기준보상 거래, 대주주 이외 이해관계자와의 거래 — 원문에 모두 ""해당사항 없음""으로 명시되어 있어, 디아이티는 당기 중 특수관계자와의 유의미한 자금거래·영업거래가 공시되지 않은 것으로 확인된다.
- 채무보증현황, 채무인수약정 현황도 동일하게 ""해당사항 없음"".

## 연구개발 및 기타
연구개발은 '기반기술연구소'가 총괄하며, 디스플레이(OLED·LCD·FILM)를 넘어 자동차(차체·부품), 반도체 분야까지 아우르는 R&D를 수행한다(원문에 구체적 연구개발비 금액·매출액 대비 비율 수치는 요약 대상 발췌 범위에서 확인되지 않음). 그 밖에 대전지방검찰청이 2025.06.20 산업기술의 유출방지 및 보호에 관한 법률위반 등의 혐의로 회사와 임직원을 기소한 소송이 당기말 현재 계류 중이며(재무적 영향 예측 불가로 충당부채 미인식), 물품대금 반환 청구소송(소송가액 2,133,241천원)의 피고로도 계류 중이다.
"
제우스,"# 주식회사 제우스 (ZEUS CO., LTD.) 사업보고서 요약 (제38기, 2025년 12월 결산)

## 사업 개요
주식회사 제우스는 1970년 3월 1일에 설립되어 2006년 2월 1일 코스닥시장에 상장한 반도체 및 디스플레이 제조장비 전문업체이다. 경기도 화성시 병점구 안녕남로 132에 본사를 두고 있으며, 대표이사는 이종우, 황하섭 각자대표이사 체제이다. 주요 제품은 반도체 및 디스플레이 제조공정에 사용되는 매엽식 웨이퍼 세정장비(ATOM, APOLLON, VENUS), 디스플레이 반송·정보처리 통합관리 시스템(HELIA), 산업용 로봇 및 진공펌프(ZERO), Process 플러그밸브 등이다. 2025년 12월 31일 기준 연결대상 종속회사는 상장 1개(J.E.T.), 비상장 13개 등 총 14개사이다.

## 매출 및 손익 현황
- 제38기(당기) 연결 매출액은 383,308백만원으로 전기(490,786백만원) 대비 21.90% 감소하였다.
  - 상품매출: 113,829백만원(매출비율 29.70%, 전기 대비 -4.19%)
  - 제품매출: 231,491백만원(매출비율 60.39%, 전기 대비 -30.36%)
  - 용역매출: 10,268백만원(매출비율 2.68%, 전기 대비 +2.36%)
  - 기타매출: 27,720백만원(매출비율 7.23%, 전기 대비 -6.17%)
- 부문별 매출(당기, 백만원): 반도체 제조 장비 232,643(60.69%), 산업용 로봇 및 진공 98,436(25.68%), 디스플레이 제조 장비 36,144(9.43%), 플러그밸브 16,085(4.20%)
- 부문별 매출(고객과의 계약 기준, 당기, 천원): 장비부문 247,991,868 / 유통서비스부문 119,230,820 / 산업용밸브 16,084,902 (부문 합계 383,307,590)
- 원재료 매입액(당기, 백만원): 디스플레이 부문 8,525, 반도체 부문 66,283, 플러그밸브 부문 5,529, 산업용 로봇 외 4,120 (합계 84,457)
- 수주현황(당기, 백만원): 특수목적용 제조장비(장비부문) 수주총액 440,518 / 기납품 248,571 / 잔고 191,947, 플러그밸브 수주총액 27,877 / 기납품 16,085 / 잔고 11,792, 기타(상품 등) 수주총액 150,693 / 기납품 118,652 / 잔고 32,041
- 연결 자산총계 551,531백만원, 부채총계 108,804백만원, 자본총계 256,940백만원(부채비율 18.86%)
- 당사는 개별수주 형태의 생산으로, 표준화된 매출처별 판매단가 비교나 특정 매출처 명단은 공시되어 있지 않다. 판매전략상 주요 고객사는 국내외 반도체·디스플레이 생산 기업 및 대형 Plant 운영 기업으로만 서술되어 있으며, 구체적 매출처명은 원문에 나타나지 않는다.

## 주요 매출처·매입처 및 공급관계
사업보고서 본문에는 구체적인 개별 매출처·매입처 상호가 별도로 열거되어 있지 않다(개별수주 방식의 특성상 거래처별 매출 비중 공시 없음). 다만 아래의 단일판매·공급계약 공시 및 특수관계자 거래 내역을 통해 확인되는 거래 관계는 다음과 같다.

- **주식회사 아바코**: 2024년 7월 30일 체결한 단일판매·공급계약의 상대방으로, 디스플레이 제조공정용 반송로봇을 제우스가 아바코에 공급. 계약금액 47,200,000천원, 계약기간 2024.07.29~2026.01.31. 당기 판매·공급금액 47,200,000천원(누적), 대금수령 44,219,764천원, 2026년 3월 3일 계약 완료 및 잔여 미수금 7,700,236천원 수령 완료.
- 종속회사·관계기업과의 재화 판매(당기, 별도재무제표 기준, 천원): J.E.T. 7,008,419 / ㈜에이피씨티 329,505 / ORIBRIGHT SHANGHAI 14,614 / ㈜쓰리젯 560,000 / ㈜제이이티코리아 608,400 / ㈜앤피에스 228,800 / ㈜헤라켐테크놀러지 151,318 / ㈜게스(관계기업) 11,342 / 엠투에스㈜(관계기업) 9,250 (특수관계자 전체 합계 8,921,648천원)
- 종속회사·관계기업으로부터의 재화 매입(당기, 별도재무제표 기준, 천원): J.E.T. 4,293,705 / ㈜에이피씨티 4,119,742 / ORIBRIGHT SHANGHAI 681,525 / ZEUS CHINA 2,642,220 / ㈜제이이티코리아 2,090,051 / ㈜앤피에스 83,170 / 엠투에스㈜(관계기업) 497,320 (특수관계자 전체 합계 14,407,733천원)
- 연결기준 특수관계자(비지배 관계기업)와의 거래(당기, 천원): ㈜게스에 대한 재화 판매 11,342 / 재화 매입 497,320(전기 296,440), 엠투에스㈜에 대한 재화 판매 9,250

## 계열회사·종속회사·타법인출자 현황
### 연결대상 종속회사(2025년 12월 31일 현재, 총 14개사: 상장 1개, 비상장 13개)
| 회사명 | 업종/소재국 | 직상위지배기업 | 지분율(%) | 자산총액(백만원) | 매출액(백만원) | 당기손익(백만원) |
|---|---|---|---|---|---|---|
| J.E.T. | 반도체 제조용 기계 제조업 / 일본 | ㈜제우스 | 66.28 | 159,939 | 136,940 | -22,176 |
| J.E.T. Semi-Con. TAIWAN | 반도체 제조용 기계 제조업 / 대만 | J.E.T. | 100.00 | 8,082 | 4,491 | 263 |
| ORIBRIGHT SHANGHAI | 반도체 제조용 기계 제조업 / 중국 | J.E.T. | 100.00 | 7,519 | 12,053 | 517 |
| ㈜제이이티코리아 | 반도체 제조용 기계 제조업 / 한국 | J.E.T. | 100.00 | 1,017 | 4,413 | -676 |
| J.E.T. AMERICA | 반도체 제조용 장비 판매 및 유지보수 / 미국 | J.E.T. | 100.00 | 2,173 | 935 | -623 |
| ㈜앤피에스 | 반도체 제조용 기계 제조업 / 한국 | ㈜제우스 | 96.06 | 1,536 | 2,221 | -359 |
| ㈜에이피씨티 | 전자재료용 화학물질 제조 / 한국 | ㈜제우스 | 92.73 | 5,732 | 8,924 | 344 |
| ZEUS CHINA | 엔지니어링 서비스업 / 중국 | ㈜제우스 | 100.00 | 1,431 | 2,482 | 93 |
| GLOBAL ZEUS | 기계 및 장비 중개업 / 미국 | ㈜제우스 | 100.00 | 181 | 48 | -622 |
| ㈜헤라켐테크놀러지 | 감광 재료 관련 화학제품 제조업 / 한국 | ㈜제우스 | 97.50 | 2,429 | 255 | -1,483 |
| GLOBAL ZEUS VINA | 소프트웨어 개발 및 유지보수 / 베트남(2025년 신설) | ㈜제우스 | 100.00 | 419 | - | -191 |
| ㈜쓰리젯 | 탭·밸브 및 유사장치 제조업 / 한국 | ㈜제우스 | 100.00 | 33,153 | 11,170 | 1,007 |
| 쓰리젯메탈㈜ | 제강업 / 한국 | ㈜쓰리젯 | 67.02 | 7,383 | 6,535 | 261 |
| J.E.T. AGRI | 농작물 생산·가공·판매·수출 / 일본 | J.E.T. | 100.00 | 149 | 432 | -587 |

- ㈜앤피에스는 당기 중 단기대여금 500,000천원을 출자전환하여 지분율이 60.49%→96.06%로 상승하였다.
- ㈜헤라켐테크놀러지는 전기 중 단기대여금 2,700,000천원을 출자전환하였다.
- ㈜솔브리지(반도체 제조장비, 지분율 75%로 2011년 출자)는 2024년 7월 지분을 전액 매각하여 종속회사에서 제외되었다.

### 관계기업(지분법 적용) 및 기타 지분투자(2025년 12월 31일 현재)
| 법인명 | 상장여부 | 최초취득일 | 출자목적 | 지분율(%) | 기말장부가액(백만원) | 최근사업연도 총자산(백만원) | 당기순손익(백만원) |
|---|---|---|---|---|---|---|---|
| ㈜게스 | 비상장 | 2014.08.26 | 투자 | 44.70 | 364 | 3,970 | 260 |
| 엠투에스㈜ | 비상장 | 2025.08.22(당기 중 편입) | 투자 | 30.77 | 4,635 | 12,384 | -12,689 |
| Hrein Energy, Inc. | 비상장 | 2019.03.19 | 투자 | 21.23 | -(장부가액 감소, 손상 반영 추정) | 278 | -438 |
| ㈜올앤원솔루션 | 비상장 | 2006.02.27 | 투자 | 30.00 | -(전액 손상인식, 회생절차 진행 중) | - | - |
| 새버스포항 | 비상장 | 2016.10.21 | 투자 | - | 6,000(취득금액 기준) | - | - |
| Newbis Semiconductor Technology(Nantong) Co., Ltd. | 비상장 | 당기 중 ORIBRIGHT SHANGHAI가 지분 취득 | 관계기업 편입 | 연결기준 유효지분율 15.91% | - | - | - |

- 엠투에스㈜는 당기 중 전환권 행사 및 유상증자로 지분을 취득하였고, 대여금 및 당기 중 인수한 전환사채 등을 고려하여 유의적 영향력이 있다고 판단하여 관계기업으로 신규 편입되었다.
- ㈜올앤원솔루션은 회생절차 진행 중으로 지분 전액을 손상인식하였다.
- 제우스의 타법인출자 합계(2025년 12월 31일 기준): 출자회사 13개사, 기말장부가액 합계 26,661백만원(경영참여 목적 21,662백만원, 일반투자 목적 4,999백만원).

### 타회사 임원 겸직 현황
- 이종우(제우스 대표이사): ㈜쓰리젯 이사, ZEUS CHINA 대표이사, ㈜에이피씨티 이사, ㈜헤라켐테크놀러지 이사, GLOBAL ZEUS 이사 겸직
- 안기환(제우스 사내이사): ZEUS CHINA 이사 겸직
- 최원석(제우스 사내이사): ㈜에이피씨티, ㈜앤피에스 이사 겸직
- 정광일(제우스 사내이사): ㈜앤피에스 이사 겸직

## 특수관계자 거래
연결기준 특수관계자는 관계기업(㈜게스, HREIN ENERGY, INC., 엠투에스㈜, Newbis Semiconductor Technology(Nantong) Co., Ltd.)과 기타특수관계자(㈜올앤원솔루션)로 구성된다.

- 연결기준 재화 판매: ㈜게스 11,342천원(전기 22,684천원), 엠투에스㈜ 9,250천원(전기 0원)
- 연결기준 재화 매입: ㈜게스 497,320천원(전기 296,440천원), 엠투에스㈜ 0원
- 연결기준 채권·채무: ㈜게스 수취채권 0원 / 채무액 129,580천원, 엠투에스㈜ 수취채권 2,000,000천원 / 채무액 0원
- 대표이사로부터 금융기관 차입금 등에 대한 지급보증 제공받음: 원화 15,105,400천원, USD 12,000,000, JPY 117,000,000,000
- 주요 경영진(연결기준) 단기종업원급여 등 보상: 당기 6,878,311천원(전기 6,280,149천원)

별도재무제표 기준으로는 지배기업인 제우스와 종속기업(J.E.T., ㈜에이피씨티, ORIBRIGHT SHANGHAI, ㈜쓰리젯, ZEUS CHINA, GLOBAL ZEUS, ㈜제이이티코리아, ㈜앤피에스, ㈜헤라켐테크놀러지, J.E.T. Semi-Con. TAIWAN, 쓰리젯메탈㈜, J.E.T. AMERICA, J.E.T AGRI, GLOBAL ZEUS VINA) 및 관계기업(㈜게스, 엠투에스㈜, HREIN ENERGY, INC.) 간 거래 규모가 상세히 공시되어 있으며, 주요 거래 잔액은 다음과 같다(당기말, 천원).
- 수취채권: J.E.T. 1,040,326 / ㈜에이피씨티 66,394 / ORIBRIGHT SHANGHAI 1,184 / ㈜제이이티코리아 61,526 (합계 1,169,429)
- 대여금 및 선급금: ㈜앤피에스 500,000 / ㈜헤라켐테크놀러지 4,400,000 / ㈜게스 2,000,000 (합계 6,900,000)
- 채무액: J.E.T. 1,087,239 / ㈜에이피씨티 1,062,966 / ORIBRIGHT SHANGHAI 227,844 / ZEUS CHINA 398,578 / ㈜제이이티코리아 150,000 / ㈜앤피에스 366,039 / ㈜헤라켐테크놀러지 12,918 / ㈜게스 129,580 (합계 3,435,163)

이사회에서는 2025년 중 종속회사 자금대여(다수 건), 종속회사 유상증자 참여, 종속회사 대여금 출자전환, 관계회사 자금대여(2건), 관계회사 유상증자 참여, 관계회사 신규 지분 취득 등 계열사 지원 성격의 안건이 다수 의결되었다(개별 금액은 이사회 의사록에 명시되지 않음).

## 연구개발
연결기준 연구개발 담당조직은 제우스(연구소), J.E.T.(연구소), ㈜쓰리젯(연구소), ㈜에이피씨티(연구소), ㈜앤피에스(연구소), ㈜헤라켐테크놀러지(연구소)로 각 계열사가 개별 연구조직을 운영한다. 당기 연구개발비용(천원)은 원재료 14,361,822, 인건비 13,609,354, 감가상각비 1,724,339, 위탁용역비 1,207,082 등이다.

## 기타 참고사항
- 대주주 등과의 거래(신용공여, 자산양수도, 영업거래, 이해관계자 거래)는 해당사항 없음으로 공시되었다.
- 경영상의 주요계약은 해당사항 없음으로 공시되었다(별도의 라이선스·기술제휴 계약 없음).
- 신용평가(2025.09.22, 이크레더블): 신용등급 BBB, 현금흐름등급 B.
"
프로텍,"# 주식회사 프로텍 (PROTEC Co., Ltd.) 사업보고서 요약 (제29기, 2025년 12월 결산)

## 사업 개요
주식회사 프로텍은 1997년 9월 1일 반도체장비 및 자동화공압부품 등의 제조를 목적으로 설립되어 2001년 8월 코스닥시장에 상장하였다. 본점은 경기도 안양시 동안구 시민대로327번길 11-14(관양동)이며, 대표이사는 최승환이다. 고속 자동화 시스템 기반 반도체 패키지 공정장비 제조 전문기업으로, 핵심 제품은 디스펜서, 다이본더, 무인운반차(AGV) 등이며 반도체 후공정, 표면실장(SMT) 공정, LED패키징, 스마트폰 제조 등에 사용된다. 2025년 12월 31일 기준 연결대상 종속회사는 상장 1개(㈜피엠티), 비상장 5개(MINAMI Co.,LTD, ㈜피앤엠, ㈜프로텍엘앤에이치, ㈜프로텍인베스트먼트, ㈜프로텍벤처스) 등 총 6개사이다.

## 매출 및 손익 현황
- 연결 매출액(제29기) 230,543백만원으로 전기(제28기) 170,289백만원 대비 증가, 영업이익 46,307백만원(전기 13,443백만원), 당기순이익 35,377백만원(전기 12,748백만원). 자산총계 442,823백만원, 부채총계 88,723백만원, 자본총계 354,100백만원(제29기말).
- 매출실적(연결, 내부거래 제거 후, 천원)
  - 지배회사(프로텍) 반도체·SMT·LED용 제조기계(디스펜서, 다이본더, 레이저리플로우, 솔더볼 어태치, 물류설비 등): 수출 44,474,367 / 내수 103,511,870 / 합계 147,986,237(제29기)
  - 지배회사 부품 및 상품: 수출 9,319,009 / 내수 27,451,800 / 합계 36,770,809
  - 종속회사(미나미, 피엠티, 피앤엠, 프로텍인베스트먼트 등: 스크린프린터, 솔더볼플레이서, 공압실린더, 프로브카드 등): 수출 25,370,529 / 내수 20,415,131 / 합계 45,785,660
  - 연결 합계: 수출 79,163,905 / 내수 151,378,801 / 총합계 230,542,706(제29기), 170,289,499(제28기), 156,071,199(제27기)
- 연구개발비용(연결기준, 천원): 제29기 계 15,996,949(원재료비 5,256,143, 인건비 9,257,715, 감가상각비 20,973, 기타 1,462,118), 매출액 대비 비율 6.9%(제28기 8.4%, 제27기 11.7%)

## 주요 매출처·매입처 및 공급관계
- **판매방법 및 조건(국내 거래처)**: 삼성전자, SK하이닉스, 앰코테크놀로지코리아, 제이셋스태츠칩팩코리아, 엘지전자, 엘지이노텍, 삼성전기 등 — 현금·전자결제 조건으로 거래
- **판매방법 및 조건(해외 거래처)**: ASE, AMKOR, SPIL 등 — T/T, L/C 조건으로 거래
- **삼성전자 주식회사**: 2024년 9월 13일 체결한 반도체 제조장비 판매공급계약의 상대방(프로텍이 삼성전자에 공급). 계약금액 24,380백만원, 계약기간 2024.09.12~2025.12.31, 이행 완료(당기·누적 판매공급금액 및 대금수령금액 각 24,380백만원).
- **기술료지급계약**: 계약상대방은 해외 소재 ""A사""(영업기밀 사유로 실명 비공개), 계약체결일 2024년 12월 21일, 프로텍이 A사의 기술을 사용하는 대가로 사용료를 지급하는 계약(추가판매목적 포함). 세부 조건은 영업기밀로 비공개.
- 판매전략상 시스템 사업부 내수판매는 주로 삼성전자, SK하이닉스, 스태츠칩팩코리아, 앰코테크놀로지코리아 등 국내 대기업 대상이며, 해외는 직접 수출 및 현지 에이전시를 통한 판매(경쟁사로 미국 A사, C사 언급, 실명 비공개).
- 종속회사(뉴메틱 사업, ㈜피앤엠 등)는 전국 대리점망을 통해 판매하며, 해외 agent 및 종합메이커와도 공급계약을 체결하고 있다(구체적 거래처명은 원문에 제시되지 않음).
- 종속기업 미나미㈜·㈜피앤엠·㈜피엠티는 프로텍의 특수관계자로서 상호 매출·매입 거래가 존재한다(아래 특수관계자 거래 참조).

## 계열회사·종속회사·타법인출자 현황
### 연결대상 종속회사(2025년 12월 31일 현재, 총 6개사: 상장 1개, 비상장 5개)
| 상호 | 설립일 | 소재국 | 주요사업 | 지배관계 | 프로텍 지분율 |
|---|---|---|---|---|---|
| MINAMI CO.,LTD | 2012.08.07 | 일본 | 반도체 제조용기계 제조업(스크린프린터 외) | 지분 100% 보유 | 100% |
| ㈜피앤엠(구 ㈜프로텍에이엔이) | 2014.04.21 | 한국(인천) | 자동화공압부품 외 | 지분 100% 보유 | 100% |
| ㈜프로텍엘앤에이치(구 ㈜위티) | 2015.07.06 | 한국(수원) | 산업용 전자기기 개발 및 제조 | 지분 96.88% 보유 | 96.88% |
| ㈜프로텍인베스트먼트 | 2022.06.14 | 한국(서울) | 신기술사업금융업 | 지분 100% 보유 | 100% |
| ㈜프로텍벤처스(구 ㈜브릿지폴인베스트먼트) | 2001.03.29 | 한국(서울) | 벤처캐피탈 외 | ㈜프로텍인베스트먼트가 지분 100% 보유(손자회사) | - |
| ㈜피엠티(구 ㈜마이크로프랜드) | 2004.05.12 | 한국(아산) | 반도체 검사장치 제조 외(상장사) | 지분 46.07% 보유 | 46.07% |

- ㈜피엠티는 2022년 12월 관계기업에서 종속회사로 편입(상호는 2023년 3월 마이크로프랜드에서 피엠티로 변경)되었으며, 2025년 12월말 프로텍의 지분율은 46.07%(지배력은 실질지배력 판단에 따름)이다. 보고서 작성기준일 이후(2026년 1~2월) 프로텍은 ㈜피엠티 주식 195,000주를 797,899,080원에 추가 취득하였다.
- ㈜프로텍인베스트먼트는 2026년 3월 18일 유상증자에 프로텍이 20억원(40만주, 발행가 5,000원)을 추가 출자하기로 2026년 3월 16일 이사회에서 결정하였다.
- 연혁상 (주)피에스(2016년 지분 100% 취득, 2018년 4월 흡수합병으로 연결제외), (주)그로티(2015년 지분 51.61%로 편입, 2021년 11월 전량 매각), (주)엠솔(2022년 5월 지분 100% 취득 후 2022년 9월 소규모합병으로 연결제외), (주)스트라토아이티(2014년 지분 52.38%로 편입, 2023년 6월 소규모합병으로 연결제외)는 모두 현재 연결대상에서 제외되었다.
- 임원 겸직 현황(2025.12.31 기준): 최승환(프로텍 대표이사)은 ㈜프로텍엘앤에이치 대표이사 및 ㈜피앤엠 이사 겸직, 이원호는 MINAMI 이사 및 ㈜피앤엠 이사 겸직, 고윤성은 ㈜프로텍엘앤에이치 이사 겸직, 최재혁은 ㈜피엠티 이사 겸직, 김상근은 MINAMI·㈜피앤엠·㈜프로텍엘앤에이치 감사 및 ㈜피엠티 이사 겸직.

### 관계기업 및 기타 지분투자(2025년 12월 31일 현재)
| 법인명 | 소재지 | 주요사업 | 지분율(%) | 장부금액(천원) |
|---|---|---|---|---|
| 브릿지폴-나이스 벤처투자조합 | 한국 | 벤처기업투자 | 0.95 | 38,224 |
| 케이비-브릿지폴 벤처투자조합 2호 | 한국 | 벤처기업투자 | 2.86 | 283,502 |
| 프로텍 헬스케어 벤처투자조합 1호 | 한국 | 벤처기업투자(당기 신규 취득) | 7.08 | 149,621 |
| 베이스메트로놈1호벤처투자조합 | 한국 | 단순투자 | 1.6 | 889백만원 |
| ㈜유비쿼스홀딩스(상장) | 한국 | 단순투자 | 1 | 2,020백만원 |
| 포휴먼라이프 제1호 사모투자 합자회사 | 한국 | 단순투자(당기 만기해지·처분) | - | 0 |

(주) 지분율 20% 미만인 벤처투자조합에 대해서도 프로텍이 업무집행조합원으로서 유의적 영향력을 행사할 수 있다고 판단하여 관계기업으로 분류하였다.

타법인출자 현황(상세, 2025.12.31, 단위 백만원): MINAMI Co.,LTD 지분율 100%·장부가액 3,857 / ㈜피앤엠 지분율 100%·장부가액 3,500 / ㈜프로텍엘앤에이치 지분율 96.88%·장부가액 0 / ㈜피엠티 지분율 46.07%·장부가액 13,958(취득원가 18,016) / ㈜프로텍인베스트먼트 지분율 100%·장부가액 25,000 / 포휴먼라이프 제1호 사모투자 합자회사 지분율 0%(처분)·장부가액 0 / 베이스메트로놈1호벤처투자조합 지분율 1.6%·장부가액 889 / ㈜유비쿼스홀딩스(상장) 지분율 1%·장부가액 2,020. 타법인출자 합계: 경영참여 목적 8개사 기말장부가액 46,315백만원, 단순투자 목적 3개사 기말장부가액 2,909백만원, 총 49,224백만원.

## 특수관계자 거래
프로텍의 종업원 외 특수관계자는 종속기업(미나미㈜, ㈜피앤엠, ㈜피엠티, ㈜프로텍엘앤에이치 등)과 관계기업(브릿지폴-나이스 벤처투자조합, 케이비-브릿지폴 벤처투자조합 2호, 프로텍 헬스케어 벤처투자조합 1호)으로 구성된다.

- **미나미㈜(종속기업)**: 매출 1,019,971천원(전기 591,571천원) / 매입 1,321,829천원(전기 1,152,637천원). 당기말 채권 34,076천원(손실충당금 208천원, 대손상각비 99천원 인식), 채무 없음.
- **㈜피앤엠(종속기업)**: 매출 33,490천원(전기 18,480천원) / 매입 38,907,910천원(전기 27,033,104천원, 프로텍의 최대 매입 특수관계자) / 수입임대료 264,000천원(전기 264,000천원 동일). 당기말 채권 48,125천원(손실충당금 146천원), 채무 3,714,232천원(전기 2,745,430천원).
- **㈜피엠티(종속기업)**: 매출 16,300천원(전기 4,895천원) / 매입 0원(전기 46,200천원) / 수입임대료 21,600천원 / 이자수익 204,151천원(전기 0원). 당기말 채권 13,059,338천원(대여금 포함), 채무 18,000천원(전기와 동일). 당기 중 자금대여 13,000,000천원 실행, 상환 1,100,282천원.
- **㈜프로텍엘앤에이치(종속기업)**: 전기 중 자금대여 77,000천원 실행(당기 잔액 변동은 별도 명시 없음).
- **브릿지폴-나이스 벤처투자조합(관계기업)**: 매출 52,500천원(전기 13,197천원)
- **케이비-브릿지폴 벤처투자조합 2호(관계기업)**: 매출 105,000천원(전기 26,393천원)
- **프로텍 헬스케어 벤처투자조합 1호(관계기업)**: 매출 3,601천원(전기 0원, 당기 신규)
- 특수관계자 채권·채무 합계(당기말): 채권 13,141,539천원, 채무 3,732,232천원(전기말 채권 44,063천원, 채무 2,763,430천원)
- 특수관계자로부터 제공받은 지급보증: 대표이사가 KEB하나은행 앞 9,600,000천원 보증 제공
- 프로텍이 특수관계자 자금조달을 위해 제공한 담보: ㈜피엠티의 국민은행 여신에 대해 3,300,000천원 담보 제공
- 종업원에 대한 주택자금·생활안정자금 대여: 당기말 단기대여금 85,000천원(전기 60,000천원), 장기대여금 20,000천원(전기 45,000천원)

## 연구개발
연결기준 연구개발비용은 제29기 15,996,949천원(매출액 대비 6.9%)으로 원재료비, 인건비, 감가상각비, 기타 비용으로 구성되며, 회계처리상 판매비와관리비 4,418,411천원 및 제조경비 11,578,538천원으로 배분되었다. 반도체부문 연구과제를 중심으로 부설연구소를 운영하고 있다.

## 기타 참고사항
- 회사가 2025년 12월 31일자로 보유한 자기주식 2,000,000주를 전량 무상감자하는 안건이 2026년 3월 27일 제29기 정기주주총회 제4호 안건으로 상정되었다.
"
레이저쎌,"# 레이저쎌 주식회사 (Laserssel Co., Ltd.) 사업보고서 요약 (제11기, 2025년 12월 결산, 기재정정 반영)

## 사업 개요
레이저쎌 주식회사는 2015년 4월 6일 설립되었으며(설립 당시 상호 크루셜머신즈 주식회사, 2019년 4월 23일 현재 상호로 변경), 면광원 에이리어 레이저 기술을 기반으로 반도체·디스플레이·2차전지 후공정(패키징) 중 본딩 공정에 사용되는 레이저리플로우 장비를 개발·제조한다. 본점은 경기 화성시 동탄산단4길 9-9이며, 2022년 6월 24일 기술성장기업 특례로 코스닥시장에 상장하였다. 보고기간말 자본금은 6,513,486천원이며, 최대주주는 안건준(지분율 15.23%, 1,984,345주)이고 기타 주주가 84.77%를 보유한다. 2025년 12월 31일 기준 연결대상 종속회사는 비상장 3개사이다.

## 매출 및 손익 현황
- 연결 매출액(수익): 제11기 4,684,448천원, 제10기 4,015,871천원, 제9기 6,026,961천원. 매출원가가 매출액을 상회하여 제11기 매출총손실 (1,868,840)천원, 영업손실 (13,546,745)천원(제10기 영업손실 (9,208,985)천원, 제9기 영업손실 (5,779,730)천원)을 기록하였다.
- 별도(개별) 기준 매출실적(단위 백만원): 2025년(제11기) 국내 1,974(50%) / 해외 1,947(50%), 합계 3,920. 2024년(제10기) 국내 3,211(91%) / 해외 309(9%), 합계 3,520. 2023년(제9기) 국내 5,050(84%) / 해외 977(16%), 합계 6,027.
- 연결 자산총계 42,927백만원(제11기말), 부채총계 24,355백만원, 자본총계는 자산-부채 차감액.
- 수주현황: 신고서 제출일 기준 이월수주분 포함 총 수주금액 6,945백만원, 당기 납품 1,731백만원, 수주잔고 5,214백만원(수주일자·납기·수량 등 상세정보는 영업기밀로 총액만 공시).
- 재고자산평가손실: 당기 2,727,537천원 인식(전기 436,523천원), 매출원가에 포함.
- 상장기업 재무사항 비교표(공모 예측치 대비 실적치, 연결기준, 단위 백만원): 2022년 매출액 예측 19,349 vs 실적 6,033(괴리율 68.82%, 미달성), 영업이익 예측 4,292 vs 실적 -5,033(미달성); 2023년 매출액 예측 35,987 vs 실적 6,027(미달성); 2024년 매출액 예측 78,261 vs 실적 3,521(미달성). 2025년 매출액 4,684백만원으로 매출액 미달 관리종목 지정요건에는 해당하나 기술특례상장 사유로 2026년 12월 31일까지 지정 유예 중이다.

## 주요 매출처·매입처 및 공급관계
레이저쎌은 매출처와 비밀유지계약을 체결한 관계로 개별 매출처의 실제 기업명을 공시하지 않고 ""A사~P사"" 등 익명 부호로만 기재하고 있다(원문 명시 사유: ""매출처와 비밀유지계약을 체결한 관계로 자세한 매출처 기업명은 기재하지 않았습니다"").
- 주요 매출처별 매출액(단위 백만원, 상위만 발췌, 매출액이 있는 연도만 표시)
  - A사: 2024년 2,924 / 2023년 4,567 (2025년 거래 없음)
  - P사: 2025년 1,385
  - O사: 2025년 753
  - M사: 2025년 650
  - K사: 2025년 387 / 2023년 241
  - H사: 2025년 330 / 2023년 25
  - L사: 2025년 195
  - N사: 2025년 104
  - B사: 2023년 317
  - E사: 2025년 39 / 2024년 37
  - F사: 2024년 47 / 2023년 74
  - J사: 2025년 3 / 2024년 248
  - C사: 2025년 14
  - D사: 2023년 10
- 상위 3개사 매출 비중: 2025년 71.11%(2,788백만원), 2024년 83.08%(2,924백만원), 2023년 85.03%(5,125백만원)로 매출 집중도가 높다.
- 판매경로: 국내외 최종 고객과 직접 접촉하여 영업하되, 고객사 현지 CS 대응 및 수금 이슈가 있는 일부 고객은 싱가폴·대만·중국 등에 위치한 영업 파트너사를 통해 발주·납품·수금을 진행한다. 미국·대만·일본·중국 등에 데모센터를 운영하며 총 10개 거점별 판매 파트너사와 협력한다.
- 주요 목표 산업군은 첨단반도체, 디스플레이, 전기자동차 3개 분야이며, 각 분야 Top-Tier 선두기업을 우선 공략하는 전략을 취하고 있다(구체적 고객사명은 비공개).
- 특수관계자 영업거래(비밀유지계약 대상 매출처와는 별개, 계열·관계회사 거래): 익스레쎌㈜(관계기업)에 대한 외상매입금 14,040,000원(전기 동일), 선급금 0원(전기 857,000,000원), 미수금 154,440,000원(대손충당금 154,440,000원 전액 설정); ㈜파이레쎌에 대한 외상매입금 85,800,000원(전기 76,230,000원); ㈜레이저머트리얼즈에 대한 단기대여금 300,600,000원(전기 40,000,000원, 대손충당금 117,977,307원 설정), 미수수익 9,020,612원; 케이투레이저시스템㈜(기타특수관계자)에 대한 미지급금 218,900,000원(당기 신규).

## 계열회사·종속회사·타법인출자 현황
### 연결대상 종속회사(2025년 12월 31일 현재, 비상장 3개사)
| 상호 | 설립일 | 소재국 | 주요사업 | 최근사업연도말 자산총액(원) | 레이저쎌 지분율 |
|---|---|---|---|---|---|
| Laserssel USA | 2022.08.01 | 미국(애리조나) | 해외영업 및 마케팅 | 17,357,440 | 100% |
| 레이저세미콘(주) | 2011.11.03 | 한국(용인) | 반도체 fabless | 208,179,279 | 82.61% |
| (주)레이저머트리얼즈 | 2021.07.30 | 한국(대전) | 공기 압축 통제 기술 | 273,000 | 44.41%(지배력 보유로 종속회사 편입) |

- 레이저세미콘(주)은 2023년 12월 28일 지분 82.61%(3,139,326주)를 취득원가 1,065,663천원에 취득하여 종속회사로 편입하였으며, 2025년 기말장부가액은 손상 등으로 0원으로 계상되었다(취득원가 대비 -1,565,663천원 감소).
- (주)레이저머트리얼즈는 2024년 4월 25일 지분 44.41%(266,440주)를 84,413천원에 취득하였으며, 지분율은 과반 미만이나 종속회사로 연결에 포함되어 있다(2025년 기말장부가액 0원, 취득원가 대비 전액 감소).

### 관계기업 등 기타 출자(2025년 12월 31일 기준, 타법인출자 현황상세)
| 법인명 | 최초취득일 | 출자목적 | 지분율(%) | 기말장부가액(천원) | 최근사업연도 총자산(천원) | 당기순손익(천원) |
|---|---|---|---|---|---|---|
| 익스레쎌(주) | 2021.10.14 | 경영참여 | 33 | 16,500 | 59,073 | -93,694 |
| (주)파이레쎌 | 2021.11.25 | 경영참여 | 33 | 0 | 193,711 | 4,421 |
| Laserssel USA | 2022.08.01 | 경영참여 | 100 | 1,327 | 4,727 | -500 |
| 레이저세미콘(주) | 2023.12.28 | 경영참여 | 82.61 | 0 | 1,886 | -784 |
| (주)레이저머트리얼즈 | 2024.04.25 | 경영참여 | 44.41 | 0 | 273 | -158 |

타법인출자 합계: 5개사, 최초취득금액 합계 3,472,766천원, 기말장부가액 합계 17,827천원(대부분 손상 반영으로 장부가액이 크게 감액됨).

### 계열회사 현황(상세, 2025.12.31 기준, 비상장 5개사)
㈜파이레쎌(법인등록번호 135811-0433002), 익스레쎌㈜(131111-0648013), Laserssel USA(EIN 23404798), 레이저세미콘(주)(110111-4495803), 레이저 머트리얼즈(297-87-02113). 계열회사 현황(요약)상으로는 연결대상 종속회사인 3개사(Laserssel USA, 레이저세미콘, 레이저머트리얼즈)만 집계되어 있으나, 타법인출자 상세표에는 관계기업 성격의 익스레쎌㈜·㈜파이레쎌도 함께 열거되어 있다.

## 특수관계자 거래
레이저쎌의 특수관계자는 관계기업(익스레쎌㈜, ㈜파이레쎌, ㈜레이저머트리얼즈)과 기타특수관계자(케이투레이저시스템㈜), 주요경영진으로 구성된다.
- 익스레쎌㈜: 외상매입금 14,040,000원(레이저쎌이 익스레쎌로부터 매입, 전기 동일), 선급금 0원(전기 857,000,000원 지급했던 것이 당기 정산), 미수금 154,440,000원(전액 대손충당금 설정)
- ㈜파이레쎌: 외상매입금 85,800,000원(전기 76,230,000원)
- ㈜레이저머트리얼즈: 단기대여금 300,600,000원(전기 40,000,000원, 대손충당금 117,977,307원), 미수수익 9,020,612원 — 레이저쎌이 자금을 대여
- 케이투레이저시스템㈜(기타특수관계자): 미지급금 218,900,000원(당기 신규 발생)
- 주요경영진: 단기차입금 18,416,468원(당기 신규, 경영진이 회사에 자금을 대여한 것으로 추정)
- 타인으로부터 제공받은 지급보증: 서울보증보험 14,300,000원(이행보증)
- 대주주 등에 대한 신용공여, 자산양수도, 영업거래 및 대주주 이외 이해관계자와의 신용공여·자산양수도는 모두 해당사항 없음으로 공시되었다.

## 연구개발
레이저쎌은 면광원-에어리어 레이저 기술을 자체 개발하였으며, 2016년 AREA 컨소시움과 협력하여 레이저 리플로우 기술의 신뢰성을 검증받았고, 2021년 9월 싱가폴 IME 연구소와 SiC 기반 전력반도체 레이저 소결 공정에 대한 신뢰성 평가를 완료하였다. High-End 제품군(LSR, LCB, LSB, BSOM/NBOL 디바이스)으로 제품 포트폴리오를 확장 중이며, Mini LED 디스플레이 리웍장비(rLSR)는 마진율 30%대, LCB·LSB·BSOM/NBOL 제품군은 50~70%대 고마진 제품으로 소개하고 있다.

## 기타 참고사항
- 경영상의 주요계약, 대주주와의 거래, 중요한 소송사건, 공시내용 진행·변경사항은 모두 ""해당사항 없음""으로 공시되었다.
- 신용평가(2024.04.30, NICE신용정보): 기술신용등급 BBB-, 기술평가등급 T3, 기업평가등급 bb-.
- 2025년 매출액 4,684백만원으로 매출액 미달 관리종목 지정요건에 해당하나, 기술특례상장 사유로 2026년 12월 31일까지 지정이 유예되어 있다.
- 본 사업보고서는 연결재무제표 및 재무제표 주석 누락을 사유로 2026년 3월 24일 기재정정되었다.
"
네오셈,"# 주식회사 네오셈 (NEOSEM INC.) 사업보고서 요약 (제10기, 2025년 12월 결산, 첨부추가)

## 사업 개요
주식회사 네오셈은 반도체 검사장비의 제조·판매를 주 사업목적으로 2002년 4월 4일 설립되었으며, 2019년 1월 24일 대신밸런스제3호기업인수목적(주)과의 합병(합병등기)을 통해 우회상장하였다. 본점은 경기도 안양시 동안구 시민대로327번길 12-26(관양동)이며 대표이사는 염동현이다. 세계 유수의 반도체 제조사를 주 고객으로 SSD 테스터, 번인 테스터 등 반도체 검사장비를 개발·제조·판매한다. 2025년 12월 31일 기준 연결대상 종속회사는 비상장 6개사(당기 중 NEOSEM INDIA Pvt Ltd 신설로 5개→6개 증가)이다.

## 매출 및 손익 현황
- 연결 매출액: 제10기 63,937백만원(2025.01.01~09.30 표시 오류 가능성 있으나 원문 그대로, 실질적으로 제10기 매출), 제9기(2024년) 105,237백만원, 제8기(2023년) 100,931백만원. 영업이익 제10기 4,055백만원(제9기 16,467백만원, 제8기 8,087백만원), 당기순이익 제10기 5,342백만원(제9기 19,215백만원, 제8기 8,282백만원).
  - (원문 표기 그대로 인용: ""구분 (2025.01.01~2025.09.30) / (2024.01.01~2024.12.31) / (2023.01.01~2023.12.31)""로 되어 있으나 매출액 수치는 이후 매출실적표의 제10기(2025년 연간) 수치와 일치하여 연간 실적으로 판단됨.)
- 연결 자산총계 155,056백만원(제10기말, 전기 141,905백만원), 부채총계 35,853백만원, 자본총계 119,204백만원.
- 별도(개별) 기준 매출실적(단위 백만원)
  - SSD 테스터: 수출 42,543 + 내수 2,477 = 45,020(제10기) / 84,203(제9기) / 95,471(제8기)
  - 번인 테스터: 수출 1,133 + 내수 11,627 = 12,761(제10기) / 16,715(제9기) / 2,162(제8기)
  - 테스터 합계: 57,781(제10기) / 100,919(제9기) / 97,632(제8기)
  - 상품매출(QIII SYSTEM 외): 2,448(제10기) / 500(제9기) / 759(제8기)
  - 용역&기타(서비스, 임대료): 3,708(제10기) / 3,818(제9기) / 2,540(제8기)
  - 총합계: 수출 49,171 + 내수 14,766 = 63,937(제10기) / 105,237(제9기) / 100,931(제8기)
- 판매경로별 비중(제10기): SSD 테스터 해외 현지법인 통한 판매 41,179백만원(71.27%), SSD 테스터 직접판매(해외) 1,365백만원(2.36%), SSD 테스터 내수 직접판매 2,477백만원(4.29%), 번인 테스터 수출 직접판매 1,133백만원(1.96%), 번인 테스터 내수 직접판매 11,627백만원(20.12%)
- 수주현황(보고서 작성일 현재, 단위 K$): 반도체 검사장비 외 2건 — ①수주일 2025.11.14/납기 2026.06.30/수주총액 USD 9,594천 ②수주일 2026.02.10/납기 2026.05.11/수주총액 USD 4,558천, 합계 USD 14,152천(전년도 매출 5% 미만 소액 수주는 미포함, 수량 비공개로 실제와 차이 있음)
- 원재료 매입액(제10기, 백만원): 합계 24,023 (주요 품목: IC, PCB, 챔버류 등)
- 교환사채: 2025.12.29 발행 100억원(867,302주 상당), 2026.01.29~01.31 사이 3회에 걸쳐 80억원(693,840주) 조기 교환청구, 잔액 20억원(173,462주)

## 주요 매출처·매입처 및 공급관계
네오셈은 보안을 중시하는 반도체 산업 특성상 개별 매출처·매입처의 실명을 사업보고서에 공개하지 않는다(원문: ""3) 주요 매입처 및 회사와의 특수관계 여부 보안을 중시하는 반도체 시장의 특성상 주요 매입처 또한 보안사항에 해당하므로, 사업보고서를 통하여 공개가 어렵습니다. 다만, 회사와 특수한 관계를 갖고 있는 매입처는 존재하지 않습니다.""). 매출처에 대해서도 ""세계 유수의 반도체 제조사""로만 서술되어 있고 개별 기업명은 제시되지 않는다.
- 판매조직: 한국 본사(국내 반도체 기업 대상), 미국법인 Neosem Technology Inc.(북미 지역 글로벌 반도체 기업 대상), 싱가폴법인 NEOSEM ASIA PTE. Ltd.(아시아 반도체 기업), 말레이시아법인 NEOSEM (M) SDN. BHD.(아시아 반도체 기업). 중국·일본은 대리점을 통한 영업.
- 판매방법: 국내는 네오셈이 고객에게 직접 판매, 해외는 현지법인이 수주 후 네오셈에 재발주(재PO)하여 네오셈이 제조·직접배송하는 구조.
- 매입처와 관련해서는 회사와 특수관계를 갖는 매입처는 존재하지 않는다고 명시되어 있다.

## 계열회사·종속회사·타법인출자 현황
### 연결대상 종속회사(2025년 12월 31일 현재, 비상장 6개사, 전부 지분 100% 보유)
| 상호 | 설립일 | 소재국 | 주요사업 | 최근사업연도말 자산총액(원) | 지배관계 근거 | 주요종속회사 여부 |
|---|---|---|---|---|---|---|
| NEOSEM HOLDINGS INC. | 2015.10.21 | 미국(리버모어) | 해외투자법인 | 16,297,491,964 | 의결권 과반수 소유 | 해당 |
| NEOSEM TECHNOLOGY INC. | 1982.07.01 | 미국(리버모어) | 반도체 검사장비 개발/영업 | 33,785,822,504 | 의결권 과반수 소유 | 해당 |
| NEOSEM CHINA Co.,Ltd. | 2014.03.07 | 중국(상하이) | 중국판매장비 기술 서비스 | 155,517,847 | 의결권 과반수 소유 | 미해당 |
| NEOSEM ASIA PTE. Ltd. | 2016.08.30 | 싱가폴 | 반도체 검사장비 아시아권 영업·서비스 | 103,068,892 | 의결권 과반수 소유 | 미해당 |
| NEOSEM (M) SDN. BHD. | 2021.10.04 | 말레이시아(페낭) | 반도체 검사장비 아시아권 영업·서비스 | 464,986,504 | 의결권 과반수 소유 | 미해당 |
| NEOSEM INDIA Pvt Ltd | 2025.04.11(당기 신설) | 인도(뉴델리) | 반도체 검사장비 인도권 영업·서비스 | 19,916,293 | 의결권 과반수 소유 | 미해당 |

- 타법인출자 현황(2025.12.31, 단위 백만원, 전부 지분율 100%): NEOSEM HOLDINGS INC. 장부가액 6,656(취득원가 12,985), NEOSEM CHINA Co.,Ltd. 161, NEOSEM ASIA PTE. Ltd. 17, NEOSEM (M) SDN.BHD. 341(당기 현물출자 282백만원 반영), NEOSEM INDIA Pvt Ltd 20(당기 현물출자 20백만원 신규). 타법인출자 합계 6개사 기말장부가액 7,195백만원(전부 경영참여 목적).
- 임원 겸직 현황(2025.12.31): 염동현(네오셈 사내이사)은 Neosem Holdings Inc. CEO(비상근/등기), Neosem Technology Inc CEO(비상근/등기) 겸직. 김대진은 Neosem Technology Inc CFO(비상근/등기), NEOSEM (M) SDN.BHD CFO(비상근/등기) 겸직.

## 특수관계자 거래
네오셈의 특수관계자는 전부 연결대상 종속기업(NEOSEM HOLDINGS INC., NEOSEM TECHNOLOGY INC., NEOSEM CHINA CO.,LTD, NEOSEM ASIA PTE.,LTD, NEOSEM (M) SDN.BHD, NEOSEM INDIA Pvt Ltd)이며, 대주주 이외 이해관계자 거래로 공시되었다.

당기(단위 천원):
- NEOSEM TECHNOLOGY INC.(종속기업): 매출 219,945 / 매출채권 8,299,936 / 매입 1,595,275 / 매입채무 65,415 / 기타매입 7,983,921 / 기타채무 2,722,890 (전기 대비 매출채권 8,299,936 vs 13,684,052로 감소, 매입 1,595,275 vs 8,128,949로 크게 감소)
- NEOSEM CHINA CO.,LTD(종속기업): 기타매입 399,621(전기 398,938)
- NEOSEM ASIA PTE.,LTD(종속기업): 기타매입 700,414(전기 549,716)
- NEOSEM (M) SDN.BHD(종속기업): 현물출자 282,118 / 매출 97,264 / 매출채권 53,361 / 기타매입 430,906(전기 매출 329,936, 매출채권 207,673, 기타매입 273,026)
- NEOSEM INDIA Pvt Ltd(종속기업): 현물출자 19,879(당기 신규)
- NEOSEM HOLDINGS INC.(종속기업): 당기·전기 모두 거래 없음(지주회사 성격)

- 대주주 등에 대한 신용공여(국내·해외 채무보증), 대주주와의 자산양수도, 대주주와의 영업거래, 대주주에 대한 주식보상거래는 모두 해당사항 없음으로 공시되었다.
- 당기말 연결회사 차입약정 한도 합계 18,500,000천원(기업은행, 산업은행, 하나은행), 사용액 합계 14,200,000천원.

## 연구개발
원문에서 별도의 ""연구개발활동"" 섹션 내용이 요약 대상으로 특기할 만큼 상세하게 제시되지는 않았으며, SSD 테스터의 세대교체(GEN3→GEN5) 대응 및 세계 최초 CPU 기반 GEN5 SSD 검사장비 개발, DDR5·서버용 DDR5 DRAM 등 차세대 메모리反도체 테스트 장비 개발에 주력하고 있다는 판매전략 서술이 있다. 미국 법인이 영업 및 연구개발 협업 기능을 겸하고 있다.

## 기타 참고사항
- 2025년 7월 생산능력 확대를 위한 신공장 부지(경기도 평택) 토지 양수 계약을 체결하고 신공장 건립을 추진 중이다.
- 신용평가(2025.09.23): 기업신용평가 실시(등급 세부내용은 원문에 등급표 이미지로 첨부되어 텍스트로는 확인되지 않음).
- 중요한 소송사건, 견질·담보용 어음수표, 채무보증현황, 채무인수약정은 모두 해당사항 없음으로 공시되었다.
"
와이씨,"# 주식회사 와이씨 (YC Corp) 사업보고서 요약 (제11기, 2025년 12월 결산)

## 사업 개요
주식회사 와이씨는 반도체 메모리 웨이퍼 테스터(Memory Wafer Tester) 등을 개발·제조하는 반도체 검사장비 전문기업으로, 본점은 경기도 성남시 분당구 판교로255번길 28(디에이치케이솔루션빌딩 7층)이며 각자대표이사는 최명배, 장성진이다. 1997년 AL60xx를 시작으로 MT60xx, MT61xx, MT83xx 등 국내 메모리 제조업체와의 공동개발(JDP·JDA)을 통해 설비를 개발해왔으며, 2015년 에이티테크놀로지(구 프롬써어티)를 인수하여 유지보수 역량을 강화하였다. 2025년 12월 31일 기준 연결대상 종속회사는 상장 1개(샘씨엔에스), 비상장 4개(YIK JAPAN, DAS CORPORATION, 아이디벤처스(주), YC AMERICA CORP) 등 총 5개사이다. 최대주주는 ㈜샘텍이며 최상위지배자는 최명배이다.

## 매출 및 손익 현황
- 연결 자산총계 607,189백만원(제11기말, 전기 576,855백만원, 전전기 480,273백만원)
- 별도 매출현황(제11기, 백만원): 반도체 및 전자(메모리 웨이퍼 테스터, 부속품, Spare parts, 수리/용역매출) 267,477(98.1%), 기타 5,153(1.9%), 합계 272,630
- 매출실적(별도, 백만원): 내수 229,947 + 수출 37,530 = 267,477(제11기) / 211,360(제10기) / 255,182(제9기) — 기타 매출 포함 총합계 272,630(제11기) / 211,241(제10기) / 255,182(제9기)
- 매입현황(제11기, 백만원): IC 40,073(42.6%, 주요 매입처 매커스 외), FRAME 11,916(12.7%, 주요 매입처 (주)샘텍 외), 기타 42,174(44.7%, 주요 매입처 DAS 외), 합계 94,163
- 수주현황(2025.12.31 기준, 백만원): Memory Tester 5건 수주총액 합계 241,138, 기납품액 합계 172,938(미완료 건의 기납품액·잔고는 영업기밀로 비공개)
- 생산실적: 메모리 웨이퍼 테스터 55대(제11기, 가동률 45%), 65대(제10기), 119대(제9기)

## 주요 매출처·매입처 및 공급관계
와이씨의 사업보고서는 원문에서 삼성전자, SK하이닉스를 실명으로 명시한 핵심 고객사로 기술하고 있다.
- **삼성전자**: 2016년부터 고효율 NAND 웨이퍼 테스터 MT6122를 공동개발(JDA, Joint Development Agreement)하여 양산에 기여하였고, 2021년부터 개발한 MT8311은 2024년 하반기부터 출하 시작. 삼성전자 메모리 사업부(DRAM·NAND·HBM 등)가 와이씨의 핵심 매출 기반 중 하나로 서술됨.
- **SK하이닉스**: 일본 Yokogawa Test Solution 사업부 인수 이후 매출처 다변화를 추진하며 확보한 거래처로, SK하이닉스 DRAM 사업부문에는 와이씨의 MT60xx, MT61xx 설비가 현재도 기준설비(품질기준이 되는 테스터)로 양산에 사용되고 있음.
- **매입처(원재료, 제11기)**:
  - IC 매입: 매커스 외 — 매입액 40,073백만원(매입비율 42.6%)
  - FRAME 매입: (주)샘텍 외 — 매입액 11,916백만원(매입비율 12.7%). (주)샘텍은 와이씨의 최대주주(지배기업)이다.
  - 기타 매입: DAS 외 — 매입액 42,174백만원(매입비율 44.7%). DAS는 와이씨의 종속회사(DAS CORPORATION, 일본, 지분 55%)이다.
  - 원문 명기: ""매입처 중 (주)샘텍은 당사의 최대주주이며, DAS는 당사의 종속회사입니다.""
- 대주주와의 영업거래(제11기, 백만원): (주)샘텍(최대주주)과의 매입 등(기구물·외주가공비·리스자산 등) 16,353, 매출 등(임대료 등) 44.
- 판매조직은 반도체 제조업체별로 구분되며 영업 총괄을 통한 업체별 직접판매(주문생산) 방식이다. 판매경로별 매출액 비중: 국내 직접판매 100%.

## 계열회사·종속회사·타법인출자 현황
### 연결대상 종속회사(2025년 12월 31일 현재, 총 5개사: 상장 1개, 비상장 4개)
| 상호 | 설립일 | 소재국 | 주요사업 | 최근사업연도말 자산총액(천원) | 지분율(%) |
|---|---|---|---|---|---|
| 샘씨엔에스(상장) | 2016.06.10 | 한국(성남) | Probe Card용 세라믹 기판 제조 | 253,730,108 | 38.16 |
| YIK JAPAN(비상장) | 2012.06.21 | 일본(도쿄) | 반도체 검사장비 제조 | 3,785,449 | 100.00 |
| DAS CORPORATION(비상장) | 2001.09.13 | 일본(도쿄) | 도매 및 소매업 | 5,674,813 | 55.00 |
| 아이디벤처스(주)(비상장) | 2012.05.16 | 한국(서울) | 창업회사 투자 | 28,242,666 | 81.06 |
| YC AMERICA CORP(비상장) | 2024.10.15 | 미국(산호세) | 영업, 마케팅, 구매 Sourcing | 2,391,852 | 100.00 |

- 샘씨엔에스는 지분율 38.16%(장부가액 11,520,888천원)에 불과하나 실질지배력을 근거로 연결대상 종속회사(주요종속회사)로 분류되어 있다.
- 아이디벤처스(주)는 2024년 11월 14일 신성장동력확보 목적으로 지분 81.06%(1,988,319주)를 17,680,000천원에 취득하였다.
- 회사와 계열회사간 임원 겸직(2025.12.31): 최명배(와이씨 대표이사)는 (주)엑시콘 대표이사, (주)샘텍 대표이사, 디에이치케이솔루션(주) 대표이사, ㈜샘툴스 대표이사, (주)오라컴 대표이사, YC AMERICA CORP 사내이사 겸 대표이사를 겸직하고 있다.

### 계열회사 현황(요약, 2025.12.31 기준)
와이씨를 포함한 기업집단(최명배/㈜샘텍 계열)은 상장 2개사[(주)샘씨엔에스, (주)엑시콘], 비상장 13개사[(주)샘텍, 디에이치케이솔루션(주), (주)샘툴스, (주)오라컴, 아이디벤처스(주), YC AMERICA CORP, YIK Japan Corporation, Exicon Japan Corporation, SEM MICRO Co., Ltd, SEM DIAMOND Co., Ltd, DAS CORPORATION, SYE Global Holding LLC, SVP Management LLC] 등 총 15개사로 구성된다. **(주)엑시콘은 최명배가 대표이사를 겸직하는 계열회사로, 본 보고서 대상 8개사 중 하나이기도 하다.**

### 타법인출자 현황(상세, 2025.12.31 기준, 주요 항목, 단위 천원)
| 법인명 | 상장여부 | 출자목적 | 지분율(%) | 기말장부가액(천원) | 최근사업연도 총자산(천원) | 당기순손익(천원) |
|---|---|---|---|---|---|---|
| 샘씨엔에스 | 상장 | 신성장동력확보 | 38.16 | 11,520,888 | 253,730,108 | 15,062,962 |
| SYE Global Holding LLC | 비상장 | 신성장동력확보 | 35.00 | 10,649,940 | 24,648 | -190 |
| 엑시콘(국내/상장) | 상장 | 지분취득 | 7.75 | 15,283,402 | 189,843,325 | 2,455,725 |
| 아이디벤처스(주) | 비상장 | 신성장동력확보 | 81.06 | 21,970,925 | 28,242,666 | 1,126,849 |
| 디에이치케이솔루션(주) | 비상장 | 지분취득 | 9.62 | 12,664,881 | 129,443,732 | 3,904,139 |
| DAS CORPORATION | 비상장 | 지분취득 | 55.00 | 1,566,554 | 5,674,813 | 536,215 |
| YC AMERICA CORP | 비상장 | 영업/마케팅/구매 Sourcing | 100.00 | 1,354,900 | 2,391,852 | 47,364 |
| YIK JAPAN | 비상장 | 연구 | 100.00 | 717,285 | 3,785,449 | 552,216 |
| IBK-BNW 기술금융 | 비상장 | 지분취득 | 2.00 | 437,815 | 16,326,914 | 20,145,495 |
| 비엔더블유살투스제1호 | 비상장 | 지분취득 | 1.07 | 3,705,681 | 359,668,859 | 1,976,469 |
| 아이디브이 글로벌 넥스트유니콘 펀드 | 비상장 | 지분취득(당기 신규) | 14.49 | 500,000 | 3,418,494 | -31,506 |

와이씨는 자사 주식과 무관하게 상장사인 **(주)엑시콘 지분 7.75%(1,010,807주, 장부가액 15,283,402천원)**를 보유하고 있어, 엑시콘과 와이씨는 최명배·㈜샘텍을 정점으로 한 동일 기업집단 내 상호 지분투자 관계에 있다. 타법인출자 총계(2025.12.31): 경영참여 목적 8개사 기말장부가액 75,728,775천원, 단순투자 목적 3개사 기말장부가액 4,643,496천원, 합계 80,372,271천원.

## 특수관계자 거래
와이씨의 보고기간말 현재 특수관계자는 지배기업 (주)샘텍(최대주주), 관계기업(SYE Global Holding LLC와 그 외 종속기업, IDV IP Value-Creation 투자조합 외 11개 투자조합), 기타특수관계자[(주)엑시콘, 디에이치케이솔루션(주), (주)샘툴스, SEM DIAMOND COMPANY LIMITED, SEM MICRO COMPANY LIMITED, (주)오라컴 등, 전기의 DAA,INC.는 당기 중 폐업]로 구성된다.

특수관계자 거래 내역(당기, 천원, 매출 등/매입 등):
- (주)샘텍(지배기업): 매출 등 43,635 / 매입 등 16,352,911 (전기 매출 43,728 / 매입 24,143,309)
- (주)엑시콘(기타특수관계자): 매출 등 9,103,210 / 매입 등 883,182 (전기 매출 2,098,554 / 매입 993,288) — 와이씨의 특수관계자 중 매출 규모가 가장 큼
- 디에이치케이솔루션(주): 매출 등 43,945 / 매입 등 2,701,416 (전기 매출 43,768 / 매입 1,776,049)
- (주)샘툴스: 매입 등 1,171,343(당기 신규)
- DAA,INC(전기까지): 매출 등 54,001 / 매입 등 3,939,741(전기 매입 3,263,326, 당기 중 폐업)
- (주)오라컴: 매출 등 180,000 / 매입 등 3,968,454 (전기 매출 212,336 / 매입 6,568,231)
- SEM DIAMOND COMPANY LIMITED: 매출 등 98,194 / 매입 등 913,833
- SEM MICRO COMPANY LIMITED: 매입 등 3,853,517(전기 매출 461,989 / 매입 5,250,514)
- SYE Global Holding LLC와 그 외 종속기업(관계기업): 매입 등 716,330(전기 215,816)
- 지분거래(투자조합 대상): 아이디브이 글로벌 넥스트 유니콘 펀드 1,300,000천원, 아이디브이-아이피 수산전문투자조합 3호 600,000천원, 아이디브이 글로벌 아이피 그로쓰 투자조합 2호 660,000천원, 아이비케이씨-아이디브이 하이테크 투자조합 490,000천원, 아이비케이 아이디브이 글로벌 콘텐츠 투자조합 2호 2,550,000천원 (합계 지분거래 5,600,000천원)
- 특수관계자 거래총계(당기): 매출 등 9,522,985천원 / 매입 등 34,500,727천원 / 지분거래 5,600,000천원

특수관계자 채권·채무 잔액(당기말, 천원): (주)샘텍 채권 45,485 / 채무 770,417, (주)엑시콘 채권 1,600,776 / 채무 1,878,452, 디에이치케이솔루션(주) 채권 458,226 / 채무 1,228,035, (주)오라컴 채권 5,000,000(대여금 포함) / 채무 20,802, SEM DIAMOND COMPANY LIMITED 채권 541,258 / 채무 402,746, SEM MICRO COMPANY LIMITED 채무 71,527. 채권·채무 합계 채권 7,646,207천원 / 채무 4,431,728천원(리스부채 3,005,579천원 포함).

특수관계자 자금거래(당기, 리스계약 기준, 천원): (주)샘텍 대여 204,345/회수 101,991, (주)엑시콘 대여 61,448/회수 234,254, 디에이치케이솔루션(주) 대여 1,317,206/회수 516,449.

## 연구개발
차세대 Memory Tester(NGT) 개발을 검토 중이며, 신규 DRAM Tester 개발·납품, 3D NAND 양산 대응 웨이퍼 테스터 공급 등을 지속하고 있다. 국내 메모리 제조업체와의 공동개발(JDP, JDA) 방식이 핵심 개발 전략으로 명시되어 있다.

## 기타 참고사항
- 대주주 등에 대한 신용공여, 대주주와의 자산양수도는 해당사항 없음으로 공시되었다.
- 중국 CXMT 등 중국 메모리 업체의 부상과 미중 반도체 패권 경쟁이 사업 환경 요인으로 서술되어 있다.
"
엑시콘,"# 주식회사 엑시콘 (Exicon Co., Ltd.) 사업보고서 요약 (제25기, 2025년 12월 결산)

## 사업 개요
주식회사 엑시콘은 반도체 메모리 Component·Module 등의 테스트 시스템 개발·제조·판매를 목적으로 2001년 3월 8일 주식회사 테스트이엔지로 설립되었으며, 2005년 8월 9일 현재 상호로 변경하였다. 2014년 12월 24일 코넥스시장에 상장 후 2015년 10월 22일 코스닥시장으로 이전 상장하였다. 본점은 경기도 성남시 분당구 판교로255번길 28(DHK솔루션빌딩 7층)로 계열회사인 와이씨와 동일 건물에 소재하며, 각자대표이사는 최명배, 박영우이다. 판교 본사·R&D센터와 충남 천안사업장(제조·판매)에서 ATE(Automatic Test Equipment, 자동검사장비)를 개발·생산한다. 2025년 12월 31일 기준 연결대상 종속회사는 비상장 1개사(Exicon Japan Corporation)이다.

## 매출 및 손익 현황
- 연결 자산총계 224,506백만원(제25기말, 전기 190,784백만원, 전전기 165,985백만원), 부채총계 28,808백만원, 자본총계 195,699백만원.
- 연결 매출액: 제25기 66,027백만원(제24기 31,611백만원, 제23기 82,296백만원). 영업이익 제25기 80백만원(제24기 영업손실 15,897백만원, 제23기 영업이익 1,465백만원), 당기순이익은 법인세차감전순이익 3,933백만원 기준 흑자 전환(제24기 법인세차감전손실 8,568백만원).
- 별도 매출실적(제25기, 백만원/천달러): 반도체 부문 수출 7,093(USD 4,872천) + 내수 58,933 = 66,026 (제24기 31,611/USD 3,734천, 제23기 82,296/USD 2,946천)
- 매입현황(제25기, 백만원): IC 22,276(43.7%, ADI 등), 기구물 4,959(9.7%, 디팜스 등), CABLE 227(0.4%, SAMTEC 등), PCB 6,003(11.8%, 타이거일렉 등), 기타 17,565(34.4%), 합계 51,030
- 판매경로별 매출(제25기, 백만원): 국내 직접판매 58,933(89.3%), 해외 직접판매 7,093(10.7%)
- 수주현황(제25기, 백만원): CLT 19,654(전량 기납품), CLT INTERFACE BOARD 8,805(기납품 4,693, 잔고 4,112), CLT 및 Burn-in Tester 20,410(전량 기납품), 합계 수주총액 48,869 / 기납품 44,757 / 잔고 4,112
- 생산실적: MEMORY TESTER외 21대(제25기, 제24기 18대, 제23기 71대), BOARD PARTS외 2,578개(제25기), 평균가동률 33.9%

## 주요 매출처·매입처 및 공급관계
엑시콘은 개별 매출처의 실명을 공시하지 않으며(""당사가 영위하는 장비산업은 주문 생산방식이고 고객이 한정되어 있어 수주일, 납기, 장비의 대당 가격은 중요한 영업상의 비밀이므로 별도로 기재 또는 표기하지 않습니다""), 판매전략 서술에서 **Kioxia**를 고객사 다변화를 위한 해외 마케팅 대상으로 명시하고 있다(기존 거래 여부는 불명확, 목표 고객사로 언급).
- 매입처(원재료, 제25기 매입액 기준 상위 대표 품목의 대표 거래처): IC 부문 ADI 등(매입액 22,276백만원, 43.7%), 기구물 부문 디팜스 등(4,959백만원, 9.7%), CABLE 부문 SAMTEC 등(227백만원, 0.4%), PCB 부문 타이거일렉 등(6,003백만원, 11.8%).
- 판매 지역: 국내 외에 중국, 필리핀, 태국, 브라질 등 해외 고객에게 Test 장비를 공급하고 있다(개별 기업명은 비공개).
- 계열회사 특수관계자와의 거래(매출·매입): 아래 특수관계자 거래 참조.

## 계열회사·종속회사·타법인출자 현황
### 연결대상 종속회사(2025년 12월 31일 현재, 비상장 1개사)
| 상호 | 설립일 | 소재국 | 주요사업 | 최근사업연도말 자산총액(백만원) | 지분율 |
|---|---|---|---|---|---|
| Exicon Japan Corporation | 2006.12.01 | 일본(도쿄) | 반도체장비 연구용역 | 123,906(*원문 표기 그대로, 단위 백만원 기준 이례적으로 큰 수치) | 100% |

- 주요종속회사 판단기준(직전연도 자산총액이 지배회사 자산총액의 10% 이상 또는 750억원 이상)에는 미해당.

### 계열회사 현황(2025.12.31 기준, 상장 2개사·비상장 13개사, 총 15개사)
엑시콘이 속한 기업집단(최명배/㈜샘텍 계열)의 계열회사는 상장 (주)와이씨, (주)샘씨엔에스, 비상장 Exicon Japan Corporation, SYE Global Holding LLC, SVP Management LLC, DHK솔루션(주), (주)샘텍, (주)샘툴스, YIK Japan Corporation, YC AMERICA CORP, SEM MICRO Co., Ltd, DAS Corporation, SEM DIAMOND Co., Ltd, (주)오라컴, 아이디벤처스(주)로 구성된다. **(주)와이씨는 본 보고서 대상 8개사 중 하나로, 엑시콘과 와이씨는 최명배·㈜샘텍을 정점으로 한 동일 기업집단 계열사이며 상호 지분을 보유하고 있다.**
- 임원 겸직(2025.12.31): 최명배(엑시콘 대표이사)는 (주)와이씨 대표이사, 디에이치케이솔루션(주) 대표이사, (주)샘툴스 대표이사, Exicon Japan Corporation 대표이사, (주)샘텍 대표이사, (주)오라컴 대표이사, YC AMERICA CORP 사내이사 겸 대표이사를 겸직한다.

### 타법인출자 현황(상세, 2025.12.31 기준, 단위 백만원)
| 법인명 | 상장여부 | 출자목적 | 지분율(%) | 기말장부가액(백만원) | 최근사업연도 총자산(백만원) | 당기순손익(백만원) |
|---|---|---|---|---|---|---|
| Exicon Japan Corporation | 비상장 | 경영참가 | 100.00 | 121 | 121 | - |
| (주)샘씨엔에스 | 상장 | 경영참가 | 20.66 | 6,103 | 253,730 | 15,063 |
| SYE Global Holding LLC | 비상장 | 경영참가 | 20.00 | 6,082 | 35,368 | -271 |
| **(주)와이씨** | 상장 | 경영참가 | **0.29**(232,660주) | 3,370 | 351,173 | 12,070 |
| DHK솔루션(주) | 비상장 | 경영참가 | 7.55 | 9,933 | 128,974 | 4,270 |
| 아이디벤처스(주) | 비상장 | 경영참가 | 13.40 | 3,630 | 28,243 | 1,127 |
| SVIC 30호(사모투자) | 비상장 | 단순투자 | 3.16 | 506 | 15,984 | -2,423 |
| 비엔더블유살투스 제1호 | 비상장 | 단순투자 | 1.07 | 3,832 | 359,669 | 1,976 |

타법인출자 합계: 경영참여 목적 6개사 기말장부가액 29,239백만원, 단순투자 목적 2개사 기말장부가액 4,338백만원, 총 33,577백만원. **엑시콘은 (주)와이씨 지분 0.29%(232,660주)를 보유하고 있으며, 반대로 (주)와이씨는 엑시콘 지분 7.75%(1,010,807주)를 보유하고 있어 양사는 상호 지분투자 관계에 있다.**

### 담보 제공(대주주 등에 대한 신용공여)
엑시콘은 관계사인 (주)와이씨의 산업시설자금대출(대표채무자 (주)와이씨)과 관련하여, 서울 강남구 삼성동 58-1 소재 토지(엑시콘 소유지분 23분의 3)에 근저당권 7,826백만원 및 지상권을 설정하여 담보를 제공하였다(담보제공일 2023.11.03, 제공기간 10년, 목적: 연구시설 신축 관련비용 충당).

## 특수관계자 거래
엑시콘의 특수관계자는 종속기업(Exicon Japan Corporation), 관계기업(㈜샘씨엔에스, SYE Global Holding LLC), 기타특수관계자[디에이치케이솔루션㈜, ㈜샘텍, ㈜와이씨, ㈜오라컴, ㈜샘툴스, DAA,INC, YIK Japan Corporation, YC AMERICA CORP, SEM MICRO COMPANY LIMITED, SEM DIAMOND, Disco Abrasive Systems K.K, SVP MANAGEMENT LLC, 아이디벤처스㈜]로 구성된다.

특수관계자 채권·채무 잔액(당기말, 천원): ㈜샘씨엔에스 기타채무 562, 디에이치케이솔루션㈜ 기타채권 143,392/기타채무 359,514, **㈜와이씨 매출채권 176,758/기타채권 3,269/매입채무 1,302,400/기타채무 297,814**(엑시콘의 특수관계자 중 채권·채무 규모가 가장 큼), ㈜오라컴 매입채무 531,921/기타채무 34,267, SEM MICRO COMPANY LIMITED 기타채무 2,152, YC AMERICA 기타채권 9,874. 합계 채권 333,293천원(매출채권 176,758+기타채권 156,535) / 채무 2,528,630천원(매입채무 1,834,321+기타채무 694,309).

특수관계자 매출·매입 내역(당기, 천원): ㈜샘씨엔에스 기타비용(원재료매입) 2,310, 디에이치케이솔루션㈜ 매입 등 9,600/원재료매입 397,183, ㈜샘텍 기타비용 73,391, **㈜와이씨 매출 등 263,006/매입 등 610,389/수익 5,680,000/기타비용 2,134,281**(엑시콘의 최대 거래 특수관계자), ㈜오라컴 원재료매입 2,701,034/고정자산매입 131,083/기타비용 1,344,738, DAA,INC 원재료매입 414,135, SEM MICRO COMPANY LIMITED 원재료매입 274,648, YC AMERICA 매입 등 9,696/원재료매입 1,241,934. 합계 매출 등 263,006천원 / 매입 등 629,685천원 / 수익 10,311,751천원 / 기타비용 4,049,999천원.

대주주 등에 대한 신용공여는 위 (주)와이씨 담보제공 건이 유일하며, 대주주와의 자산양수도 및 영업거래는 해당사항 없음으로 공시되었다.

## 연구개발
Memory Tester 분야에서 DDR5 Memory Tester(2020년 공급 개시), DDR5·LPDDR5·GDDR6 대응 고용량 Burn-In Tester(2021년 하반기 공급 개시), Chamber Type Low-Frequency Tester를 개발하였다. SSD 분야에서는 PCIe Gen6 Tester, CXL 3.1 Tester 등 차세대 프로토콜 대응 솔루션을 개발 중이며, System LSI(비메모리) 분야에서는 2023년 국내 최초로 CIS(CMOS Image Sensor) Tester 개발을 완료하였고, DDI Tester 및 AP Tester 개발을 목표로 연구개발을 진행 중이다.

## 기타 참고사항
- 개인별 보수지급금액이 5억원 이상인 임직원은 없다.
- 대주주와의 자산양수도, 영업거래는 해당사항 없음으로 공시되었다.
"
테크윙,"# 주식회사 테크윙 (Techwing Inc.) 사업보고서 요약 (제24기, 2025년 12월 결산, 기재정정 반영)

## 사업 개요
주식회사 테크윙은 반도체 검사장비(테스트 핸들러 등)를 설계·개발·판매하는 기업으로, 부품 제작은 외주를 통해 조달하여 최종 조립 후 판매하는 구조(별도 생산설비를 이용한 자체 제조 없음)이다. 본점은 경기도 화성시 동탄구 동탄산단6길 37이며, 각자대표이사는 나윤성, 장남이다. 반도체 검사장비 사업(테크윙) 외에 디스플레이평가장비 사업(자회사 이엔씨테크놀로지)을 영위한다. 2025년 12월 31일 기준 연결대상 종속회사는 비상장 5개사이다. 공정거래법상 기업집단명은 (주)테크윙이다.

## 매출 및 손익 현황
- 연결 자산총계 633,699백만원(제24기말, 전기 506,221백만원, 전전기 485,887백만원), 부채총계 421,580백만원, 자본총계 212,120백만원.
- 별도 매출액: 159,128백만원(제24기), 185,507백만원(제23기), 133,604백만원(제22기)
  - 반도체검사장비(테크윙): 57,299백만원(제24기, 수출 29,728+내수 27,571) / 82,166백만원(제23기) / 52,805백만원(제22기)
  - C.O.K(부품): 58,557백만원(제24기, 수출 49,950+내수 8,607) / 48,185백만원(제23기) / 38,275백만원(제22기)
  - 기타(반도체검사장비 관련): 32,297백만원(제24기) / 33,554백만원(제23기) / 23,306백만원(제22기)
  - 반도체 부문 소계: 148,153백만원(제24기) / 163,904백만원(제23기) / 114,386백만원(제22기)
  - 디스플레이평가장비(이엔씨테크놀로지, OLED/LCD평가·측정 장비): 10,976백만원(제24기) / 21,603백만원(제23기) / 18,630백만원(제22기)
  - PCB설계 등(트루텍): 제22기에만 588백만원 매출 발생, 제23·24기 매출 없음
- 매입현황(제24기, 천원): 원재료 합계 95,775,021(반도체검사장비용 C.O.K 25,507,158/Frame 12,687,895/소형밀링 1,330,458/공압실린더 410,168/써브모타 1,408,620/기타 49,315,771; 디스플레이평가장비용 기타 5,114,951), 외주가공 합계 8,799,133(Cable배선 4,851,964/Part 가공 1,663,843/Manipulator 가공 1,246,932/Chamber 가공 949,273 등)
- 제품 가격변동추이는 ""영업상 가격 노출로 인한 리스크""를 사유로 비공개.

## 주요 매출처·매입처 및 공급관계
테크윙은 매출 비중 상위 3개 고객사를 ""거래처 A/B/C..."" 형태의 익명 코드로만 공시하며 실명은 밝히지 않는다(""구체적인 판매전략 등은 영업기밀에 해당되어 관련 내용의 기재는 생략"").
- 주요 매출처(연결기준, 매출 비중 상위 3개사, 단위 백만원)
  - 2025년(제24기): 거래처 A 64,834 / 거래처 B 21,442 / 거래처 D 18,555 / 기타 66개사 54,297
  - 2024년(제23기): 거래처 A 83,480 / 거래처 C 17,511 / 거래처 E 16,436 / 기타 61개사 68,080
  - 2023년(제22기): 거래처 A 62,562 / 거래처 H 12,631 / 거래처 F 5,402 / 기타 67개사 53,009
  - 거래처 A는 3개년 연속 최대 매출처로 나타나며, 2025년 매출 비중이 뚜렷하게 가장 크다(구체적 실명은 비공개).
- 매입처는 품목별 대표 거래처명 없이 품목(C.O.K, Frame, 소형밀링, 공압실린더, 써브모타 등)만 공시되어 있으며, 개별 매입처 실명은 원문에 제시되지 않는다.
- 특수관계자 거래처인 (주)다솜테크, (주)나노에이스, (주)트루텍(테크윙의 기타특수관계자, 아래 참조)와도 매입·외주가공 등 거래가 존재한다.

## 계열회사·종속회사·타법인출자 현황
### 연결대상 종속회사(2025년 12월 31일 현재, 비상장 5개사)
| 상호 | 설립일 | 소재국 | 주요사업 | 최근사업연도말 자산총액(백만원) | 지분율 |
|---|---|---|---|---|---|
| 이엔씨테크놀로지 | 1999.10.05 | 한국(화성) | 디스플레이평가장비 제조/판매 | 12,514 | 53.60% |
| CK전자기술남경유한공사 | 2010.12.28 | 중국(난징) | 디스플레이평가장비 제조/판매 | 61 | 이엔씨테크놀로지의 종속기업(지배지분율 53.60%, 손자회사) |
| TECHWING VINA CO., LTD | 2017.08.02 | 베트남(박닌) | 디스플레이평가장비 제조/판매 | 262 | 100.00% |
| (주)에프에이에스 | 2019.06.25 | 한국(안성) | 공장자동화제어기계·시스템 제조/판매 | 72 | 50.00% |
| Techwing Malaysia SDN.BHD. | 2022.08.09 | 말레이시아(페낭) | 반도체검사장비 유통 및 서비스 | 1,093 | 100.00% |

- 모든 종속회사는 주요종속회사 판단기준(직전연도 자산총액이 지배회사 자산총액의 10% 이상 또는 750억원 이상)에 미해당.

### 타법인출자 현황(상세, 2025.12.31 기준, 단위 백만원)
| 법인명 | 상장여부 | 최초취득일 | 출자목적 | 지분율(%) | 기말장부가액(백만원) | 최근사업연도 총자산(백만원) | 당기순손익(백만원) |
|---|---|---|---|---|---|---|---|
| 이엔씨테크놀로지 | 비상장 | 2013.06.13 | 사업다각화 | 53.60 | 0(손상 반영) | 10,891 | -486 |
| (주)에프에이에스 | 비상장 | 2019.06.25 | 사업다각화 | 50.00 | 100 | 48 | -18 |
| (주)큐빅셀 | 비상장 | 2020.11.12 | 사업다각화 | 6.19 | 1,000 | 12,555 | -7,456 |
| Techwing Malaysia SDN.BHD. | 비상장 | 2022.08.09 | 사업다각화 | 100.00 | 296 | 536 | -510 |
| Techwing VINA Co.,LTD | 비상장 | 2025.02.28(당기 신규취득) | 사업다각화 | 100.00 | 175 | 284 | 83 |

타법인출자 합계: 경영참여 목적 4개사 기말장부가액 571백만원, 일반투자 목적 1개사[(주)큐빅셀] 기말장부가액 1,000백만원, 총 5개사 1,571백만원.

## 특수관계자 거래
테크윙의 대주주 이외 이해관계자(연결실체와 매출·기타거래 또는 채권채무 잔액이 있는 기타의 특수관계자)는 (주)다솜테크, (주)나노에이스, (주)트루텍, 주요경영진으로 구성된다.

특수관계자 거래(당기, 원):
- **(주)다솜테크**: 매입 14,827,536,667 / 이자비용 51,425,618 / 외주가공비 1,246,931,840 / 기타수익 30,000,000 (테크윙의 최대 매입 특수관계자)
- **(주)나노에이스**: 매출 1,740,000 / 매입 9,276,236,166 / 이자비용 32,064,636 / 외주가공비 76,378,320 / 기타수익 6,000,000
- **(주)트루텍**: 매출 9,757,800 / 매입 22,292,007,505(테크윙의 특수관계자 중 매입 규모 최대) / 이자비용 73,676,881 / 외주가공비 406,029,640 / 기타수익 66,000,000
- 주요경영진: 이자수익 529,000
- 합계(당기): 매출 11,497,800 / 매입 46,395,780,338 / 이자비용 157,167,135 / 외주가공비 1,729,339,800 / 기타수익 102,000,000

특수관계자 채권·채무 주요 변동(당기말, 원):
- (주)다솜테크: 외상매입금 기말잔액 1,171,016,595(기초 1,843,988,595), 미지급금 기말 57,920,280
- (주)나노에이스: 외상매입금 기말잔액 2,047,835,722(기초 1,925,196,520), 미지급금 기말 21,274,000
- (주)트루텍: 외상매입금 기말잔액 5,125,809,082(기초 3,053,880,734, 테크윙의 특수관계자 중 매입채무 잔액 최대), 미지급금 기말 222,300,804
- 주요경영진: 대여금 기말잔액 9,333,324(기초 13,333,320)

대주주 등에 대한 신용공여, 대주주와의 자산양수도, 대주주와의 영업거래는 모두 해당사항 없음으로 공시되었다.

## 연구개발
원문에서 별도의 상세 연구개발활동 섹션이 요약 분량에 포함되지 않았으며(반도체 검사장비 설계·개발·판매업 특성상 외주 생산 체계를 갖추고 있다는 점만 사업개요에서 확인됨), 세부 R&D 과제별 내용은 본 요약에 포함할 만큼 구체적으로 제시되지 않았다.

## 기타 참고사항
- 2025년 10월 20일 제10회 무기명식 무보증 사모 교환사채 발행과 관련하여, 교환대상 자기주식 1,313,171주(93,314백만원)가 동일자에 교환청구된 것으로 간주되어 자기주식 처분 내역에 반영되었다(실제 처분은 교환권 행사 시점에 확정, 한국예탁결제원 예탁 중). 본 사업보고서는 자기주식 직접 취득·처분 이행현황 누락을 사유로 2026년 6월 23일 기재정정되었다.
- 제품 가격변동추이 및 구체적 판매전략은 영업기밀을 이유로 비공개.
"
디아이,"# (주)디아이(D.I CORPORATION) 사업보고서 요약 (제65기, 2025.12 결산, 2026.06.05 기재정정 반영)

## 사업 개요
(주)디아이는 반도체 검사장비 제조·판매를 목적으로 1961년 3월 16일 설립되어 1996년 7월 31일 한국거래소 유가증권시장에 상장되었다. 본사는 서울특별시 강남구 논현로 703이며, 대표이사는 조윤형이다. 사업은 반도체 검사장비(Wafer Memory Tester, Burn-In Tester, Burn-In Board 등)를 제조하는 반도체장비 사업부문, 전자파 차폐체·흡수체 등을 제조하는 전자부품 사업부문(자회사 ㈜디아이머티리얼즈), 해외 하이엔드 오디오 브랜드(STEINWAY & LYNGDORF, KHARMA, TRANSPARENT, DEVIALET 등)를 수입판매하는 음향·영상기기 사업부문, 2차전지 검사장비를 만드는 2차전지 사업부문(자회사 ㈜브이텐시스템)으로 구성된다. 2025년 연결 매출액은 432,294백만원(전년 대비 102.0% 증가), 영업이익 36,508백만원(전년 대비 1,084.8% 증가)으로, HBM Wafer Tester 대규모 공급 개시와 메모리 업황 개선에 따른 DDR5 Package Tester 판매 증가가 주된 원인이다.

## 매출 및 손익 현황
- 매출유형별(당기, 백만원): 반도체장비 부문 소계 406,054(93.9%) — 반도체검사장비(제품) 340,095(78.7%), 반도체검사보드(제품) 40,217(9.3%), 관련 부품 등(상품) 16,016(3.7%), 기타 수리수입 9,727(2.3%). 전자부품 부문 소계 11,322(2.6%) — 전자파 차폐체 4,474, 전자파 흡수체 1,874, 열전도 Sheet 875, 기타 4,099.
- 원재료 매입(당기, 반도체장비 부문, 백만원): I.C류 89,562(31.7%), CHAMBER 40,866(14.5%), PCB 13,398(4.7%), SOCKET 12,509(4.4%), CONNECTOR류 10,204(3.6%), 기타 116,225(41.1%) — 합계 282,764.
- 연구개발비 10,492,861,888원(연결 매출액 대비 2.4%, 전년 3.5%). 특허 총 52건 보유.
- 판매경로: 반도체장비는 개별수주(Spec접수→견적→계약→납품) 방식이며, 대금은 납품시 90%·검수후 10%(현금/T·T). 개별수주 특성상 원문에 매출처별 판매단가 비교 데이터나 매출처 명단은 별도로 공시되어 있지 않다(아래 ""주요 매출처"" 항목은 개별 공급계약 공시를 근거로 재구성함).

## 주요 매출처·매입처 및 공급관계
디아이 본체가 아닌 **종속회사 ㈜디지털프론티어**가 반도체 검사장비(HBM/DDR5용 Wafer Tester, PKG Burn-In Tester 등)의 실제 공급 주체로, 2024~2025년 사이 아래와 같은 대형 단일판매·공급계약을 잇달아 체결했다(모두 자율공시/단일판매공급계약 공시 기준):
- **SK하이닉스(주)**: HBM/DDR5용 Wafer Tester, DDR5용 PKG Burn-In Tester — 2024.10 계약 1,237.15억원(납품완료) / 2025.02 계약 869.87억원(납품완료) / 2025.05 계약 358.69억원(납품완료). 누적 계약금액만 2,465억원 이상으로, SK하이닉스가 디아이 그룹 최대 매출처로 판단됨.
- **Samsung Electronics (Suzhou) Semiconductor Co., Ltd.**(삼성전자 중국 쑤저우 현지법인): DDR5용 차세대 Burn-In Tester — 2024.12 98.31억원(납품완료) / 2025.01 61.78억원(납품완료) / 2025.03 193.93억원(납품완료) / 2025.11 191.89억원(진행중, 공급이행 8%).
- **삼성전자(주)**: DDR5용 차세대 Burn-In Tester — 2025.04 174.73억원(납품완료) / 2025.11 91.92억원(진행중, 공급이행 67%·대금수령 60%).
- **㈜디아이씨(종속회사)**: 반도체 장비부품 매입 거래 등 187억원(2025.01~12) — 디아이 별도기준 매출액의 12.5%를 초과하는 이해관계자 영업거래로 공시됨(매입 방향).

## 계열회사·종속회사·타법인출자 현황
- 2025년 12월 31일 현재 계열회사(기업집단 ""㈜디아이"") 총 14개사, 전부 비상장.
- 지분 구조(계통도, 디아이 기준 지분율): ㈜디아이머티리얼즈 100%, ㈜디지털프론티어 65.18%, D.I Japan Corporation 100%, Suzhou Dl Electronics Co.,Ltd 100%, Doosung Electronics(Suzhou) Co.,Ltd. 100%(디아이머티리얼즈 경유), ㈜디아이씨 66.67%(+디지털프론티어 경유 33.33%, 합산 100%), ㈜브이텐시스템 60.00%, DIPOLAND SP.ZOO 100%, ㈜프로텍코퍼레이션 57.14%, DIMATERIALS VIETNAM CO., LTD 100%, ㈜디아이엔바이로 18.00%. ㈜이루원·피네이션㈜·㈜뮤직투와치는 계열회사 목록에는 있으나 계통도상 지분율이 기재되어 있지 않음(원문 표기 그대로).
- 당기 변동: DIMATERIALS VIETNAM CO., LTD 신규 설립으로 연결 편입, ㈜디아이비는 청산 완료로 연결 제외, ㈜디아이엔바이로는 지분율 감소로 연결 제외(다만 계열회사 목록에는 잔존, 18% 지분 보유).
- 타법인출자 현황(2025.12.31 기준, 기말장부가액): 경영참여 목적 8개사 31,709백만원, 단순투자 4개사 △2,783백만원(평가손실 반영), 합계 12개사 28,927백만원(총 취득금액 64,573백만원).
- 임원 겸직: 박원호(대표이사회장) — ㈜디아이엔바이로 사내이사(2024.03 선임). 조윤형(대표이사부사장) — ㈜디아이씨 비상무이사, D.I Japan Corporation 사내이사, Suzhou Dl Electronics Co.Ltd 사내이사. 박원덕(부회장) — ㈜디지털프론티어 비상무이사, ㈜디아이엔바이로 사내이사, ㈜디아이씨 사내이사.

## 특수관계자 거래
- **자금대여(가지급금·대여금)**: ㈜뮤직투와치(계열회사)에 900백만원(대여기간 2025.06.01~2026.06.01, 기말잔액 900백만원). ㈜디지털프론티어(계열회사)에 3건 각 5,000백만원 대여 — 모두 기중 전액 상환되어 기말잔액 0.
- **담보제공**: D.I Japan Corporation(계열회사)의 중소기업은행 현지차입에 대해 외화정기예금 담보 총 50백만엔(3건, 만기 2026.06~2026.12) 제공.
- **채무보증**: ㈜디지털프론티어(계열회사) 국민은행 대상 2,475백만원(2,200+275, 2023.10~2026.10), ㈜디아이씨(계열회사) 국민은행 대상 1,100백만원(2024.04~2026.04).
- **자산양수도**: ㈜디아이엔바이로(계열회사) 보통주를 25.5억원에 매도(2025.12, 사유: 계열회사 전환 및 영업환경 개선).
- **영업거래(이해관계자, 매출액 5% 초과분 공시대상)**: ㈜디아이씨(종속회사)와 반도체 장비부품 매입 거래 등 187억원(2025.01~12), 디아이 별도기준 매출액의 12.5%.
- 대주주(최대주주 본인) 대상 신용공여·자산양수도·영업거래·주식기준보상 거래는 모두 ""해당사항 없음""으로 공시됨.

## 연구개발
2025년 연구개발비 10,492,861,888원(매출 대비 2.4%, 전년 3.5%에서 비중 하락). 반도체 검사장비 부문은 DDR5/HBM DRAM 웨이퍼 테스터(DF-5200)를 국내 최초 개발·양산 적용했고, HBM3E 웨이퍼 대응 성능개선을 완료해 HBM 웨이퍼 양산에도 적용 가능한 수준. 전자부품 부문은 2액형 Gap Filler(Silicone/Urethane), 고방열(10W 이상) 열전 패드, 전기차 배터리용 실리콘 폼·열폭주방지(TPP) 시트 등을 개발 중. 연결 실체 기준 특허 총 52건 보유.
"
오로스테크놀로지,"# 오로스테크놀로지 (322310) 사업보고서 요약 (제23기, 2025년 12월 결산)

## 사업 개요
㈜오로스테크놀로지는 2003년 10월 21일 설립되어(법률상 존속회사는 ㈜제이엔씨, 2010년 4월 ㈜오로스와 역합병 후 현재 사명으로 변경) 반도체 제조 전공정 중 노광공정에 사용되는 MI(Metrology, Inspection: 계측·검사) 장비를 개발·제조하는 업체다. 주력 제품은 반도체 회로패턴의 상하부 정렬 상태를 정밀 계측하는 Overlay 계측장비(OL-12inch)로, 국내 Overlay 계측장비 국산화 선두기업이며 세계 시장에서는 오로스테크놀로지와 미국 K사(경쟁사, 실명 비공개) 양사가 주요 공급사(IBO 시장)로 경쟁하고 있다. 본점 및 공장은 경기도 화성시 동탄산단6길 15-23에 있으며, 2021년 2월 24일 코스닥시장에 상장했다. 생산설비가 위치한 토지·건물은 최대주주인 ㈜에프에스티 소유 건물을 임차하여 사용하고 있다.

당기(제23기, 2025년) 매출액은 약 521억원으로 전기 대비 15.1% 감소했고, 영업손실은 약 84억원을 기록했다. 신규 성장동력으로 박막(Thin Film) 두께를 Angstrom 단위로 측정하는 초정밀 계측장비를 개발 중이며, Back-end 공정용 MI 장비로도 제품군을 확대하고 있다. 2026년부터는 일본 등지로 매출처를 다변화할 계획이라고 밝히고 있다.

## 매출 및 손익 현황
- 2025년(제23기) 매출액: 52,137백만원 (제품 45,152백만원, 상품 658백만원, 용역 6,327백만원)
  - 이 중 OL-12inch 제품이 36,683백만원(전체의 70.37%)으로 가장 큰 비중을 차지
  - 2024년(제22기) 매출액 61,412백만원, 2023년(제21기) 매출액 45,529백만원
- 2025년 매출 중 수출 7,324백만원, 내수 44,813백만원 (내수 비중이 압도적으로 높음 — 2023년에는 수출 30,534백만원으로 수출 비중이 높았으나 이후 내수 중심으로 전환)
- 매출원가(연결 기준): 26,814백만원 (제품매출원가 21,026백만원, 용역매출원가 5,378백만원, 상품매출원가 410백만원)
- 판매비와관리비: 33,694백만원, 이 중 경상연구개발비가 19,131백만원으로 가장 큰 항목
- 부채비율: 당기말 45.2% (전기말 38.5%)

## 주요 매출처·매입처 및 공급관계
- 오로스테크놀로지의 판매 구조는 전방산업인 반도체 소자업체(고객사)에 Overlay 계측장비를 직접 판매하는 방식이며, 별도의 유통 대리점 없이 고객사로부터 직접 주문을 받아 개발·제조·납품한다.
- 연결재무제표 주석상 매출액의 10% 이상을 차지하는 외부고객(사명은 비공개, ""A 고객"", ""B 고객""으로 표기):
  - A 고객: 당기 26,679백만원(전체 매출의 약 51.2%), 전기 24,667백만원
  - B 고객: 당기 11,661백만원(전체 매출의 약 22.4%), 전기 24,902백만원
  - 두 고객사에 대한 매출 의존도가 당기 합산 약 73.6%에 달해 고객 집중도가 매우 높다.
- 원재료는 완제품이 아닌 부품 단위로 다수 공급사로부터 매입하며, 2025년 원재료 매입 총액은 25,941백만원이다. 매입 비중 상위 품목은 Stage(9,161백만원), Vision(3,805백만원), Optic_Laser(5,002백만원), Robot(2,299백만원), 제어(2,475백만원) 등이며, 개별 매입처(공급사)의 상호는 원문에 별도로 명시되어 있지 않다.
- 최대주주 ㈜에프에스티와의 거래: 오로스테크놀로지가 에프에스티 소유 건물을 임차(지급임차료 2025년 661백만원, 2024년 607백만원)하고 있으며, 에프에스티에는 반대로 임대수익(2025년 11백만원, 2024년 9백만원)도 소액 발생하고 있다.
- 2대주주 ㈜시엠테크놀로지와는 2025년 중 투자부동산을 5,567백만원에 매각하는 거래가 있었다(임대보증금 승계 150백만원 포함).

## 계열회사·종속회사·타법인출자 현황
- **최대주주(지배구조)**: ㈜에프에스티가 지분 33.54%(3,141,250주)를 보유한 최대주주이며, ㈜시엠테크놀로지가 17.27%(1,617,365주)를 보유한 2대주주다. 오로스테크놀로지는 에프에스티를 정점으로 하는 ""에프에스티"" 기업집단에 속해 있으며, 동 기업집단 계열회사는 상장 2개사(㈜에프에스티, ㈜오로스테크놀로지), 비상장 12개사(㈜에스피텍, XIAN FST.CO.LTD, WUXI FST.CO.LTD, FINE SEMITECH USA CORPORATION, Advanced Semiconductor Products, ㈜화인세라텍, ㈜에프엑스티(구 ㈜창성테크), ㈜이솔, AUROS Technology USA Inc., Auros Tech (Wuxi) Co., Ltd., 无錫傲世半導體技術有限公司, ㈜아이엠디) 등 총 14개사다. 최대주주 ㈜에프에스티는 1987년 9월 설립, 2000년 1월 코스닥 상장된 반도체 재료·장비 전문업체로, 포토마스크용 보호막인 펠리클(Pellicle)과 식각공정용 온도조절장비 칠러(Chiller)를 주력 생산한다.
- **연결대상 종속회사**(3개사, 모두 지분율 100%):
  - Auros Technology USA, Inc.(미국) — 반도체 장비, 지분율 100%, 당기말 자산 7백만원 규모의 소규모 판매법인
  - Auros Tech (Wuxi) Co., Ltd.(중국) — 반도체 장비, 지분율 100%, 당기말 자산 3,577백만원, 부채 157백만원, 자본 3,420백만원
  - 无錫傲世半導體技術有限公司(중국) — 반도체 장비, 지분율 100%(Auros Tech (Wuxi)가 보유). 중국 현지 생산을 위해 2024년 7월 16일 설립되었으며 당기말 자산 97백만원, 부채 0.3백만원
- **관계기업(지분법 적용 대상)**: 당기 중 신규 취득
  - 주식회사 코니스 — 2025년 1월 23일 지분 20%를 5억원에 최초 취득, 2025년 11월 5일 추가 5억원 투자로 지분 25%까지 확대. 신규 장비 개발 기업에 대한 지분투자 목적. 최근사업연도 재무현황: 총자산 3,665백만원, 당기순손실 327백만원. 장부가액 750백만원(단순투자로 분류)
  - ADVANCED SEMICONDUCTOR PRODUCTS PTE. LTD.(싱가포르) — 2025년 8월 21일 지분 50%를 SGD 255,000에 취득. 동남아시아 서비스 거점 확보 목적. 최근사업연도 총자산 3,665백만원(주1), 지분율 50%, 장부가액 279백만원
- **타법인출자 현황(요약, 2025년 12월 31일 기준)**: 경영참여 목적 2개사(Auros Technology USA, Auros Tech (Wuxi)) 기말장부가액 합계 1,547백만원, 단순투자 목적 2개사(코니스, ASP) 기말장부가액 합계 1,029백만원, 전체 출자금액 합계 2,576백만원

## 특수관계자 거래
연결재무제표 주석 기준으로 오로스테크놀로지의 특수관계자는 관계기업(주식회사 코니스, ADVANCED SEMICONDUCTOR PRODUCTS PTE. LTD.), 유의적 영향력을 행사하는 기업(㈜에프에스티, ㈜시엠테크놀로지), 그리고 이들의 연결실체 내 계열사(㈜에스피텍, XIAN FST.CO.LTD, WUXI FST.CO.LTD, ㈜화인세라텍, ㈜에프엑스티(구 ㈜창성테크), Fine Semitech USA Corporation, ㈜아이엠디)로 구성된다.

- 매출(수익) 거래
  - ㈜에프에스티: 임대수익 2025년 11백만원(2024년 9백만원)
  - ㈜시엠테크놀로지: 투자부동산매각 2025년 5,567백만원(임대보증금 승계 150백만원 포함, 2024년 해당 거래 없음)
- 매입(비용) 거래
  - ㈜에프에스티: 지급임차료 2025년 661백만원(2024년 607백만원), 복리후생비 등 2025년 613백만원(2024년 589백만원)
  - ㈜시엠테크놀로지: 지급임차료 등 2025년 251백만원(2024년 241백만원)
- 자금대여거래(출자): 임원에 대한 장기대여금 기말잔액 415,650천원(2025년 중 100,000천원 신규 대여, 337,500천원 회수). 관계기업 주식회사 코니스(750,000천원 출자잔액), ADVANCED SEMICONDUCTOR PRODUCTS PTE. LTD.(278,602,800원 출자잔액)에 대한 신규 출자 발생
- 채권·채무 잔액(2025년 말)
  - ㈜에프에스티: 채권(임차보증금 1,000,000천원 등) 합계 1,004,026,950원, 채무(임대보증금 270,000천원, 미지급금 117,733,383원, 리스부채 80,512,546원) 합계 468,245,929원
  - ㈜시엠테크놀로지: 채권(임차보증금) 2,540,000천원, 채무(리스부채) 368,548,653원
  - 임원: 장기대여금 채권 415,650,000원
- 담보·보증: 당기말 현재 연결회사가 특수관계자로부터 제공받거나 특수관계자를 위하여 제공하고 있는 담보 및 보증은 없음
- 주요 경영진 보상(연간): 급여 등 4,206,761,654원(2025년 기준)
- 대주주 등과의 거래: 대주주에 대한 신용공여, 대주주와의 자산양수도, 대주주와의 영업거래, 대주주 이외 이해관계자와의 거래는 모두 ""해당사항 없음""으로 공시됨(위 특수관계자 거래 내역과는 별개 항목)

## 연구개발
연구개발 조직은 S/W개발 Group, H/W개발 Group, 선행연구 Group, Solution Group, A_Lab의 5개 그룹으로 구성되어 있다. 2025년 연구개발 지출은 19,130,699,450원, 2024년 16,609,681,638원으로 전액 경상연구개발비(판매비와관리비)로 처리했다. 스테이지 게이트 모델(6단계: 컨셉 도출, 타당성분석, 사전설계, 상세설계, 개발, 상업화)에 따라 연구개발 프로세스를 관리하며, 설계 단계는 협력 파트너와 공동 진행한다.
"
넥스틴,"# 넥스틴 (348210) 사업보고서 요약 (제16기, 2025년 12월 결산)

## 사업 개요
주식회사 넥스틴은 2010년 6월 23일(연결주석 기준 법인 설립은 2010년 7월 1일) 설립되어 반도체 전공정(Front-end Process)에서 발생하는 웨이퍼 미소 패턴 결함(Pattern Defect)과 이물(Particle)을 광학 이미지 비교 방식으로 검출하는 웨이퍼 검사장비(AEGIS 시리즈 등)를 제조·판매하는 전문기술기업이다. 본사는 경기도 화성시 동탄산단9길 23-12에 있으며, 2020년 10월 8일 기술성장기업 특례로 코스닥시장에 상장했다. 국내 중소기업 중 유일하게 이스라엘에 이미지 프로세싱 연구소(Nextin Solutions LTD)를 두고 있다.

최근 HBM(고대역폭메모리) 적층 검사장비인 KROKY를 개발·상용화하여 AI向 HBM 수요 확대에 대응하고 있으며, 3차원 웨이퍼 검사장비 IRIS-II, 정전기 제거 장비 RESQ 등으로 제품 포트폴리오를 다각화하고 있다. 세계 최고 기술력을 보유한 미국 KLA사, 일본 Hitachi사와 경쟁하고 있으며, 특히 일본 Hitachi의 Dark-field 장비(IS4xxx 시리즈)와 국내 시장에서 직접 경쟁하고 있다.

2022년 5월 ㈜자이시스를 소규모합병하여 정전기제어 및 Bare wafer 계측 관련 기술을 흡수했으며, 과거 Array Tester 사업부문은 2016년 3월 ㈜티이씨씨디스플레이에 영업양도했으나 양도대금 회수가 지연되어 전액 대손 처리했다(㈜티이씨씨디스플레이는 보고서 제출일 현재 기업회생절차 진행 중).

## 매출 및 손익 현황
- 연결 기준 당기(2025년) 매출액: 66,914백만원 (전기 113,720백만원 대비 큰 폭 감소)
  - 국내 42,876백만원, 중국 24,038백만원 (지역별 매출, 연결 기준)
- 별도(모회사) 기준 매출 유형별 내역(2025년/2024년/2023년, 단위: 백만원)
  - 제품매출(AEGIS, KROKY 등): 46,633 / 100,610 / 75,494 (국내 34,419 / 12,253 / 9,974, 해외 12,214 / 88,357 / 65,520)
  - 용역매출(Setup, Repair, wafer검사 등): 20,281 / 12,779 / 12,436
  - 상품매출(부품 등): 0 / 2,511 / 0
  - 합계: 66,914 / 115,900 / 87,930
- 2025년 수출 실적(원화환산, 단위: 백만원): AEGIS II 9,774(중국), 용역(Setup·Repair·wafer검사 등) 11,823(중국), 수출 합계 24,037 — 전년(99,552백만원) 대비 대폭 감소
- 2025년 수주 현황: Wafer Inspection System 전기말 수주잔고 12,821백만원 → 당기 수주총액 64,896백만원, 당기 납품액 69,981백만원, 당기말 수주잔고 7,736백만원
- 주요 경영진 보상: 급여 및 주식보상비용 5,952백만원 + 퇴직급여 390백만원 = 6,342백만원(2025년)

## 주요 매출처·매입처 및 공급관계
- 넥스틴의 제품은 국내 삼성전자, SK하이닉스, 매그나칩 반도체 등에 판매되며, 해외로는 독일 프라운호퍼(Fraunhofer-Gesellschaft) 연구소, 중국 YMTC, 중국 최대 파운드리업체 SMIC 등에 수출되고 있다. 넥스틴은 고객사로부터 주문을 받아 제품을 생산·공급하는 방식이며, 최종 반도체 제조업체의 생산계획·설비투자계획에 따라 수주가 결정된다.
- 연결재무제표 주석 기준 외부고객 매출 집중도(10% 이상 고객, 사명 비공개 ""고객A/B/C""로 표기):
  - 고객A: 당기 1,443백만원(매출의 2%), 전기 57,685백만원(51%) — 전년 최대 고객에서 당기 비중 급감
  - 고객B: 당기 3,454백만원(5%), 전기 15,817백만원(14%)
  - 고객C: 당기 41,125백만원(61%), 전기 7,763백만원(7%) — 당기 최대 매출처로 부상
  - 3개 고객사에 대한 매출 의존도가 당기 합산 약 68%에 달함
- 2025년 단일판매·공급계약 공시 내역(진행 현황 포함, 계약상대별):
  - SK하이닉스: Wafer Inspection System KROKY 공급계약(2025.5.21~8.10, 계약금액 10,638백만원, 100% 완료), Wafer Inspection System KROKY 공급계약(2025.4.28~6.19, 6,383백만원, 완료), Wafer Inspection System 공급계약(2024.12.23~2025.1.10, 5,700백만원, 완료) — SK하이닉스향 계약이 2025년 신규 공시 계약 중 가장 큰 비중을 차지
  - BMVT: Wafer Inspection System 공급계약(2025.9.17~12.31, 계약금액 5,957백만원, 진행중 90%, 대금 미수령분 10% 잔존)
  - SMIC: Wafer Inspection System 공급계약(최초 2022.3.30, 수차례 정정, 2022.3.29~2025.5.31, 계약금액 11,399백만원, 완료, 다만 대금수령은 당기 50% 진행)
- 매입처: 원문에 개별 원재료 매입처(공급사) 명단은 별도로 공시되어 있지 않다.

## 계열회사·종속회사·타법인출자 현황
- **소속 기업집단**: 넥스틴은 ㈜APS(에이피에스, AP시스템 계열)를 정점으로 하는 기업집단에 속해 있으며, 동 집단 계열회사는 상장 5개사, 비상장 20개사로 총 25개사다. 최대주주는 ㈜에이피에스이며, 넥스틴에 유의적인 영향력을 행사한다.
- **연결대상 종속회사**(5개사):
  - Nextin Solutions LTD(이스라엘, 2012년 설립) — 연구개발 목적, 지분율 100%, 최근사업연도말 자산총액 1,655,789천원, 당기순이익 173,209천원
  - WUXI NEXTIN CO.,LTD(중국, 2021년 설립) — 영업 및 기타, 지분율 100%, 자산총액 65,086,645천원(연결 종속회사 중 최대 규모), 당기순손실 -2,133,675천원
  - NEXTIN Japan Co., LTD.(일본, 2025년 10월 신규 설립) — 영업 및 기타, 지분율 100%, 자산총액 157,347천원, 당기순손실 -128,455천원
  - ㈜더블유지에스(2020년 설립, 2025년 7월 지분 취득) — 2차전지 검사 사업, 지분율 34.81%(50% 미만이나 의사결정기구 과반 참여로 지배력 보유하여 종속회사로 분류), 자산총액 770,292천원, 당기순손실 -266,259천원
  - ㈜넥스레이(2025년 6월 신규 합작법인 설립) — 지분율 54.55%, 취득금액 1,999,800천원, 자산총액 2,016,630천원, 당기순손실 -43,143천원. ㈜넥스레이는 당기 중 신규 출자를 통해 ㈜월드빔솔루션(관계기업으로 편입, 출자액 800,000천원)의 지분을 확보함
- **관계기업/유의적 영향력 보유 기업**: (주)아트토큰(지분율 35.3%, 일반투자 목적, 최초취득 2021.9.6, 장부가액 2,493,203천원, 최근사업연도 총자산 1,553,340천원·당기순손실 -549,649천원), ㈜월드빔솔루션(종속기업 ㈜넥스레이를 통해 유의적 영향력 취득, 당기 신규 편입)
- **타법인출자 현황(요약, 2025.12.31 기준)**: 경영참여 목적 5개사 기말장부가액 3,041,194천원, 일반투자 목적 5개사(상장 1개사 포함) 기말장부가액 4,593,518천원, 전체 10개사 합계 7,634,712천원
  - 주요 출자 내역: Nextin Solution LTD 390,154천원(지분 100%), WUXI NEXTIN CO.,LTD 56,465천원(지분 100%), ㈜넥스레이 1,999,800천원(지분 54.55%), ㈜더블유지에스 500,000천원(지분 34.81%), NEXTIN Japan 94,775천원(지분 100%), 티이씨씨 지분 5.31%(장부가액 0원까지 손상, 최근사업연도 총자산 7,560,040천원·당기순손실 -359,329천원), 아트토큰 2,493,203천원(지분 35.3%), 뷰티스킨(상장) 100,000천원(지분 0.1%), 스마트사운드 1,000,020천원(지분 미기재), 셀인셀즈 1,000,295천원(지분 1.43%)
- **기타 특수관계자(에이피에스 계열사)**: 에이피시스템㈜, 코닉오토메이션㈜, ㈜디이엔티, ㈜제니스월드, 아스텔㈜, 엠아이티㈜, ㈜코닉세미텍(구 ㈜에스알, 당기 중 사명 변경), 비손메디칼㈜, ㈜파워셀, ㈜에이피에스디앤엘, 첨신상무상해유한공사(APS China Corp), 소주디이티설비유한공사, VINA DE&T CO.,LTD, PT. DENT ENERGY INDONESIA, AP SYSTEMS VIETNAM CO., LTD, AP SYSTEMS AMERICA, INC, DE&T US INC., DE&T MICHIGAN INC, DE&T CANADA LTD. (APS리서치㈜는 당기 중 에이피시스템㈜에 흡수합병됨)

## 특수관계자 거래
- 특수관계자 구분: 연결회사에 유의적인 영향을 미치는 회사(㈜에이피에스), 연결회사가 유의적인 영향력을 보유한 기업(㈜아트토큰, ㈜월드빔솔루션), 기타특수관계자(위 계열회사 목록 다수)
- 매출·수익 거래(당기)
  - 에이피시스템㈜: 재화·용역의 판매 16,731,750원
- 매입·비용 거래(당기)
  - ㈜아트토큰: 재화·용역의 매입 23,993,272원, 기타 47,849,342원, 이자수익 14,052,056원(넥스틴이 수취)
  - 에이피시스템㈜: 재화·용역의 매입 589,957,248원, 기타 553,184,000원
- 채권·채무 잔액(당기말)
  - ㈜아트토큰: 대여금(채권) 500,000,000원, 선급비용 1,679,805원, 보증금(채무) 1,000,000,000원
  - 에이피시스템㈜: 매출채권 1,650,000원, 보증금(채권) 380,000,000원, 미지급금 51,812,739원
  - 임직원: 대여금(채권) 66,000,000원
- 자금거래(당기): ㈜아트토큰에 대한 자금대여 500,000,000원, ㈜월드빔솔루션에 대한 현금출자 800,000,000원(넥스레이 경유), 임직원 대여 6,000,000원
- 배당금 지급(당기): 주식회사 에이피에스에 466,015,000원, 에이피시스템㈜에 489,000,000원
- 담보·보증: 당기말 현재 대표이사가 한국산업은행 차입금(차입금액 20,000,000,000원)에 대해 116,000,000,000원 한도로 연대보증을 제공받고 있음. 지배회사(넥스틴)는 임직원 대출 담보로 금융상품 일부를 제공
- 주요 경영진 보상(연간): 급여 및 주식보상비용 5,952,060,714원 + 퇴직급여 389,994,903원 = 합계 6,342,055,617원(2025년), 전기 5,549,467,492원

## 연구개발
넥스틴 부설연구소는 2012년 11월 한국산업기술진흥협회에 등록되었으며, 반도체 웨이퍼 미세결함 검사장비 개발을 담당하는 핵심 조직이다. 2013년부터 산업은행 등 국내 9개 벤처캐피탈로부터 총 150억원의 투자를 유치해 기술개발을 본격화했다. 2014년 국내 최초로 AEGIS Wafer Inspection System 시제품을 개발해 독일 프라운호퍼 연구소와 공동 성능평가를 진행했으며, 2016년 산업통상자원부 반도체장비재료성능평가사업을 통해 SK하이닉스, 삼성전자, 동부하이텍으로부터 성능인증을 획득했다.
"
인텍플러스,"# 인텍플러스 (064290) 사업보고서 요약 (제31기, 2025년 12월 결산)

## 사업 개요
㈜인텍플러스는 1995년 10월 13일 제어계측기기 및 컴퓨터 응용기기 제조·서비스 목적으로 설립되어 2011년 1월 5일 코스닥시장에 상장한 외관검사장비 제조 전문 기업이다. 본사는 대전광역시 유성구 테크노2로 263(탑립동)에 있으며, 대만지사·중국사무소·미국지사·일본지사를 통해 해외 거래처와의 관계를 관리하고 있다. 사업영역은 크게 두 개 분야로 구성된다.
- 반도체 외관검사 분야: 반도체 후공정 검사장비(반도체 패키지 검사장비 iPIS-Series, 메모리 모듈 검사장비 iMAS-Series, SSD 메모리 외관 검사장비 iSSD-Series)와 Mid-end(Wafer Bump, Substrate) 3D 검사 솔루션을 공급하며, 국내 대형 IDM·OSAT 업체 및 미국 글로벌 IDM 업체, 대만·중국 OSAT 업체가 주요 고객군이다.
- 디스플레이·2차전지 외관검사 분야

인텍플러스는 ""독점규제 및 공정거래에 관한 법률""상 대규모 기업집단에 해당하지 않으며 계열사를 보유하고 있지 않다(공시상 명시).

## 매출 및 손익 현황
- 연결 기준 당기(제31기, 2025년) 매출액: 89,765백만원 (전기 83,873백만원, 전전기 74,802백만원) — 반도체외관검사 분야 53.4%, 디스플레이 및 2차전지 외관검사 분야 46.6%. 해외 수출 비중 42.7%, 국내 매출 비중 57.3%
- 별도 기준 품목별 매출(2025년/2024년/2023년, 단위: 천원)
  - 반도체외관검사 분야: 47,902,908 / 38,013,915 / 60,301,476 (이 중 수출 26,829,182 / 18,786,472 / 27,041,008)
  - 디스플레이·2차전지외관검사 분야: 41,862,185 / 44,358,665 / 14,336,790 (이 중 수출 11,460,374 / 21,719,492 / 8,910,158)
  - 합계: 89,765,093 / 83,873,420 / 74,802,246 (수출 합계 38,289,556 / 40,505,964 / 35,951,166, 내수 합계 51,475,537 / 43,367,456 / 38,851,080)
- 지역별 매출(연결, 당기/전기, 단위: 천원): 국내 51,177,093 / 43,559,023, 중국 17,015,811 / 10,648,507, 대만 5,315,786 / 3,273,333, 미국 9,106,491 / 11,555,211, 일본 2,330,268 / 74,644
- 2025년 12월 31일 기준 수주잔고: 반도체외관검사분야 수주총액 72,760백만원 중 기납품 47,903백만원, 잔고 24,857백만원 / 디스플레이·2차전지외관검사분야 수주총액 67,756백만원 중 기납품 41,862백만원, 잔고 25,894백만원
- 주요경영진 보상(연결, 당기): 단기종업원급여 2,204,164천원 + 퇴직급여 472,246천원 = 합계 2,676,410천원(전기 3,918,637천원)

## 주요 매출처·매입처 및 공급관계
- 인텍플러스의 판매경로는 최종 고객사에 직접 판매하는 형태이며, 초기 영업 단계에서는 영업 Agent의 도움을 받으나 추가 주문부터는 자체 기술지원을 통한 직접판매로 전환된다.
- 연결재무제표 주석상 매출의 10% 이상을 차지하는 주요 고객(사명 비공개, ""A사"", ""B사""로 표기):
  - A사: 당기 13,561,975천원, 전기 9,362,599천원
  - B사: 당기 18,461,770천원, 전기 16,652,500천원
  - 두 고객 합계 당기 32,023,745천원으로 연결 매출(89,765백만원)의 약 35.7%에 해당
- 2025~2026년 주요 단일판매·공급계약 공시 내역:
  - takewin International Ltd: 반도체 Substrate 검사 장비, 계약금액 9,632,969천원, 계약기간 2026.3.3~2027.8.30, 진행중(당기 판매·공급금액 9,632,969천원 인식, 대금수령 아직 없음)
  - 국내 2차전지관련 기업(사명 비공개): 2차전지 외관검사장비 공급계약 17,648,000천원(2023.4.21~2025.12.31, 완료), 배터리 핸들러 장비 공급계약 17,648,000천원(2023.4.21~2025.4.30, 완료)
- 매입처: 원문에 개별 원재료 매입처(공급사) 명단은 별도로 공시되어 있지 않다.
- 담보·보증 관련: 서울보증보험이 ""매출처 외""를 대상으로 이행보증 등 13,881,502천원 규모의 지급보증을 제공하고 있다(구체적 매출처 상호는 비공개).

## 계열회사·종속회사·타법인출자 현황
인텍플러스는 대규모 기업집단에 속하지 않고 계열회사도 보유하고 있지 않다.

- **연결대상 종속회사**(2개사):
  - INTEK AMERICA INC(미국, 2017.12.28 설립) — 반도체검사장비 서비스, 지분율 100%, 최근사업연도말 자산총액 255백만원, 당기순손실 -166백만원
  - INTEK SCIENTIFIC INC(미국, 2020.8.27 설립) — 바이오동반진단서비스, 지분율 97.7%, 최근사업연도말 자산총액 258백만원, 당기순손실 -295백만원
  - 두 종속회사 모두 ""주요종속회사""(직전연도 자산총액이 지배회사 자산총액의 10% 이상 또는 750억원 이상) 요건에는 미해당
- **관계기업(지분법 대상, 재무제표 주석 기준)**: ㈜앱솔로지, ㈜위즈엔, ㈜인텍메디, ㈜이프
- **타법인출자 현황(요약, 2025.12.31 기준)**: 경영참여 목적 2개사 기말장부가액 1,173백만원, 일반투자 목적 8개사 기말장부가액 14,955백만원, 전체 10개사 합계 16,128백만원
  - ㈜인텍메디 — 일반투자, 2018.11.13 최초취득, 지분율 33.9%, 장부가액 128백만원, 최근사업연도 총자산 1,262백만원·당기순손실 -449백만원
  - ㈜앱솔로지 — 일반투자, 2014.2.13 최초취득, 지분율 10.0%, 장부가액 0원(전액 손상 반영), 최근사업연도 총자산 3,760백만원·당기순손실 -5,422백만원
  - INTEK AMERICA INC — 현지법인 설립, 지분율 100%, 장부가액 46백만원
  - ㈜에이치아이오토모티브 — 일반투자, 2021.7.30 최초취득, 지분율 16.6%, 장부가액 3,829백만원, 최근사업연도 총자산 37,600백만원·당기순이익 1,327백만원
  - ㈜위즈메탈 — 일반투자, 2018.7.6 최초취득, 지분율 29.8%, 장부가액 0원, 최근사업연도 총자산 185백만원·당기순손실 -36백만원
  - ㈜플라잎 — 일반투자, 2023.1.5 최초취득, 지분율 19.9%, 장부가액 8,575백만원, 최근사업연도 총자산 3,155백만원·당기순손실 -1,688백만원
  - ㈜테라노비스 — 일반투자, 2023.5.31 최초취득, 지분율 16.6%, 장부가액 1,401백만원, 최근사업연도 총자산 2,554백만원·당기순이익 18백만원
  - INTEK SCIENTIFIC INC — 경영참여, 2023.3.29 최초취득, 지분율 97.7%, 장부가액 1,127백만원
  - ㈜이프 — 일반투자, 2024.7.22 최초취득, 지분율 30.5%, 장부가액 561백만원

## 특수관계자 거래
연결재무제표 주석상 인텍플러스의 특수관계자는 관계기업인 ㈜앱솔로지, ㈜위즈엔, ㈜인텍메디, ㈜이프로 구성된다.
- 매출 거래: ㈜인텍메디에 대한 매출액 당기 5,864천원(전기 3,909천원)
- 매입·비용 거래: ㈜이프에 대한 지급수수료 등 당기 222,730천원(전기 23,000천원)
- 유상증자(출자) 거래: ㈜인텍메디에 대해 전기 500,000천원 유상증자 참여(당기 신규 출자는 없음)
- 보증: 대표이사 이상윤이 인텍플러스의 금융기관 차입금·파생상품 관련하여 특정근보증을 제공하고 있음 — 우리은행(보증금액 7,200,000천원, 단기차입금 3,000,000천원), KB국민은행(5,261,750천원, 1,000,000천원), 기업은행(9,000,000천원, 5,500,000천원), 기업은행(USD 1,080,000, 파생상품 USD 900,000), 하나은행(3,600,000천원, 3,000,000천원), 수출입은행(4,800,000천원)
- 주요경영진 보상(연간, 지배기업 기준): 단기종업원급여 2,204,164천원 + 퇴직급여 472,246천원 = 합계 2,676,410천원(2025년), 전기 3,918,637천원
- 대주주 등과의 거래: 보고서 제출일 현재 대주주 등에 대한 신용공여, 자산양수도, 영업거래 및 기타 이해관계자와의 거래내역은 없음

## 연구개발
인텍플러스는 CX본부 산하에 영업부문, 고객지원부문, 해외지사를 두고 있으며, 3D 측정 원천 기술·머신비전 2D 검사 기술·실시간 영상 획득 및 처리 기술·핸들러 설계 및 제작 기술을 자체 개발해 보유하고 있다. 2002년부터 국내 반도체 업체에 2D/3D 외관검사장비를 공급해 왔으며, WSI 검사기술 기반의 10㎛ 미만 Micro Bump 3D 측정 기술 등을 통해 미국 글로벌 반도체 업체의 검사 성능 검증을 완료한 바 있다.
"
고영,"# 고영 (098460) 사업보고서 요약 (2025년 12월 결산)

## 사업 개요
㈜고영테크놀러지(약식 ""고영"")는 검사 및 정밀측정 자동화 시스템·장비 제조·판매를 목적으로 2002년 4월 25일 설립되었으며 2008년 6월 3일 코스닥시장에 상장했다. 본점은 경기도 용인시 수지구 포은대로 59번길 18(상현동)에 있다. 3D 측정 기반 검사장비 및 솔루션을 주력으로 하며, 주요 제품은 3D 납도포 검사장비(SPI, aSPIre·KY8030 등), 3D 자동 광학 검사장비(AOI, Zenith 등), 3D 반도체 후공정 패키징 검사장비(Meister, Zenstar 등)이며, 전자 제조 서비스(EMS) 업체·자동차 부품 제조업체·반도체 패키지 및 기판 제조사 등에 공급한다. 또한 의료 분야로 사업을 확장하여 2020년 뇌수술용 의료로봇 'KYMERO'를 출시했고, 이후 차세대 수술로봇 'Geniant Cranial'을 출시했다. Geniant Cranial은 2025년 1월 미국 FDA 510(k) 인허가, 2026년 1월 일본 후생노동성(MHLW) 인허가를 획득하여 미국·일본 판매가 가능해졌다.

2025년 연결 사업부문별 매출 비중: 3D AOI 117,955백만원(50.7%), 3D SPI 86,019백만원(37.0%), 기타(Geniant Cranial, Kymero, Neptune, KY-P3 및 부품 등) 28,673백만원(12.3%), 합계 232,647백만원.

## 매출 및 손익 현황
- 연결 기준 매출액 추이(단위: 억원): 2022년 2,754 / 2023년 2,256(-18.1%) / 2024년 2,025(-10.2%) / 2025년 2,326(+14.9%)
- 별도 기준 매출액 추이(단위: 억원): 2022년 2,419 / 2023년 2,010(-16.9%) / 2024년 1,729(-14.0%) / 2025년 2,042(+18.1%)
- 별도재무제표 기준 매출비중: 수출 89.6%, 내수 10.4%
- 판매경로: 국내 영업팀, 글로벌 영업팀, 현지판매법인(일본·독일·미국·싱가포르·중국·베트남)을 통한 직접판매 또는 각 지역 대리점을 통한 판매. 미국에서는 현지법인(KYA)이 수입·판매업체로 등록되어 영업 중. 채권회수기간은 내수 약 3개월, 수출 약 3개월(T/T·L/C 결제), 의료로봇은 국내 현금결제 기준 약 2개월
- 신용평가: (주)NICE디앤비 A0(2025.4~2026.4), 이크레더블 A-(2025.4~2026.4), 이크레딧 A0(2025.7~2026.6) 등 우량 등급 유지

## 주요 매출처·매입처 및 공급관계
- 고영테크놀러지의 연결재무제표 주석에 따르면 당기와 전기 중 연결회사 매출액의 10% 이상을 차지하는 단일 주요 고객은 없다(즉, 특정 거래처에 대한 매출 집중도가 낮고 고객이 다변화되어 있음이 공시상 명시적으로 확인됨).
- 판매 방식: 전 제품을 자체 생산하여 직접판매하거나 대리점을 통해 판매. 뇌수술용 의료로봇은 자체 생산 후 직접 판매(구매처인 병원과 구매계약 체결).
- 주요 종속회사인 KOH YOUNG AMERICA INC.(KYA, 미주 판매법인)는 고영테크놀러지가 제조한 3D 검사장비 등을 매입하여 미주 지역 고객(전자제품 전문 생산업체, 자동차 전장부품 업체, 스마트폰 등 전자제품 생산업체)에 재판매하는 구조다. KYA는 별도의 생산설비가 없고 외부 제3자로부터의 원재료 조달도 없으며, 전량 지배회사(고영테크놀러지)로부터 매입한다. KYA의 2025년 매출(개별 기준): 3D AOI 32,085백만원(44.3%), 3D SPI 18,227백만원(25.1%), 기타(Geniant Cranial, Neptune, KY-P3 및 부품 등) 22,187백만원(30.6%), 합계 72,499백만원.
- 원재료 매입처: 원문에 개별 매입처(공급사) 명단은 별도로 공시되어 있지 않다.

## 계열회사·종속회사·타법인출자 현황
- **최대주주(지배구조)**: ㈜고영홀딩스가 최대주주이며, 자회사 지분 소유를 통해 사업내용을 지배하는 투자사업(지주회사) 및 임대업을 목적으로 2017년 4월 28일 설립되었다. ㈜고영홀딩스의 최대주주는 고광일(고영테크놀러지의 기존 최대주주였으며, 2017년 5월 지주회사 전환으로 최대주주 명의만 변경되었을 뿐 경영권 변동은 없었음)이다. 고광일은 고영테크놀러지의 대표이사이자 해외법인 KOH YOUNG AMERICA INC., KOH YOUNG SE ASIA PTE. LTD.의 임원도 겸직하고 있다.
- **계열회사 현황(요약)**: 기업집단 ""주식회사 고영테크놀러지"" 소속 비상장 계열회사 8개사(=연결대상 종속회사와 동일한 8개사)
- **연결대상 종속회사**(8개사, 모두 지분율 100%, 시장개척 목적의 해외 판매·연구법인):
  - JAPAN KOH YOUNG COMPANY LTD(일본, 2008년 설립) — 3D SPI·3D AOI·반도체검사장비 및 의료기기/로봇 판매, 자산총액 5,747백만원, 당기순이익 175백만원
  - KOH YOUNG EUROPE GmbH(독일, 2009년 설립) — 3D SPI·3D AOI·반도체검사장비 판매, 자산총액 28,561백만원, 당기순손실 -4,723백만원
  - KOH YOUNG AMERICA INC.(미국, 2010년 설립) — 3D SPI·3D AOI·반도체검사장비 및 의료기기/로봇 판매·연구, 자산총액 61,059백만원(종속회사 중 최대 규모, 주요종속회사로 분류)
  - KOH YOUNG SE ASIA PTE. LTD.(싱가포르, 2013년 설립) — 3D SPI·3D AOI·반도체검사장비 판매, 자산총액 1,585백만원
  - KOH YOUNG TECHNOLOGY SUZHOU LTD(중국 쑤저우, 2014년 설립) — 3D SPI·3D AOI·반도체검사장비 판매, 자산총액 2,051백만원
  - KOH YOUNG RESEARCH CANADA INC.(캐나다, 2019년 설립) — 3D SPI·3D AOI·반도체검사장비 및 의료기기/로봇 연구, 자산총액 939백만원
  - KOH YOUNG VIETNAM CO., LTD(베트남, 2019년 설립) — 3D SPI·3D AOI·반도체검사장비 판매 및 연구, 자산총액 1,129백만원
  - KOH YOUNG RESEARCH SPAIN, S.L.(스페인, 2022년 설립) — 3D SPI·3D AOI·반도체검사장비 및 의료기기/로봇 연구, 자산총액 970백만원
- **타법인출자 현황(요약, 2025.12.31 기준)**: 경영참여 목적 8개사(=위 종속회사 전체) 기말장부가액 합계 3,814백만원. 일반투자·단순투자 목적 출자는 없음
- **회사와 계열회사 간 임원 겸직**: 고광일(대표이사)이 KOH YOUNG AMERICA INC.(대표이사), KOH YOUNG SE ASIA PTE. LTD.(이사) 겸직. 박현수(사내이사)가 KOH YOUNG EUROPE GmbH·KOH YOUNG RESEARCH CANADA INC.·KOH YOUNG RESEARCH SPAIN, S.L.의 대표이사를 겸직

## 특수관계자 거래
고영테크놀러지의 특수관계자는 지배주주 고광일과 유의적 영향력을 행사하는 기업인 ㈜고영홀딩스(최대주주)로 구성된다.
- 거래 내역(당기/전기, 단위: 천원) — 모두 ㈜고영홀딩스와의 거래
  - 지급수수료 등: 당기 1,031,489 / 전기 967,134
  - 리스이자: 당기 352,304 / 전기 332,166
  - 리스이용자로서 리스(사용): 당기 3,575,821 / 전기 3,369,087
  - 배당금지급: 당기 1,922,362 / 전기 1,922,362
- 채권·채무 잔액(당기말/전기말, 단위: 천원) — ㈜고영홀딩스 대상
  - 보증금(채권): 당기말 3,336,458 / 전기말 3,084,378
  - 채무액: 당기말 94,628 / 전기말 88,203
  - 리스부채: 당기말 8,629,843 / 전기말 11,545,021
- 리스계약: ㈜고영홀딩스와 체결한 사무실 리스계약에 따른 사용권자산 8,854,778천원(전기말 11,448,097천원)
- 담보·보증: 당기말 현재 연결회사가 특수관계자를 위해 제공하거나 특수관계자로부터 제공받는 담보·지급보증은 없음
- 주요 경영진 보상(연간, 연결): 총 3,848,822천원 (단기종업원급여 2,958,044천원 + 퇴직급여 468,457천원 + 주식기준보상 422,321천원)
- 대주주와의 영업거래: ㈜고영홀딩스(최대주주)와의 리스부채 상환 및 기타비용(이자비용 포함) 당기 4,959,614천원
- 대주주 등에 대한 신용공여, 자산양수도, 대주주 이외 이해관계자와의 거래는 모두 ""해당사항 없음""
- 우발부채: 서울보증보험으로부터 제공받은 이행보증 등 지급보증 금액 당기말 1,122,166천원(전기말 880,080천원)

## 연구개발
KOH YOUNG AMERICA INC.(KYA)는 판매법인 역할 외에 고영테크놀러지의 3D 검사장비 및 의료기기 제품에 대한 위탁 연구개발활동도 수행하며, 산하 연구소 KOH YOUNG RESEARCH AMERICA(KYRA, 2016년 8월 미국 샌디에이고 설립)가 본사로부터 연구개발을 위탁받아 용역을 제공한다. 이 외에도 캐나다(KOH YOUNG RESEARCH CANADA)와 스페인(KOH YOUNG RESEARCH SPAIN) 법인이 의료기기/로봇 연구 기능을 수행하는 등, 고영테크놀러지는 해외 연구개발 거점을 다변화하고 있다.
"
리노공업,"# 리노공업 (058470) 사업보고서 요약 (2025년 12월 결산)

## 사업 개요
리노공업주식회사는 1978년 11월 리노공업사로 창업한 이래 1996년 12월 20일 법인전환되었고, 2001년 12월 18일 코스닥시장에 상장했다. 본사는 부산광역시 강서구 미음산단로105번길 10(구랑동)에 있으며, 설립 당시 자본금 720,000천원에서 수차례 증자를 거쳐 2025년 12월 31일 현재 납입자본금은 7,621,185천원이다. 최대주주는 대표이사 이채윤으로 지분율 34.66%를 보유하고 있다(2025년 4월 14일 주식분할 1:5 시행).

리노공업은 크게 두 개 사업부문을 영위한다.
- LEENO PIN & IC TEST SOCKET 부문: 전량 수입에 의존하던 반도체 검사용 프로브(SPRING CONTACT PROBE: LEENO PIN)와 반도체 검사용 소켓(IC TEST SOCKET)을 자체 브랜드로 개발해 제조·판매. IDM 종합 반도체업, Fabless, Foundry, Packaging & Test, 전기전자업 등 여러 분야에서 매출이 발생하며, 40년 이상의 제품생산 경험을 바탕으로 다품종 주문생산이 가능하다. 2025년 매출액은 전년 대비 840억원 증가한 3,312억원을 기록했다.
- 의료기기 부문: 초음파 진단기 등에 적용되는 의료기기 부품을 제조·판매. 2025년 매출액은 전년 대비 103억원 증가한 413억원을 기록했다.

2025년 총 매출액은 전년 대비 34% 성장한 3,725억원, 영업이익은 43% 성장한 1,770억원(영업이익률 47.5%), 당기순이익은 34% 성장한 1,520억원을 기록했다. 회사는 2024년 11월 부산에코델타시티 산업시설용지에 공장 신설을 위한 신규시설투자(투자금액 97,182,000,000원, 투자기간 2024.11.11~2026.11.10, 생산능력 증대 및 R&D 역량 확대 목적)를 진행 중이며, 2025년 12월 31일 기준 50,383,995,814원이 집행 완료되었다(공시제출일 현재 공장 신축공사 진행 중).

## 매출 및 손익 현황
- 2025년 부문별 매출: LEENO PIN & IC TEST SOCKET 3,312억원(전년 대비 34% 성장), 의료기기 413억원(전년 대비 33% 성장), 합계 3,725억원(전년 대비 34% 성장)
- 2025년 영업이익 1,770억원(전년 대비 43% 성장, 영업이익률 47.5%), 당기순이익 1,520억원(전년 대비 34% 성장)
- 매출은 전량 한국(리노공업 소재지 국가)에 귀속되는 것으로 공시됨(즉 매출채권·수익 인식 기준지가 국내이며, 다만 실제 고객사에는 해외법인도 포함될 수 있음)
- 상각후원가로 측정하는 금융부채(당기말): 11,622,305,171원 (리스부채 181,771,274원 포함)

## 주요 매출처·매입처 및 공급관계
- 재무제표 주석(부문별 보고)상 단일 외부고객으로부터의 수익이 전체 수익의 10% 이상인 주요 고객 매출 현황(사명 비공개, ""주요고객사(A)~(D)""로 표기):
  - 당기(2025년): 주요고객사(A) 83,152,483,569원, 주요고객사(B) 61,538,764,363원, 주요고객사(C) 58,426,701,423원, 주요고객사(D) 0원 — 상위 3개사 합계 203,117,949,355원으로 전체 매출(약 372.5십억원)의 약 54.5%에 해당하는 높은 고객 집중도
  - 전기(2024년): 주요고객사(A) 76,948,819,017원, 주요고객사(B) 37,800,064,799원, 주요고객사(C) 32,383,061,552원, 주요고객사(D) 28,085,141,830원 — 4개사 합계 175,217,087,198원
  - 리노공업은 IC TEST SOCKET과 PROBE 등의 제조·판매라는 단일 영업을 수행하여 단일 보고부문으로 운영되고 있음
- 의료기기 부문: 리노공업은 지멘스社(Siemens)와 2010년부터 전략적 파트너십을 맺고 초음파 프로브용 부품을 공급하고 있다. 이는 원문에 실명이 명시된 몇 안 되는 매출처 사례다.
- 판매 방식: 반도체 및 전기전자업체 등 고객의 주문에 따라 제품을 설계·제작하는 주문생산(주문형) 방식으로, 계절적 변동은 작으나 경기 하강기에는 매출처의 투자 축소·수주 감소로 매출이 축소될 수 있다.
- 매입처: 원문에 개별 원재료 매입처(공급사) 명단은 별도로 공시되어 있지 않다.

## 계열회사·종속회사·타법인출자 현황
- **연결대상 종속회사**: 본 보고서 작성기준일 현재 리노공업의 연결대상 종속회사는 없다.
- **계열회사**: 본 보고서 제출일 현재 리노공업의 계열회사는 없다. 다만 ""기타 관계회사""로 리노정밀㈜가 있으며, 이는 리노공업 대표이사 이채윤의 동생이 대표이사로 있는 회사다. 리노공업은 리노정밀㈜에 대한 출자 지분이 없다. 이 관계회사는 「독점규제 및 공정거래에 관한 법률」상 출자총액제한 기업집단 또는 상호출자제한 기업집단에 해당하지 않는다.
- **타법인출자 현황**: 경영참여·일반투자·단순투자 목적을 불문하고 리노공업의 타법인 출자 현황은 없다(전 항목 ""-"").

## 특수관계자 거래
리노공업의 특수관계자로 공시된 회사는 대표이사 이채윤의 동생이 대표이사로 있는 리노정밀㈜가 유일하다.
- 거래 내역(당기/전기, 단위: 원): 리노정밀㈜에 대한 ""기타"" 매출 등 당기 421,661,000원, 전기 391,170,000원 (매입 등 거래는 당기·전기 모두 없음)
- 채권·채무 잔액: 리노정밀㈜에 대한 채권 당기말 15,400,000원, 전기말 25,036,000원 (채무는 없음)
- 대주주 등에 대한 신용공여, 자산양수도, 주식기준보상 거래, 대주주 이외 이해관계자와의 거래는 모두 ""해당사항 없음""으로 공시됨
- 채무보증현황, 채무인수약정, 기타 우발채무, 중요한 소송사건은 모두 ""해당사항 없음""

## 연구개발
연구개발은 ""전 사원의 연구원화""를 기본 개념으로 삼고 있으며, 직접연구개발팀과 간접연구개발인력(기술연구소, 생산기술)으로 조직이 구성되어 있다. 핵심 제품인 LEENO PIN과 TEST SOCKET의 성능 향상과 함께 반도체 패키지 공정 축소·개선에 대응하는 신제품 개발, 신규 산업분야 진출을 위한 제품·공정 연구를 병행하고 있다. 진행 중인 신공장 투자(97,182백만원, 2026년 11월 완공 목표)에는 R&D 역량 확대 목적이 포함되어 있다.
"
ISC,"# ISC (095340) 사업보고서 요약 (제25기, 2025년 12월 결산)

## 사업 개요
주식회사 아이에스시(ISC Co., Ltd.)는 2001년 2월 22일 설립되어 전기전자 소재·부품 제조 및 판매를 주요 사업으로 영위하며, 2007년 10월 코스닥시장에 상장했다(2012년 3월 ㈜아이에스시테크놀러지에서 현재 사명으로 변경). 본점은 경기도 성남시 수정구 금토로에 있다. 세계 최초로 상용화·양산화한 반도체 테스트용 실리콘 러버 소켓(Silicone Rubber Contactor: iSC)과 테스트용 프로브(SPRING CONTACT PROBE: iSP)를 포함한 반도체·ICT 토탈솔루션을 공급한다. 제조 거점은 성남·안산 공장과 베트남 하노이 공장이 있다.

ISC는 SK그룹(기업집단명 ""에스케이"", 최상위 소속회사 SK(주))에 속해 있으며, 최대주주는 SKC㈜다(발행주식의 45.03% 소유, 2026년 3월 5일 헬리오스 제8호 사모투자합자회사 보유 콜옵션 행사분 734,490주 추가 취득으로 보고서 제출일 현재 48.5%로 상승).

2025년 2분기 ISC는 반도체 후공정 테스트 장비 및 HBM·DRAM 식각공정용 세정 케미컬 소재 사업을 영위하는 아이세미㈜, Tech Dream Co., Ltd를 인수했다(AI·HBM 반도체 테스트 시장을 겨냥한 테스트 플랫폼 확보 전략의 일환). 두 회사는 원래 특수관계자인 에스케이엔펄스㈜(SK엔펄스)가 보유하던 지분을 ISC가 신규 취득한 것이다. 이후 아이세미㈜와 ㈜아이티엠티시는 각각 2025년 5월 9일, 2025년 10월 31일 ISC로 흡수합병 종료되었다.

## 매출 및 손익 현황
- 연결 기준 부문별 매출(내부거래 제거 전, 각 법인 합산, 단위: 백만원): 2025년 제조부문 293,156(영업이익 56,889), 중개부문 12,357(영업이익 3,423), 합계 305,513(영업이익 60,312) — 2024년 합계 310,218(영업이익 44,716), 2023년 합계 231,764(영업이익 7,417)
  - 제조부문에는 아이에스시, ISC VINA MANUFACTURING 포함 / 중개부문에는 ISC International, Tech Dream 포함
- 연결 기준 지역별 매출(내부거래 제거 후, 당기/전기, 단위: 천원): 한국 77,166,006 / 61,055,306, 대만 36,771,583 / 30,209,885, 미국 53,834,579 / 41,777,673, 중국 13,497,790 / 7,757,202, 기타 국가 38,924,794 / 33,680,028, 합계 220,194,752 / 174,480,094
- 국내외 주요 거래처는 약 300여개사에 달하며, 해외 판매는 북미지역은 자회사 ISC International을 통해, 그 외 지역은 현지 바이어 직접판매 및 대리점을 통해 대응
- 희석주당이익(연결): 2,622.0원, 지배기업 소유주 귀속 당기순이익 55,433,161,717원
- 주요 경영진 보상(연결, 당기): 단기종업원급여 946,822천원 + 퇴직급여 159,194천원 = 1,106,016천원(전기 798,282천원)

## 주요 매출처·매입처 및 공급관계
- 연결재무제표 주석상 당기 중 연결실체 매출액의 10% 이상을 차지하는 외부고객(사명은 ""A사"", ""B사""로 일부 비공개 처리):
  - A사: 당기 35,079,475천원(전기 29,516,394천원)
  - B사: 당기 32,923,195천원(전기 2,618,362천원) — 특수관계자 거래내역 주석의 SK하이닉스㈜향 매출액(당기 32,923,195천원)과 정확히 일치하여, B사는 SK하이닉스㈜로 추정됨
  - 두 고객 합산 당기 68,002,670천원으로 연결 매출(220,194,752천원)의 약 30.9%
- 판매경로: 국내는 본사 국내 영업팀을 통한 직접판매(주요 고객으로 ""삼성전자, 하이닉스 외"" 반도체 장비 및 부품사 등이 원문에 명시), 해외는 미주지역 자회사 ISC International을 통한 유통과 동남아시아·중국·대만·유럽 등 지역은 해외지사·대리점을 통한 직접 수출.
- 특수관계자(SK그룹 계열사)와의 매출·매입 거래(당기, 단위: 천원): SK하이닉스㈜에 대한 매출 32,923,195(주요 매출처), 에스케이엔펄스㈜에 대한 매출 774,013, 행복나래㈜에 대한 매입 860,530, SKC㈜에 대한 매입 50,922, SK(주)에 대한 매입 1,325,130
- 보증 관계: 당기말 현재 ISC는 고객사와 체결한 공급구매계약의 이행의무에 대하여 특수관계자인 SKC로부터 이행보증을 제공받고 있음
- 매입처: 개별 원재료 매입처(공급사) 명단은 원문에 별도로 공시되어 있지 않다.

## 계열회사·종속회사·타법인출자 현황
- **소속 기업집단**: ""에스케이"" 기업집단(최상위 소속회사 SK(주))에 속하며, 동 기업집단은 상장 20개사, 비상장 731개사로 총 751개사에 이르는 대규모 기업집단이다. 계열회사간 출자 구조상 SK(주) → (SKC 등 계열 다수) → SKC → SK엔펄스/ISC 등으로 이어지는 지배구조를 가진다. 2026년 1월 27일자로 SK엔펄스는 SKC에 흡수합병되어 소멸했다(작성기준일 이후 사건).
- **연결대상 종속회사**(제25기 기준 5개사):
  - ISC International, INC.(미국) — 지분율 80%, 중개(유통)부문
  - ISC VINA MANUFACTURING COMPANY LIMITED(베트남) — 지분율 100%, 제조부문
  - Tech Dream Co., Ltd(홍콩) — 지분율 100%, 2025년 신규 취득(에스케이엔펄스로부터), 중개부문
  - 아이세미㈜ — 지분율 100%, 2025년 신규 취득(에스케이엔펄스로부터), 이후 2025년 5월 ISC에 흡수합병되어 소멸
  - ㈜아이티엠티시 — 지분율 100%, 2025년 10월 ISC에 흡수합병되어 소멸
  - (제24기에는 ISC Japan R&D Center 100%, Smatech Inc. 70%가 포함되어 있었으나 제25기 연결범위에서 제외됨. 제23기에는 ㈜아이에스시엠(100%, ATK 사업부 포함)·㈜프로웰(99%)도 연결대상이었음 — ㈜아이에스시엠은 2024년 11월 29일 ATK 사업부와 함께 매각되었으며, 운전자본·현금 정산분 1,148백만원 포함 매각금액 8,548백만원, 처분이익 1,662백만원을 기타영업외수익으로 인식함)
- **타법인출자 현황(요약, 2025.12.31 기준)**: 경영참여 목적 3개사, 기말장부가액 합계 56,295백만원(기초 42,996백만원에서 13,299백만원 증가 — 아이세미·Tech Dream 신규 취득분 반영)
- **과거 사업 매각**: 2020년 인수했던 ATK사업(양도자 ㈜토모테크)과 관련한 잔여 사업권대금 청구 소송이 2026년 2월 12일 최종 판결(ISC 패소, 1,833,925천원 지급)로 종결됨

## 특수관계자 거래
ISC의 특수관계자는 최상위 지배기업 SK(주), 지배기업 SKC㈜, 대규모기업집단 계열사(SK하이닉스㈜, 에스케이엔펄스㈜, SK Hynix semiconductor(Chongqing) Ltd., 행복나래㈜ 등)로 구성된다.
- 매출 등 거래(당기, 단위: 천원): SKC㈜ 13,824, SK하이닉스㈜ 32,923,195, 에스케이엔펄스㈜ 774,013, SK Hynix semiconductor(Chongqing) Ltd. 168, 행복나래㈜ 62,894, 기타 대규모기업집단向 합계 33,814,398
- 매입 등 거래(당기, 단위: 천원): SK(주) 50,922, SKC㈜ 1,325,130, 에스케이엔펄스㈜ 24,593, SK Hynix semiconductor(Chongqing) Ltd. 748, 행복나래㈜ 13,656, 기타 대규모기업집단向 합계 860,530, 전체 합계 2,275,579
- 채권·채무 잔액(당기말, 단위: 천원): SKC㈜ 채무(교환사채 관련) 20,000,000, SK하이닉스㈜ 채권 16,843,553, 에스케이엔펄스㈜ 채권 5,863, 행복나래㈜ 채권 29,184, 기타 대규모기업집단 채무 167,062
- 배당 지급(당기): SKC㈜에 지급배당금 7,731,164천원(주요 경영진에 663,827천원 별도 지급 포함 총 8,394,991천원), 전기 SKC㈜ 1,908,929천원
- 자금거래: 헬리오스 제8호 사모투자합자회사와의 교환사채 차입거래 기말잔액 20,000,000천원(이자율 5.00%), 당기 이자비용 999,701천원
- 지분거래(신규 취득, 당기): 종속기업 Tech Dream Co., Ltd 지분을 에스케이엔펄스㈜로부터 12,000,000천원에, 아이세미㈜ 지분을 에스케이엔펄스㈜로부터 29,300,000천원에 각각 신규 취득
- 보증: 당기말 현재 ISC는 고객사와 체결한 공급구매계약 이행의무에 대해 특수관계자인 SKC로부터 이행보증을 제공받고 있음
- 대주주 등에 대한 신용공여, 자산양수도, 영업거래, 대주주 이외 이해관계자와의 거래는 모두 ""해당사항 없음""

## 연구개발
ISC의 연구개발은 ""세계최초, 세계최고""를 기본 개념으로 삼고 있으며, 세계 최초로 실리콘러버 소켓을 상용화·양산화한 경험을 바탕으로 한다. 연구개발 조직은 제품연구, 재료연구, PIN연구로 구분되어 있으며, 업계 최다 수준인 약 470여건의 특허를 보유하고 있다.
"
티에스이,"# 티에스이 (131290) 사업보고서 요약 (제31기, 2025년 12월 결산)

## 사업 개요
주식회사 티에스이는 1994년 3월 반도체 검사장비와 주변기기 제조·판매를 목적으로 설립되어 1995년 8월 31일 법인 전환했으며, 한국거래소 코스닥시장에 상장되어 있다. 본사 및 공장은 충남 천안시 서북구 직산읍 군수1길 189에 있고 2007년 직산읍 4산단 5길 78에 사업장을 증설했다. 보고기간 종료일 현재 최대주주는 권상준 사내이사(지분율 21.23%)다.

티에스이와 그 종속기업(연결회사)은 반도체·디스플레이 테스트 및 관련 제품을 공급하는 전문기업으로, 제품 특성에 따라 4개 사업부문(반도체 검사장비, 전자제품 검사장치, 반도체 검사용역, 반도체 외 생산설비)으로 나뉘어 독립경영하고 있다. 2025년 연결 매출 구성: 반도체 검사장비(Probe Card·Interface Board·Test Socket·OLED Test 장비) 302,356,801천원(70.5%), 전자제품 검사장치(Contact Probe·PCB Test 장치) 95,254,327천원(22.2%), 반도체 검사용역(Package Test·Wafer Test) 16,868,034천원(3.9%), 반도체 외 생산설비(반도체·LCD·OLED 공정설비) 14,421,627천원(3.4%), 합계 428,900,789천원.

보고서 제출일 현재 티에스이는 100% 자회사 3개사(㈜이노글로벌, ㈜메가프로브, 피엠피㈜)를 각각 흡수합병(소규모합병)할 예정이며, 경영 효율화·기술경쟁력 강화·통합 전략 수립을 통한 시너지 효과를 기대하고 있다(합병에 따른 신주 발행 없음, 최대주주 변경 없음).

## 매출 및 손익 현황
- (주)티에스이(지배회사) 별도 기준 2025년(제31기) 제품별 매출: Probe Card 143,423,103,771원(46.1%), Interface Board 94,580,831,075원(30.4%), Test Socket 42,392,743,159원(13.6%), OLED 검사장비 30,405,151,613원 등
- 별도 기준 품목별 수출·내수(단위: 백만원, 2025/2024/2023년)
  - ProbeCard: 수출 84,840/56,388/22,687, 내수 58,583/23,874/15,651, 소계 143,423/80,262/38,338
  - InterfaceBoard: 수출 66,881/45,674/33,637, 내수 27,700/21,929/25,126, 소계 94,581/67,603/58,763
  - Test Socket: 수출 26,274/24,995/19,011, 내수 16,119/14,560/12,725, 소계 42,393/39,555/31,736
  - OLED검사장비: 수출 25,651/10,603/1,711, 내수 4,753/22,715/5,650, 소계 30,404
- 연결 기준 지역별 매출(당기, 단위: 천원): 152,113,403 + 161,129,088 + 32,519,885 + 2,290,832(북아메리카, 기타 국가 등 포함) 합계 348,053,208 — 다만 전체 연결 매출 428,900,789천원과는 별도 세그먼트 기준 차이가 있음(원문상 정확한 지역 구분 라벨이 일부 소실되어 명확한 국가명 매칭에 모호함이 있음)

## 주요 매출처·매입처 및 공급관계
- Probe Card 부문: 주로 NAND Flash 제조업체인 삼성전자, SK Hynix, Intel, Micron, YMTC에 공급. 국내 경쟁사는 코리아인스트루먼트, 피엠티(구 마이크로프랜드), 해외 경쟁사는 MJC(일본), JEM(일본), Formfactor(미국)
- Interface Board 부문: 삼성전자(메모리), SK하이닉스(메모리), 해외 메모리사(Infineon, Western Digital, YMTC, Nanya, Kioxia 등), 해외 비메모리사(Intel, AMD, Qualcomm, Broadcom, TI, Nvidia 등)에 공급. 경쟁사는 국내 ISC·엔에스티·BE Link, 해외 Advantest(일본)·SL Link(대만)·ZVC(대만)·R&D Altanova(미국)·Harbor Elec(미국)·Gorilla Circuits(미국)·ITC(미국)·Keystone Microtech(대만) 등
- Test Socket 부문: 삼성전자(메모리·비메모리) 등에 공급하며, 경쟁사로 ISC(한국), TFE, MCS, LEENO(한국) 등이 있음
- 연결재무제표 주석상 매출 집중도: 당기 ""A고객그룹""(개별로는 10% 미만이나 그룹화한 다수 거래처) 매출 70,632,455천원(전체 수익의 16.47%), 기타고객 358,268,334천원(83.53%), 합계 428,900,789천원. 원문에 ""단일 외부고객으로부터의 수익이 기업전체 수익의 10% 미만인 거래처들로 구성""되어 있다고 명시되어 있어, 단일 고객 집중 리스크는 상대적으로 낮음(전기 A고객그룹 40,962,565천원, 11.77%)
- 매입처: 개별 원재료 매입처(공급사) 명단은 원문에 별도로 공시되어 있지 않다.

## 계열회사·종속회사·타법인출자 현황
- **소속 기업집단**: ""㈜티에스이"" 자체가 기업집단명으로 공시되며, 상장 4개사·비상장 8개사로 총 12개 계열회사를 보유한다. 상장 계열사에는 티에스이 본체 외에 ㈜타이거일렉, ㈜엘디티, ㈜메가터치가 포함된다.
- **연결대상 종속회사**(주요종속회사 여부 포함):
  - ㈜지엠테스트(2005년 설립, 충남 천안시) — 시스템 반도체 Test House, 최대주주 지분 82.02%, 자산총액 41,528백만원, 주요종속회사(자산총액 10% 이상 요건 해당)
  - ㈜타이거일렉(2000년 설립, 인천 남구) — 인쇄회로기판(PCB) 제조업, 지분 43.71%, 자산총액 90,255백만원, 주요종속회사
  - ㈜메가터치(2010년 설립, 충남 천안시) — 반도체 부품 제조·판매, 지분 56.95%, 자산총액 62,986백만원, 주요종속회사
  - ㈜메가센(2002년 설립, 충남 천안시) — 자동화기기 제조, 지분 65.40%, 자산총액 20,862백만원
  - ㈜엘디티(1997년 설립, 충남 천안시) — 디스플레이용 구동IC 개발·생산·판매, 지분 43.78%, 자산총액 22,593백만원. 원래 관계기업이었으나 당기 중 제3자배정 유상증자에 참여해 실질지배력을 획득, 연결대상 종속기업으로 신규 편입됨
  - 위해태사전자유한공사(2005년 설립, 중국 위해시) — PCB 설계용역 외, 지분 100%, 자산총액 787백만원
  - TSE WORKS(2016년 설립, 미국) — 영업·서비스, 지분 100%, 자산총액 700백만원
  - MEGAELEC(2019년 설립, 베트남, 구 TSE VIETNAM에서 상호 변경) — 반도체 검사장치 및 PCB 외, 지분 74.02%, 자산총액 13,192백만원
  - TaiSi Technology(2020년 설립, 중국 우한) — 반도체 검사장치 부품·영업·서비스, 지분 100%, 자산총액 11,659백만원
  - Taisi Semicon(Hefei)(2025년 1월 2일 신규 설립, 중국 허페이) — 반도체 검사장치 부품·영업·서비스, 지분 100%, 자산총액 11,757백만원
- **관계기업**: ㈜코모텍(당기말·전기말 모두 관계기업), ㈜엘디티(전기말까지 관계기업이었으나 당기 중 종속기업으로 편입)
- **타법인출자 현황(요약, 2025.12.31 기준)**: 경영참여 목적 10개사(상장 3개사, 비상장 7개사) 기말장부가액 77,194백만원, 일반투자 목적 1개사(상장) 기말장부가액 11,711백만원, 단순투자 목적 3개사(비상장) 기말장부가액 7,137백만원, 전체 14개사 합계 96,042백만원(기초 76,235백만원에서 15,469백만원 증가)

## 특수관계자 거래
연결재무제표 주석상 티에스이의 특수관계자는 관계기업(코모텍, 및 당기 중 종속기업으로 편입되기 전까지의 엘디티)과 기타특수관계자(권상준, 김철호 등 주요 경영진)로 구성된다.
- 매출·매입 거래(단위: 천원)
  - 엘디티: 당기 매입(기타비용) 35,000, 전기 매출(재화의 판매) 50,228 + 기타수익 3,864 + 부동산 등 자산매각 46,364, 전기 매입(기타비용) 153,528 + 부동산 등 자산구입 30,000
  - 코모텍: 전기 매입(기타비용) 15,801
- 채권·채무 잔액(단위: 천원): 코모텍 채무(기타채무) 당기말 3,667/전기말 2,750+매입채무 881, 엘디티 채무 전기말 966
- 자금거래(당기, 단위: 천원): 그 밖의 특수관계자(주요 경영진 등)에 대한 대여거래 — 기초 5,493,693, 당기 신규대여 290,000, 회수 1,048,220, 기말잔액 4,735,473. 엘디티에 대한 현금출자 4,015,386천원(제3자배정 유상증자 참여로 종속기업 편입의 근거)
- 대주주 등과의 거래내용, 신용공여, 자산양수도, 영업거래 관련 세부 내역은 원문 X. 대주주 등과의 거래내용 항목을 참조하도록 되어 있으며 본 요약에서는 위 특수관계자 주석 내용으로 갈음함

## 연구개발
연구개발 조직은 지배회사와 종속회사(타이거일렉, 지엠테스트 등)별로 별도 운영되며, 지배회사는 S/W개발팀·H/W개발팀·PCB 설계실·응용 제품팀 4개 팀으로 구성되어 Interface Board 개발을 담당한다. OLED 검사장비는 2016년 첫 장비 개발 이후 매년 연구개발을 통해 성능을 향상시켜 관련 특허 7건을 보유하고 있다. 종속회사 타이거일렉은 신규 베트남 공장 셋업을 위한 공정기술부·선행기술부 조직을 운영 중이며, 지엠테스트의 기업부설연구소는 반도체용 Pin·배터리용 Pin 제품 성능 향상 연구를 담당한다.
"
마이크로컨텍솔,"# 마이크로컨텍솔(㈜마이크로컨텍솔루션, 098120) 사업보고서 요약 (제26기, 2025년 12월 결산)

## 사업 개요
㈜마이크로컨텍솔루션(영문 Micro Contact Solution Co., Ltd., 약칭 MCS Co., Ltd.)은 1999년 12월 28일 기기용접속장치(아이씨소켓, IC Socket) 제조 등을 목적으로 설립되었으며 2002년 1월 ㈜엠씨에스에서 현재 사명으로 변경했다. 2008년 9월 23일 코스닥시장에 등록했다. 본점은 충청남도 천안시 서북구 성거읍 오송2길 15-21이며, 세미콘 사업부문(성거읍)과 어플라이언스 사업부문(동남구 성남면)에 각각 자가 소유 사업장을 운영한다.

두 개 사업부문으로 구성된다.
- 세미콘 사업부문: 반도체 검사용 소모품인 아이씨소켓(번인 소켓, 모듈 소켓, 테스트 소켓, SSD 테스트 인터페이스, 반도체 검사장비용 커넥터 등) 제조
- 어플라이언스 사업부문: 써멀 프로텍터(Thermal Protector), 미니 마그네틱 컨택터, 코일 어셈블리, 컨택 어셈블리(Contact Assembly) 등 제조. 2023년부터 LS ELECTRIC과 협력하여 사업부문을 확장하고 있음

## 매출 및 손익 현황
- 2025년(제26기) 연결 매출 구성(단위: 백만원, 회사명별):
  - ㈜마이크로컨텍솔루션 세미콘 제품(Burn-in Socket·Module Socket·SSD Socket 외) 62,530(62.3%), 상품(ULTEM·BeCu R-Socket 등 IC Socket용 원재료) 2,485(2.5%), 임대(부동산임대) 92(0.1%)
  - ㈜마이크로컨텍솔루션 어플라이언스 제품(Thermal Protector·산업용 전자개폐기·Contact Ass'y) 23,315(23.2%), 상품(Sleeve·MC 외) 763(0.8%)
  - ㈜엠에스엘(종속회사) 상품(R-Socket 외, 저항기 회로 연결용) 11,129(11.1%)
  - 연결 합계 100,314백만원
- 부채비율(연결, 당기말) 19.00%(전기말 18.23%), 순차입금비율 0.30%(전기말 부(-))
- 2025년 주요 제품 평균 단가는 전기 대비 약 0.52% 하락
- 생산가동률(제26기): 세미콘 Burn-In Socket류 74%(생산실적 7,624천개/생산능력 10,344천개), 어플라이언스 Thermal Protector 68%, Magnetic Contactor 82%, Contact Ass'y 81%

## 주요 매출처·매입처 및 공급관계
- 사업부문별 주요 매출처 및 매출 비중(사명 비공개, ""A사~C사""로 표기):
  - 세미콘 사업부문: A사 27.7%, B사 7.1%
  - 어플라이언스 사업부문: C사 18.1%
- 어플라이언스 사업부문은 2023년부터 LS ELECTRIC과 협력관계를 맺고 사업을 확장하고 있다(원문에 실명이 명시된 몇 안 되는 파트너사).
- 흥미로운 점: 어플라이언스 사업부문의 Contact Ass'y 제작에 사용되는 은(Ag) 원재료를 ""주요 매출처로부터"" 공급받고 있다고 원문에 명시되어 있다 — 즉 특정 고객사가 동시에 은(Ag) 원재료 공급처(매입처) 역할도 겸하는 구조이며, 이를 통해 원재료 수급 안정과 가격 변동 리스크를 헤지하고 있다(해당 거래처의 구체적 상호는 비공개).
- 매입 현황(2025년, 단위: 백만원): 세미콘 사업부문 원재료(BeCu, ULTEM) 5,355 + IC 소켓용 원자재 23,508, 어플라이언스 사업부문(Bimetal·Wire Roll) 1,541 + Enamel Coil(Cu) 6,295 + Copper·Ag 12,282, 매입 합계 48,981
- 원재료 조달처: 플라스틱 수지·Cu Alloy는 미국·일본·중국에서, 베릴륨동(BeCu)은 시장 조달, 전자개폐기용 에나멜 동선은 국내 협력사로부터, 바이메탈은 미국 EMS사로부터 국내 대리점을 통해 공급받음. 플라스틱 수지 등 원재료 매입처와는 ""특수관계가 없음""을 명시함.

## 계열회사·종속회사·타법인출자 현황
- **최대주주**: 대표이사 양승은이 1,524,449주(18.34%)를 보유한 최대주주이며, 최대주주의 특수관계인이 221,031주(2.54%)를 추가 보유. 그 외 KYOUEI Co., Ltd.가 881,980주(10.61%), 우리사주조합이 27,154주(0.33%)를 보유하고 있다.
- **연결대상 종속회사**(1개사): ㈜엠에스엘 — 반도체장비 및 관련 부품 제조업체, 2022년 중 지분을 추가 취득하여 98.41% 지분을 보유한 국내 비상장 회사. 저항기 R-Socket 등을 생산해 지배기업인 마이크로컨텍솔루션에 상품 형태로 공급(2025년 매출 11,129백만원, 연결 매출의 11.1%)
- **계열회사 현황(요약)**: 비상장 계열회사 1개사(=㈜엠에스엘)
- **타법인출자 현황(요약, 2025.12.31 기준)**: 경영참여 목적 1개사(=㈜엠에스엘) 기말장부가액 6,673백만원(기초 1,492백만원에서 취득 31백만원 및 평가이익 5,150백만원 증가) — 일반투자·단순투자 목적 출자는 없음
- 대주주 등에 대한 신용공여, 자산양수도, 영업거래, 대주주 이외 이해관계자와의 거래는 모두 ""해당사항 없음""

## 특수관계자 거래
마이크로컨텍솔루션의 특수관계자는 종속기업 ㈜엠에스엘과 임직원으로 구성된다.
- 매출·비용 거래(㈜엠에스엘, 단위: 천원)
  - 당기: 매출 34,100 + 기타수익 102,652, 매입 3,395,944 + 기타비용 60,676
  - 전기: 매출 26,400 + 기타수익 143,375, 매입 950,076 + 기타비용 71,443
  - (마이크로컨텍솔루션이 ㈜엠에스엘로부터 원재료·상품을 매입하는 금액이 매출보다 훨씬 크며, 이는 ㈜엠에스엘이 R-Socket 등 부품을 생산해 지배기업에 공급하는 구조를 반영함)
- 채권·채무 잔액(㈜엠에스엘, 단위: 천원): 당기말 대여금(채권) 1,000,000, 미수금 20,607, 외상매입금(채무) 880,885, 기타채무 6,421, 보증금(채무) 71,000 / 전기말 대여금 1,000,000, 미수금 13,119, 외상매입금 100,144, 기타채무 8,576, 보증금 24,000
- 자금대여(당기, 단위: 천원): ㈜엠에스엘에 대한 대여금 기초·기말 모두 1,000,000(당기 중 추가 대여·회수 없음). 임직원 대여금은 기초 969,839 → 대여 1,366,000 → 회수 788,385 → 기말 1,547,454
- 주요 경영진(등기·비등기 이사) 보상: 별도 단기급여 등 공시(구체 금액은 재무제표 주석 참조)

## 연구개발
아이씨소켓의 주요 성능지표인 Contact Resistance, Inductance, Temperature Range, Life Cycle 등을 향상시키는 방향으로 기술개발을 진행하며, 미세피치 반도체 검사솔루션 개발도 병행하고 있다. 2006년 8월 10일 한국산업기술진흥협회로부터 기업부설연구소(제20062454호) 인정을 받아 지속적으로 R&D를 수행하고 있으며, 130건의 특허권과 40건의 의장권·실용신안권을 보유하고 있다. 고등기술연구원과 2024년 10월부터 2028년 9월까지 ""선택적 절연 Pin 및 AI 품질 검증 시스템 개발을 통한 0.25mm Pitch급 차세대 반도체테스트 번인 소켓 개발"" 정부 R&D 과제(중소기업기술혁신개발사업 수출지향형)를 공동 수행 중이다.
"
오킨스전자,"# 오킨스전자 (OKins Electronics Co., Ltd.) 사업보고서 요약 (제28기, 2025.01.01~2025.12.31)

## 사업 개요
주식회사 오킨스전자는 1998년 4월 13일 반도체 검사용 소켓 제조 및 판매를 목적으로 설립되었으며, 2014년 12월 24일 코스닥시장에 상장하였다. 본점은 경기도 의왕시 오전공업길13에 위치한다. 오킨스전자는 두 개의 사업부로 구성된다: 반도체 검사용 소켓을 제조하는 BiTS 사업부(번인 소켓, 테스트 소켓, Spring Pin, Magnetic Collet, 전기자동차용 Battery Connector 등)와, 2006년 설립된 반도체 사업부(팹리스 업체를 대상으로 한 웨이퍼·패키지 테스트 용역, 특히 CIS 패키지 테스트를 포함)이다. 오킨스전자는 이크레더블로부터 2025년 9월 29일자 신용등급 'BB'(현금흐름등급 B, watch등급 정상)를 받았다.

## 매출 및 손익 현황
제28기(2025년) 연결기준 매출액은 94,374백만원으로, 부문별로는 BI Socket 등 소켓 제조 관련 83,798백만원(88.8%, 수출 19,866백만원·내수 63,932백만원), 반도체테스트 서비스 7,060백만원(7.5%, 수출 5,212백만원·내수 1,848백만원), 기타(수리용역·임대수입 등) 3,516백만원(3.7%)으로 구성된다. 전기(제27기) 매출액은 66,680백만원, 전전기(제26기)는 64,177백만원으로, 최근 2년간 매출이 뚜렷하게 성장했다.

원재료 매입은 별도재무제표 기준 총 29,885백만원으로, 소켓 부품류 등 18,817백만원(63.0%), 플라스틱·BeCu 등 11,068백만원(37.0%)이다. 원재료는 사출 부품용 플라스틱 수지와 컨택 제작용 BeCu 등을 국내 대리점을 통해 조달하거나, 사출·컨택 전문 제작 업체로부터 부품을 공급받는 형태이다.

연구개발비는 별도기준 4,206백만원(매출액 대비 4.54%)이며 2024년 4,545백만원(7.00%), 2023년 3,501백만원(6.23%) 대비 절대금액은 증가했으나 매출 성장에 따라 비율은 낮아졌다.

## 주요 매출처·매입처 및 공급관계
연결재무제표 주석상 매출액의 10% 이상을 차지하는 주요고객은 실명이 아닌 ""고객 1~4""로 익명 처리되어 있으며, 당기(2025년) 기준 거래액은 다음과 같다.
- 고객 1: 25,989,819천원(전기 14,049,190천원)
- 고객 2: 18,730,649천원(전기 10,622,472천원)
- 고객 3: 10,378,082천원(전기 7,664,207천원)
- 고객 4: 3,043,971천원(전기 6,613,381천원, 당기에는 매출 비중이 10% 미만으로 낮아짐)
- 4개사 합계: 58,142,521천원(전기 38,949,250천원)

한편, 오킨스전자는 2025년 1월 21일(2025년 3월 25일·4월 24일 정정) 삼성전자주식회사와 반도체 테스트소켓 공급계약(단일판매·공급계약)을 체결했으며, 계약기간은 2025년 1월 20일~2025년 7월 31일, 계약금액 6,651백만원으로 2025년 5월 31일 완료(대금 전액 수령)되었다. 이는 오킨스전자가 공시한 유일한 개별 단일판매·공급계약이다. 보고서 제출일 현재 진행 중인 단일판매·공급계약은 없다.

오킨스전자는 중국 반도체 시장에서 국내 주요 반도체 고객사와의 협업 경험을 바탕으로 고속·고집적 소켓 기술력을 활용해 고객 기반을 확대하고 있으며, 주요 고객사향 매출이 발생하고 있다고 서술되어 있으나 구체적 고객사명은 기재되어 있지 않다.

해외 판매는 해외 현지 에이전트·대리점을 통한 판매와 해외 현지 고객사로의 직접판매로 이루어진다. 번인 소켓은 주로 반도체검사용 보드 제작업체 및 검사장비업체를 통해 납품되며, 일부는 최종 고객사에 직접 판매된다. Spring Pin 제품은 주로 반도체검사용 Probe Card 제작업체를 통해 납품된다.

## 계열회사·종속회사·타법인출자 현황
오킨스전자는 보고서 제출일 현재 2개의 비상장 계열회사를 보유하고 있으며, 대표회사는 (주)오킨스전자이다.

- **Okins Electronics (SUZHOU) Co., LTD.** (연결대상 종속회사): 2004년 2월 17일 중국 소주(苏州)에 설립. 주요사업은 CIS 패키지 및 비메모리 웨이퍼 테스트. 최근사업연도말 자산총액 1,302백만원. 지배관계 근거는 의결권 과반수 소유. CIS 패키지 조립 물량에 대해 패키지 테스트를 진행하며 오킨스전자의 자회사 중 주요 매출원 역할을 한다.
- **(주)한국영다반도체** (연결대상 종속회사): 2018년 8월 30일 설립, 경기도 의왕시 소재. 반도체검사용 장비 및 관련부품 개발·생산. 최근사업연도말 자산총액 782백만원. 지배관계 근거는 의결권 과반수 소유.
- 두 종속회사 모두 자산총액 기준 '주요종속회사'에는 해당하지 않는다.
- 임원 겸직: 전진국(오킨스전자 대표이사·등기/상근)은 Okins Electronics (SUZHOU)에서 비상근 '동사'를 겸직하며, 홍원태(오킨스전자 사업부장·등기/상근)는 동 법인에서 비상근 '동사장'을 겸직한다.

**관계기업(지분법 적용 대상, 연결기준)**은 다음 3개사이다.
- **OKINS USA**: 미국 소재, 반도체 검사용 소켓 영업. 지분율 25%(250주). 취득원가 348,030천원, 당기말 장부금액 357,816천원(전기말 348,087천원). 당기 지분법손익 11,330천원. 관계기업 자체 요약재무정보: 자산 350,925천원, 부채 26,658천원, 자본 324,266천원, 매출액 334,256천원, 당기순이익 45,319천원(전기 35,607천원).
- **NEVERG Co., Ltd.**: 일본 소재, 반도체 검사용 소켓 영업. 지분율 20%(20주). 취득원가 34,930천원, 당기말 장부금액은 0원(전기말 18,032천원에서 지분법손익 -764천원·지분법자본변동 25천원·기타증감 -17,293천원 반영되어 감소). 관계기업 자체 재무정보: 자산 50,339천원, 부채 41,552천원, 자본 8,786천원, 매출액 8,367천원, 당기순손실 -1,558천원(전기 -2,862천원)으로 지속적인 순손실 상태이다.
- **Shanghai Insemi Semiconductor Technology Co.,LTD.**: 중국 소재, 반도체 검사용 소켓 영업. 당기말 지분율 29.6%. 취득원가 752,126천원, 당기말 장부금액 978,459천원(전기말 799,430천원, 당기 지분법손익 150,592천원). 관계기업 자체 재무정보: 자산 7,528,604천원, 부채 4,762,817천원, 자본 2,765,788천원, 매출액 5,450,362천원, 당기순이익 408,476천원.

타법인출자 현황은 최근 사업연도말 자산총액이 1천억원 미만인 소규모기업 요건에 해당하여 별도의 '타법인출자현황(요약/상세)' 기재가 생략되었으며(경영참여·일반투자·단순투자 모두 '-'), 타법인 출자 관련 사항은 재무제표 주석(관계기업투자 주석)을 참고하도록 안내하고 있다.

## 특수관계자 거래
연결실체의 특수관계자(관계기업)는 OKINS USA, NEVERG Co.,LTD., Shanghai Insemi Semiconductor Technology Co.,LTD., Suzhou Insemi Semiconductor Technology Co.,LTD. 4개사이다.

특수관계자와의 당기(2025년) 주요 거래내역(매출/매입, 단위: 천원)은 다음과 같다.
- OKINS USA: 매출 256,870(전기 268,841), 매입 34,208(전기 21,935)
- NEVERG Co.,LTD.: 매출 7,808(전기 3,231), 매입 0(전기 9,035)
- Suzhou Insemi Semiconductor Technology Co.,LTD.: 매출 3,158,355(전기 2,768,747), 매입 263,111(전기 126,762)
- 합계: 매출 3,423,033천원(전기 3,040,819천원), 매입 297,319천원(전기 157,732천원)

특수관계자에 대한 당기말 채권·채무 잔액(단위: 천원)은 다음과 같다.
- OKINS USA: 채권 20,789(전기말 14,891), 채무 4,473(전기말 4,582)
- NEVERG Co.,LTD.: 채권 0(전기말 3,191), 채무 459(전기말 468)
- Suzhou Insemi(소주INSEMI): 채권 2,776,921(전기말 1,394,494), 채무 0(전기말 0)
- 합계: 채권 2,797,710천원(전기말 1,412,576천원), 채무 4,932천원(전기말 5,050천원)

주요경영진(등기임원)에 대한 대여금은 당기말 677,150천원(기초 600,150천원에서 80,000천원 증가, 3,000천원 감소)이다. 주요경영진 보상내역은 종업원급여 920,897천원, 퇴직급여 230,640천원으로 합계 1,151,537천원(전기 1,066,476천원)이다.

**대주주(종속기업 등)와의 거래**는 다음과 같다.
- 지급보증: Okins Electronics (SUZHOU) Co., LTD.에 대해 IBK기업은행을 보증처로 하는 CNY 2,400,000 지급보증 제공(당기말 기준).
- 대여금: Okins Electronics (SUZHOU) Co., LTD.에 2024년 1월 17일 CNY 1,500,000 대여.
- 매출·매입거래: 대주주등과의 거래 공시표에서는 Okins Electronics (SUZHOU), (주)한국영다반도체 모두 당기 매출거래·매입거래·채권채무 잔액이 ""-""로 기재되어 있다(연결/특수관계자 주석에서 제시된 Suzhou 법인과의 실제 매출입 거래 금액과는 별도 표 기준이며, 원문상 표기 방식의 차이로 판단됨).

## 연구개발
오킨스전자는 2001년 7월 한국산업기술진흥협회로부터 기업부설연구소(제20012189호)를 인정받아 R&D를 지속 수행하고 있다. 연구개발 조직은 제품단위로 분할되어 영업조직과 즉각적인 의사소통이 가능하도록 구성되어 있다. 다수의 반도체 테스트 소켓·컨택핀·프로브 핀 관련 특허를 보유하고 있으며(국내 특허 다수 및 미국·일본·대만 해외특허 포함), 지아이에프 커넥터, MEMS 필름 접촉 개선 기술, PION 핀 등 다양한 소켓·컨택 구조 특허를 다수 등록하였다.

## 기타사항
오킨스전자는 2026년 1월 8일 이사회 결의로 시설자금 조달 목적의 제10회차 무기명식 무이권부 무보증 사모 교환사채(전자등록총액 5,803,928,340원, 교환대상 자기주식 476,513주, 교환가액 12,180원/주, 만기 2031년 1월 19일)를 발행하기로 결정했다.
"
타이거일렉,"# 타이거일렉 (TigerElec Co., Ltd.) 사업보고서 요약 (제26기, 2025.01.01~2025.12.31)

## 사업 개요
(주)타이거일렉은 2000년 7월 28일 인쇄회로기판(PCB) 제조 및 판매를 주된 사업목적으로 설립되었으며, 반도체 후공정 검사 단계에서 사용되는 고다층(High-Multilayer)·고밀도(Fine Pitch) PCB를 주력 제품으로 하는 PCB 전문업체이다. 본점은 인천광역시 미추홀구 염전로187번길 33에 있다. 회사의 시초는 1991년 서울 관악구에서 설립된 개인사업자 '신화산업'이며, 이후 'SDA Technology㈜'를 거쳐 2011년 (주)티에스이(TSE)의 자회사로 편입되면서 상호를 'Tigerelec㈜'로 변경했다. 타이거일렉은 보고서 제출일 현재 중소기업기본법상 중소기업에 해당하며, 연결대상 종속회사는 없다(연결대상회사수 0).

주요 제품은 Probe Card PCB(반도체 전공정 웨이퍼 검사용), Load Board PCB(후공정 패키지 검사용), Socket Board PCB, STO PCB(Space Transformer Organic PCB), Burn-in Board PCB 등이다. 이크레더블의 기업신용평가에서 2023년 BBB, 2024년 BBB-, 2025년 BB+ 등급을 받았다(등급이 다소 하락하는 추세).

## 매출 및 손익 현황
제26기(2025년) 매출액은 80,679백만원으로 전기(제25기) 61,822백만원, 전전기(제24기) 48,570백만원 대비 지속 성장했다. 품목별 매출은 PROBE CARD 40,748백만원(50.51%), LOAD BOARD 21,384백만원(26.51%), 일반 BOARD 10,512백만원(13.03%), SOCKET BOARD 7,586백만원(9.40%), 기타(상품 등) 449백만원(0.56%)이다. 지역별로는 대한민국 60,532백만원, 아시아 17,994백만원, 북아메리카 2,074백만원, 유럽 79백만원이다.

원재료 매입 총액은 25,091백만원(제26기)으로 원판 18,876백만원(국내 7,313백만원, 수입 11,563백만원), P.G.C 3,663백만원, 동볼 1,454백만원, 동박 409백만원, 잉크 688백만원으로 구성된다.

## 주요 매출처·매입처 및 공급관계
타이거일렉의 지배기업은 (주)티에스이(TSE)이며, 재무제표 주석상 티에스이와의 거래가 가장 큰 관계사 거래로 나타난다.
- **(주)티에스이(지배기업)**: 당기 제상품매출 16,187,639천원(전기 12,913,765천원), 매입 및 제조원가(비용) 183,751천원(전기 0원). 당기말 매출채권 2,670,032천원, 매입채무 0원, 기타채무 125,591천원.

한편 K-IFRS 수익 주석상 주요고객 의존도는 익명(A사/B사/C사)으로 공시되어 있다.
- 주요고객 A사: 매출 15,742,708천원(전기 12,913,765천원), 매출 비중 20%(전기 21%)
- 주요고객 B사: 매출 14,038,224천원(전기 8,125,975천원), 매출 비중 17%(전기 13%)
- 주요고객 C사: 매출 8,562,386천원(전기 6,410,201천원), 매출 비중 11%(전기 10%)
- 기타고객(각각 매출 10% 미만 거래처 합산): 42,335,262천원(전기 34,372,434천원), 비중 52%(전기 56%)
- A사의 매출 규모(15,742,708천원)는 특수관계자 주석상 티에스이향 매출(16,187,639천원)과 유사한 수준이나, 원문에 두 수치를 명시적으로 동일 거래처로 연결하는 서술은 없어 확정적으로 동일 거래처라고 단정하지는 않는다.

**MEGAELEC(메가엘렉, 관계기업 겸 지배기업의 종속기업, 베트남 소재)**과의 거래도 상당한 규모이다.
- 당기 타이거일렉의 MEGAELEC향 매출(고정자산매각 등 기타수익 항목): 277,887천원(전기 468,529천원)
- 당기 MEGAELEC로부터의 매입(매입 및 제조원가): 10,623,624천원(전기 7,997,426천원) — MEGAELEC는 타이거일렉의 주요 매입처(공급처) 역할을 하고 있다.
- 당기말 채권(기타채권): 2,806,045천원, 채무(매입채무+기타채무): 1,591,441천원

기타 소규모 거래처로 **엘디티(지배기업의 관계기업)**에 대한 매입(고정자산매입 외) 5,855천원(당기)이 있다.

## 계열회사·종속회사·타법인출자 현황
타이거일렉은 연결대상 종속회사가 없으며(단독 재무제표 위주), 기업집단 '(주)티에스이' 소속 계열회사로서 상장 3개사·비상장 8개사, 총 11개사 계열회사 체제에 속해 있다.
- 상장 계열사: (주)티에스이(지배기업), ㈜엘디티, (주)메가터치
- 비상장 계열사: 태사전자유한공사, TSE WORKS, (주)지엠테스트, (주)메가센(구 우리마이크론(주), 2021.3.2 상호변경), MEGAELEC(구 TSE VIETNAM, 2021.3.1 상호변경), TaiSi Technology, Taisi Semicon(Hefei)(2025.1.2 설립), (주)코모텍(2024.5.16 단순투자목적으로 구주 지분 취득)

**타법인출자 현황(요약)**: 경영참여 목적으로 1개사에 출자, 기초장부가액 0원에서 취득 4,808백만원 및 평가손익 326백만원이 반영되어 기말장부가액 5,134백만원이다(해당 출자 대상은 아래 관계기업 MEGAELEC로 판단됨). 일반투자·단순투자는 해당 없음.

**관계기업(지분법 적용대상)**: MEGAELLEC CO.,LTD.(베트남 소재)에 대해 당기말 지분율 26.27%(전기말 0.00%)를 보유하며, 장부금액은 5,134,111천원(전기말 0원)이다. 이는 MEGAELLEC에 대한 대여금 USD 3,500,000을 당기 중 출자전환하여 취득한 것이다. 당기 취득액 4,808,300천원, 지분법이익 298,369천원, 지분법자본변동 27,442천원이 반영되었다. MEGAELLEC의 자체 요약재무정보(당기, 단위 천원): 유동자산 1,949,067, 비유동자산 11,296,593, 유동부채 4,431,516, 비유동부채 204,992, 매출 10,998,559, 당기순이익 798,983, 총포괄이익 914,805.

## 특수관계자 거래
특수관계자 구분은 다음과 같다.
- 지배기업: 티에스이
- 관계기업: MEGAELEC(당기말 기준. 전기말에는 관계기업 분류가 아니었음 — 지분 취득 후 당기 중 관계기업으로 전환)
- 기타특수관계자(지배기업의 종속기업): 지엠테스트, 메가터치, 태사전자유한공사, 메가센, TSE WORKS, TaiSi Technology, Taisi Semicon(전기에는 이 목록에 MEGAELEC도 포함되어 있었으나 당기에는 관계기업으로 재분류됨)
- 기타특수관계자(지배기업의 관계기업): 엘디티, 코모텍

특수관계자와의 재화 판매·용역 제공 및 구입 내역(당기, 단위: 천원)은 다음과 같다.
- 티에스이(지배기업): 수익 합계 16,187,639(제상품매출 16,187,639), 비용 합계 183,751(매입 및 제조원가)
- 엘디티(기타특수관계자): 수익 0, 비용 5,855(매입 및 제조원가)
- MEGAELEC(기타특수관계자/관계기업): 수익 277,887(기타수익), 비용 10,623,624(매입 및 제조원가)
- 합계: 수익 16,465,526천원, 비용 10,729,479천원

특수관계자에 대한 당기말 채권·채무 잔액(단위: 천원)은 다음과 같다.
- 티에스이: 매출채권 2,670,032, 기타채권 0, 채권 합계 2,670,032 / 매입채무 0, 기타채무 125,591, 채무 합계 125,591 (전기말 채권 1,181,369, 채무 0)
- MEGAELEC: 매출채권 0, 기타채권 2,806,045, 채권 합계 2,806,045 / 매입채무 1,540,842, 기타채무 50,599, 채무 합계 1,591,441 (전기말 채권 12,872,448, 채무 1,125,184 — 전기 대비 채권이 크게 감소했는데, 이는 대여금의 출자전환에 따른 것으로 보인다)
- 합계: 채권 5,476,077천원, 채무 1,717,032천원

MEGAELEC와의 자금대여거래: 당기 기초잔액 9,878,400천원에서 대여(회수) -8,408,400천원(이 중 출자전환 4,808백만원 포함), 환산차이 -35,100천원을 반영해 당기말 잔액 1,434,900천원이다. 전기에는 기초 9,025,800천원에서 대여 361,032천원, 환산 1,213,632천원이 반영되어 기말 9,878,400천원이었다.

**대주주 및 이해관계자와의 영업거래(대주주 조항 기준)**도 위 특수관계자 주석과 동일한 금액으로 티에스이(매출 16,187,639천원, 매입 183,751천원), 엘디티(매입 5,855천원), MEGAELEC(수익 277,887천원, 매입 10,623,624천원)가 보고되어 있다. 대주주에 대한 가지급금·대여금·담보제공·채무보증·차입금 내역은 해당사항 없음으로 기재되어 있다.

## 연구개발 등
연구개발 활동에 대한 별도의 상세 서술은 사업보고서 본문에서 확인되지 않았으며(별도 R&D 조직·비용 표가 그리핑되지 않음), 사업 연혁상 자체 개발 공법(Plugging Process, HPL공법 등) 언급 및 기술혁신형 중소기업(INNOBIZ) 인증 사실만 확인된다.

## 기타사항
정관 변경 이력, 우발부채, 소송사건 등은 ""해당사항 없음""으로 기재되어 있어 사업상 특기할 내용이 없다.
"
에프에스티,"# 에프에스티 (FST Co., Ltd.) 사업보고서 요약 (2025년 사업연도, 2025.01.01~2025.12.31)

## 사업 개요
(주)에프에스티는 1987년 9월 설립되어 반도체 생산용 Pellicle(펠리클)과 Chiller(칠러) 등을 제조·판매하는 회사로, 2001년 7월 31일 상호를 화인반도체기술(주)에서 (주)에프에스티로 변경했다. 2000년 1월 18일 코스닥에 등록했으며, 본사는 경기도 화성시 동탄면, 공장은 경기도 오산시 가장동에 있다. 설립 자본금 50백만원에서 수차례 증자를 거쳐 당기말 자본금은 10,978백만원이다.

사업부문은 펠리클사업부(반도체 노광공정에서 포토마스크를 이물질로부터 보호하는 반도체 펠리클, FPD 펠리클)와 TCU사업부(반도체·디스플레이 공정 챔버 내 온도관리 장비 및 그 수리 용역)로 구성된다.

에프에스티는 2025년 12월 31일 현재 7개의 종속회사를 두고 있다.
- **XIAN FST.CO.LTD**(중국, 2013.10 설립, 지분 100%): 중국 시장 고객사 대상 서비스 제공.
- **WUXI FST.CO.LTD**(중국, 2018.6 설립, 지분 100%): 중국 시장 고객사 대상 서비스 제공.
- **FINE SEMITECH USA CORPORATION**(미국, 2022.1 설립, 지분 100%): 미국 시장 고객사 대상 서비스 제공.
- **(주)에스피텍**(한국, 2010.3 설립, 지분 100%): 펠리클용 프레임 등 생산, ArF용 ECC 프레임을 세계 최초로 개발·양산.
- **(주)화인세라텍**(한국, 2020.7 설립, 지분 57.17%): 다층 세라믹 기판(MLC) 등 생산, Probe Card용 MLC 개발·생산(전세계 한정된 3개 업체 중 하나).
- **(주)에프엑스티**(한국, 2019.8 설립, 지분 51.18%): 실리콘 카바이드(SiC) 소재 반도체 부품(Focus Ring 등) 생산.
- **(주)아이엠디**(한국, 1999.9 설립, 2024년 8월 지분 100% 인수): 전자부품용 도전성 전극 Paste, OLED용 Sealing Paste 제조·판매. 2024년 8월 5일 취득(총이전대가 21,904,128천원, 취득한 식별가능한 순자산 15,885,730천원).

## 매출 및 손익 현황
연결기준 당기 매출액은 280,262,734천원으로 전기(237,408,451천원) 대비 증가했다. 부문별로는 재료부문(펠리클 등) 166,293,950천원, 장비부문(TCU/Chiller 등) 111,417,905천원, 기타부문 2,550,879천원이다. 전기는 재료부문 123,357,942천원, 장비부문 112,284,530천원, 기타부문 1,765,979천원이었다.

지역별 매출(당기, 연결): 본사 소재지 국가(한국) 174,381,934천원, 아시아 92,431,252천원, 아메리카 12,344,007천원, 유럽 1,105,541천원.

## 주요 매출처·매입처 및 공급관계
연결재무제표 주석상 매출액의 10% 이상을 차지하는 단일 외부고객(""주요고객A"")에 대한 매출은 당기 76,225,392천원, 전기 79,684,397천원이다(부문별로는 재료부문 35,281,785천원·전기 32,214,432천원, 장비부문 40,943,607천원·전기 47,469,965천원).

별도(개별)재무제표 기준 '대주주 이외의 이해관계자와의 거래' 주석에서는 **삼성전자(주)**가 지분율 7.00%(1,522,975주)를 보유한 주요주주로 공시되어 있으며, 삼성전자(주)와의 매출·매입 거래는 당기 매출 76,387,711천원, 매입 5,184천원(전기 매출 79,696,133천원, 매입 3,892천원)이다. 이 매출 규모는 연결기준 주요고객A의 매출액과 거의 일치하여, 에프에스티의 최대 매출처(주요고객A)가 삼성전자(주)임을 강하게 시사한다(다만 원문에 두 항목을 명시적으로 동일 거래처로 연결하는 서술은 없음). 당기말 삼성전자(주)에 대한 채권 9,001,816천원, 채무 1,697,495천원이다.

또 다른 5% 이상 주주인 **(주)시엠테크놀로지**(지분율 8.46%, 1,857,044주)는 동시에 특수관계법인으로서 에프에스티의 주요 매입처(공급처) 역할을 한다: 당기 매출(에프에스티→시엠테크놀로지) 5,647천원, 매입(시엠테크놀로지→에프에스티) 8,449,682천원(전기 매입 8,503,585천원). 당기말 채무 1,920,983천원.

기타 특수관계자 중 매입 규모가 큰 거래처는 **(주)탐스**(당기 매입 2,859,325천원, 전기 3,728,958천원)와 **(주)파워팩터스**(당기 매입 1,828,699천원, 전기 1,220,541천원)이다.

## 계열회사·종속회사·타법인출자 현황
에프에스티 기업집단은 상장 1개사·비상장 9개사, 총 10개 계열회사로 구성된다(에프에스티 자신 제외).

**연결대상 종속회사 7개사 상세(최근사업연도말 자산총액, 지배관계 근거: 모두 의결권 과반수 이상 소유)**:
- XIAN FST.CO.LTD: 자산총액 1,054백만원, 반도체AS서비스, 주요종속회사 미해당
- WUXI FST.CO.LTD: 자산총액 880백만원, 반도체AS서비스, 주요종속회사 미해당
- FINE SEMITECH USA CORPORATION: 자산총액 5,358백만원, 반도체AS서비스, 주요종속회사 미해당
- (주)에스피텍: 자산총액 75,907백만원, 전자부품제조업, **주요종속회사 해당**
- (주)화인세라텍: 자산총액 29,263백만원, 전기전자부품제조업, 주요종속회사 미해당
- (주)에프엑스티: 자산총액 48,632백만원, 반도체 부품제조업, 주요종속회사 미해당
- (주)아이엠디: 자산총액 20,461백만원, 전자부품 접착제 제조업, 주요종속회사 미해당 (에프에스티는 2026년 1월 13일 이사회에서 (주)아이엠디를 소멸회사로 하는 흡수합병[소규모합병]을 결의했으며 합병기일은 2026년 3월 23일 예정)

**관계기업 및 공동기업(지분법 적용대상) 4개사**:
- **(주)오로스테크놀로지**(한국, 상장): 당기말 유효지분율 34.02%(전기말 34.10%, 당기 중 자기주식 처분으로 지분율 소폭 감소). 취득가액 3,012,519천원, 당기말 장부금액 21,863,457천원(전기말 23,677,035천원). 당기 지분법손익 -2,173,100천원. 오로스테크놀로지 자체 재무정보: 자산총계 90,215,091천원, 부채총계 28,301,886천원, 매출액 52,136,518천원, 당기순손실 -6,421,103천원(전기 순이익 5,906,649천원 대비 적자전환). 시장성 있는 주식 공정가치는 당기말 79,787,750천원.
- **(주)시옷플랫폼**(한국): 지분율 39.00%. 취득가액 195,853천원, 당기말 장부금액 0원(전기말 300,603천원). 청산예정으로 판단되어 당기 손상차손 170,469천원을 인식했다. 시옷플랫폼 자체 재무정보: 자산총계 2,169천원, 부채총계 69,200천원(자본잠식 상태), 당기순손실 -333,651천원.
- **(주)이솔**(한국): 당기말 유효지분율 28.76%(전환상환우선주 포함 의결권 있는 지분율 28.26%, 전기말 38.14% 대비 감소 — 당기 중 제3자 유상증자로 희석). 취득가액 40,733,114천원, 당기말 장부금액 13,600,472천원(전기말 25,892,452천원, 당기 지분법손익 -12,156,868천원 대규모 손실 반영). 이솔 자체 재무정보: 자산총계 117,264,547천원, 부채총계 157,061,938천원(자본잠식), 매출액 995,353천원, 당기순손실 -23,808,302천원.
- **Advanced Semiconductor Products PTE. LTD**(싱가포르, 공동기업): 당기 중 신규 출자로 설립되어 주주간약정에 따른 공동지배력 보유로 공동기업에 편입됨. 지분율 40%. 취득가액 221,783천원, 당기말 장부금액 147,530천원. 자체 재무정보: 자산총계 369,312천원, 매출액 9,094천원, 당기순손실 -199,313천원.

**타법인출자 현황(요약, 기말장부가액 기준)**: 경영참여 목적 7개사 56,831백만원(기초 48,970백만원 대비 취득 등 증가 7,861백만원), 단순투자 목적 13개사(상장 2개·비상장 11개) 13,940백만원(기초 10,139백만원, 취득 214백만원, 평가손익 3,587백만원), 총 20개사 70,771백만원.

## 특수관계자 거래
연결기준 특수관계자 구분은 관계기업 및 공동기업[(주)오로스테크놀로지, (주)시옷플랫폼, (주)이솔, Advanced Semiconductor Products]과 기타 특수관계자[(주)시엠테크놀로지, (주)탐스, (주)페넌트인베스트먼트, (주)파워팩터스]로 구성된다.

당기 특수관계자 거래 총괄(단위: 천원, 매출 등/매입 등):
- (주)오로스테크놀로지: 매출 1,286,192 / 매입 62,162 (전기 매출 1,199,965 / 매입 376,051)
- (주)이솔: 매출 3,686,704 / 매입 68,460 (전기 매출 778,378 / 매입 447,459)
- (주)시엠테크놀로지: 매출 5,647 / 매입 8,449,682 (전기 매출 3,147 / 매입 8,503,585)
- (주)탐스: 매출 10,866 / 매입 2,859,325 (전기 매출 1,151 / 매입 3,728,958)
- (주)파워팩터스: 매출 6,822 / 매입 1,828,699 (전기 매출 11,840 / 매입 1,220,541)
- 임직원: 매출 23,517 / 매입 326,084
- 전체 특수관계자 합계: 매출 5,019,748천원 / 매입 13,594,412천원 (전기 매출 2,016,405천원 / 매입 14,618,094천원)

당기말 채권·채무 잔액(단위: 천원):
- (주)오로스테크놀로지: 채권 387,733 / 채무 1,004,027
- (주)이솔: 채권 892,802 / 채무 3,288,434
- (주)시엠테크놀로지: 채권 150,563 / 채무 1,920,983
- (주)탐스: 채권 0 / 채무 173,485
- (주)파워팩터스: 채권 178 / 채무 55,440
- 임직원: 채권 1,136,537 / 채무 0
- 합계: 채권 2,567,813천원 / 채무 6,442,369천원

자금거래(당기, 단위 천원): Advanced Semiconductor Products에 대해 현금출자 납입 221,783; (주)시엠테크놀로지로부터 배당금 수취(지급) 9,193, 현금출자 출자금 회수 3,313,453; 임직원 대여 812,580 및 회수 389,840.

주요 경영진(이사·이사회 구성원·재무책임자·내부감사책임자) 보상: 당기 단기종업원급여 3,049,516천원, 퇴직급여 406,285천원, 합계 3,455,801천원(전기 3,407,141천원).

대주주(최대주주)에 대한 신용공여, 자산양수도, 영업거래는 모두 ""해당사항 없음""으로 공시되어 있으며, 위 삼성전자(주)·(주)시엠테크놀로지 거래는 최대주주가 아닌 '대주주 이외의 이해관계자(5% 이상 주주)'로 분류되어 별도 공시된 것이다.

## 연구개발 및 사업 전망
에프에스티는 Low GWP 칠러·Size Down 칠러 개발을 완료했고, 극저온 칠러 기술을 글로벌 주요 고객사에 적용 중이다. 종속회사 (주)에스피텍은 EUV 펠리클용 무결점 EUV 프레임을 위한 Optical frame 도금 기술을 연구개발 중이며, (주)에프엑스티는 CVD-SiC 제조 설비 증설을 진행하고 있고, (주)화인세라텍은 HTCC에서 LTCC로 제품 확장 기술개발 중이며, (주)아이엠디는 감광성 Paste 개발과 전기자동차 전장용 모듈·전력반도체용 도전성 접착제 Paste를 개발 중이다.
"
에스앤에스텍,"# 에스앤에스텍 (S&S TECH Co., Ltd.) 사업보고서 요약 (제25기, 2025.01.01~2025.12.31)

## 사업 개요
에스앤에스텍은 대구광역시('대구 사업장')와 경기도 용인시('EUV 센터')에 사업장을 둔 반도체·디스플레이 소재 전문기업으로, 반도체(IC) 및 디스플레이(FPD)용 블랭크마스크(Blank Mask)를 생산·판매한다. 블랭크마스크는 석영(Quartz) 기판 위에 금속막(크롬)과 감광액(Photo Resist)을 도포하여 제조되며, 노광 공정을 거쳐 포토마스크로 완성되는, 반도체·디스플레이 제조 공정의 핵심 재료이다. 회사는 국내 삼성전자, 삼성디스플레이, SK하이닉스, LG디스플레이 등 반도체·디스플레이 최고 기업들과 지리적으로 인접한 입지를 확보하고 있다.

에스앤에스텍은 블랭크마스크 본업 외에, 종속회사인 에스앤에스인베스트먼트(주)와 (주)에스앤에스랩 등을 통해 신기술사업금융업(벤처투자)과 바이오·과학기술서비스업(부동산 임대 및 컨설팅) 사업도 부가적으로 영위하고 있다. 2025년(제25기) 연결 기준 매출액은 2,437억원이다.

## 매출 및 손익 현황
2025년 연결 매출액은 243,733,253천원으로, 부문별로는 블랭크마스크 사업 234,810,219천원(96.3%), 신기술사업금융업(투자활동) 7,077,013천원(2.9%), 바이오 및 과학기술서비스업(부동산 임대 및 컨설팅) 1,846,021천원(0.8%)이다. 생산실적(블랭크마스크)은 2025년 234,810,219천원, 2024년 166,609,723천원, 2023년 143,024,902천원으로 매년 큰 폭으로 증가하고 있다.

원재료 매입은 블랭크마스크 부문에서 Quartz 등 100.0%(120,131,612천원)이며, 투자·부동산 임대 부문은 제조업이 아니므로 별도 원재료가 없다.

판매는 직접 생산·납품하는 직납 형태이며, 국내는 현금 및 어음결제, 해외는 T/T 기준 현금결제로 대금이 회수된다.

## 주요 매출처·매입처 및 공급관계
사업보고서 본문에는 매출액의 10% 이상을 차지하는 주요고객 명단이 별도 표로 제시되어 있지 않으나, ""X. 대주주 등과의 거래내용"" 항목에서 **삼성전자 주식회사**(에스앤에스텍 지분율 8.0% 보유 주요주주)와의 거래가 공시되어 있다. 거래 종류는 블랭크마스크 매출이며, 거래금액은 당기 13,349백만원, 전기 11,093백만원이다. 대주주(최대주주) 자체에 대한 신용공여·자산양수도·영업거래는 보고서 제출일 현재 해당사항이 없다.

## 계열회사·종속회사·타법인출자 현황
에스앤에스텍은 별도의 공정거래법상 '계열회사 현황(요약)'에는 상장·비상장 계열회사가 모두 ""-""(해당없음)로 기재되어 있어, 외부에 공시되는 대규모기업집단 소속 계열회사는 없다. 다만 연결대상 종속회사 3개사를 보유하고 있다.

**연결대상 종속회사(상세)**:
- **에스앤에스인베스트먼트(주)**: 2020년 9월 24일 설립, 경기도 성남시 분당구 소재, 신기술사업금융업(2021년 7월 여신전문금융업법상 신기술사업금융전문회사로 등록). 최근사업연도말 자산총액 15,386백만원. 지분율 100% 소유. 에스앤에스텍의 벤처투자 자회사로, 다수의 신기술사업투자조합의 업무집행조합원(GP) 역할을 수행한다.
- **에스앤에스 넥스트테크놀로지 1호**: 2021년 12월 29일 설립, 경기도 성남시 분당구, 신기술사업금융업. 최근사업연도말 자산총액 1,087백만원. 지분율 81.63% 소유.
- **(주)에스앤에스랩**(구 주식회사 에스비아이씨랩, 2022년 2월 설립, 2022년 5월 사명변경): 서울시 성동구 소재, 부동산임대 및 컨설팅. 최근사업연도말 자산총액 8,110백만원. 지분율 80.00% 소유(전기 중 제3자배정 유상증자로 지분율 변동, 지배력 변동은 없음). 2023년 2월 대표이사가 정성훈에서 권순민으로 변경되었고, 2024년 1월 제3자배정 유상증자(발행가 16,000원, 250,000주)를 실시했다.

**타법인출자 현황(요약, 기말장부가액 기준)**: 경영참여 목적 3개사 19,807백만원(기초 20,089백만원에서 처분 등 -1,811백만원, 평가손익 1,528백만원), 일반투자 1개사 80백만원, 단순투자 5개사 1,981백만원(기초 1,433백만원, 취득 764백만원, 평가손익 -217백만원), 총 9개사 21,867백만원.

**관계기업(지분법 적용대상)**: 에스앤에스텍은 종속회사 에스앤에스인베스트먼트(주)가 업무집행조합원(GP)으로서 유의적 영향력을 행사하는 다수의 신기술사업투자조합(약 40개 이상)을 관계기업으로 분류하고 있으며, 그 명칭은 엘로힘-에스앤에스 신기술 투자조합 1호, 에스앤에스-원-닷커넥트 1호, 에스앤에스-제이에스에스 1호, 에스앤에스-펙투스 1호·2호·3호, 에스앤에스-바이오 1호·2호·3호·4호, 에스앤에스-레드우드 인디아 어그리텍 조합, 케이투 프리아이피오 투자조합, 에스앤에스-케이넷 플러스 제1호 신기술사업투자조합, 에스앤에스-넥스트커머스 1호, 에스앤에스-알렉스랩 스마트에이아이 1호·2호, 에스앤에스-레드우드-엘로힘 에듀텍 투자조합 1호, 에스앤에스-닷 넥스트 콘텐츠 1호, 케이제이앤-에스앤에스 1호 신기술투자조합, 에스앤에스-델타 벤처투자조합, 에스앤에스 에코 1호, 르네상스-에스앤에스 글로벌테크놀로지 1호, 에스앤에스-파이코 프롭테크투자조합, 에스앤에스-엘로힘 2호, 에스앤에스 넥스트 핀테크 조합, 에스앤에스 밸류업 1호, 펙투스-에스앤에스 1호, 에스앤에스 링크 뉴패스웨이 아이피 투자조합, 에스앤에스-알렉스랩 디지털혁신 1호, 에스앤에스 글로벌 테크 1호·2호·3호, 에스앤에스 2022 펀더멘탈 투자조합, 에스앤에스 2023 펀더멘탈 투자조합, 원-에스앤에스 패션투자조합, 에이오에이-에스앤에스 1호, 에스앤에스 디센티어 1호·2호 투자조합, 에스앤에스 테크협력 투자조합, 에스앤에스-레드우드 인디아 테크 조합, 머카바-에스앤에스 에프앤비 1호, 에스앤에스 에그테크 1호, 에스앤에스 글로벌 애드테크 1호, 에스앤에스-레드우드 인디아 헬스케어 펀드, 에스앤에스-블리츠 환경 투자조합 1호, 패스웨이-에스앤에스 스페이스 투자조합 1호, 에스앤에스-레드우드 인디아 리테일 테크 조합, 에스앤에스엠포드신기술투자조합1호, 코메스에스앤에스2024투자조합, 세아 에스앤에스 2024 지역혁신 투자조합, 에스앤에스 그래비티 M&A 1호 투자조합, 케이디비-에스앤에스-유아이 반도체소부장 오픈이노베이션 등이다. 이들 관계기업(투자조합) 전체의 당기말 장부금액 합계는 7,288,897,915원(약 7,289백만원, 전기말 5,095,384,787원)이다. 이 중 몇몇은 지분법손익이 매출액 및 매출원가에 직접 반영되며(에스앤에스 2022 펀더멘탈 투자조합 지분법손익 390,545천원, 코메스에스앤에스2024투자조합 -12,810천원 등), 케이디비-에스앤에스-유아이 반도체소부장 오픈이노베이션 조합은 출자액 890,000천원, 지분율 22.19%로 반도체 소부장(소재·부품·장비) 분야 오픈이노베이션 투자를 수행하고 있다.

이 투자조합들이 지분을 보유한 피투자기업 중 다음 3개사는 별도의 관계기업으로 분류된다.
- **(주)콘텐츠지오**: 관계기업인 '에스앤에스 밸류업1호'가 82.90% 지분 보유.
- **(주)하프커피로스터스**: 관계기업인 '펙투스-에스앤에스 1호'가 27.42% 지분 보유.
- **(주)디이에스홀딩스**: 관계기업인 '에스앤에스 그래비티 M&A 1호 투자조합'이 50.00% 지분 보유(당기 신규).

**기타특수관계자**로 **(주)심플플래닛**이 최대주주의 특수관계자로 분류되어 있다.

## 특수관계자 거래
주요 경영진(이사·이사회 구성원 등)에 대한 보상은 당기 단기종업원급여 4,507,361,595원, 퇴직급여 473,464,804원, 주식기준보상 0원으로 합계 4,980,826,399원(전기 합계 3,956,518,660원, 단기종업원급여 3,645,461,631원, 퇴직급여 256,595,235원, 주식기준보상 54,461,794원)이다.

특수관계자의 지급보증 및 담보 내역은 당기말·전기말 모두 없다.

## 연구개발 및 사업 전망
에스앤에스텍은 EUV(극자외선)용 블랭크마스크 및 EUV용 펠리클 양산을 위한 신규공장(용인 EUV 센터) 신축을 완료했다(2022년 3월 최초 신고, 2025년 11월 21일 이행 완료). 이어 EUV용 블랭크마스크 양산준비를 위한 추가 시설투자도 완료했다(2024년 12월 신고, 2026년 2월 26일 이행 완료). 세계 디스플레이 시장에서 OLED 비중 확대(2025년 매출 비중 40.7%) 등 시장 환경 변화에 대응하고 있다.

## 기타사항
대주주 등에 대한 신용공여·자산양수도·영업거래는 보고서 제출일 현재 해당사항이 없으며, 중요한 소송사건도 없다.
"
HPSP,"# HPSP 사업보고서 요약 (2025년 사업연도, 2025.01.01~2025.12.31)

## 사업 개요
HPSP는 고유전율(High-K) 절연막을 사용하는 트랜지스터의 계면 특성을 개선하는 고압 수소 어닐링(High Pressure Annealing, HPA) 장비를 연구개발·제조·판매하는 반도체 전공정 장비 전문기업이다. 28나노미터 이하 공정에서 High-K 소재(HfO2, 하프늄옥사이드) 채택 시 발생하는 계면 결함(Interface Defect) 문제를 해결하기 위해 수소(H2)/중수소(D2)를 이용한 고압어닐링 공정 기술을 사용한다. 대표 제품인 GENI-SYS 장비는 전 세계 고압 관련 인증(유럽 PED, 미국 ASME, 국내 KGS)을 모두 획득한 유일한 고압 수소 어닐링 장비로, 글로벌 메이저 반도체 업체의 양산 Fab에서 가동 중이며, 2~16㎚ 공정에 적용되고 있다(경쟁 기술인 고온 어닐링장비는 16㎚ 이하 공정에 적용 불가능).

HPSP는 단일 사업부문으로 운영되며 연결대상 종속법인이 존재하지 않는다(연결대상회사수 0). 계열회사도 없다.

## 매출 및 손익 현황
2025년 HPSP의 매출액은 1,730억원으로 전년대비 -4.7% 감소했고, 영업이익은 899억원으로 전년대비 -4.3% 감소했다. 회사는 이를 ""주요 고객사의 보수적 투자 기조가 반영된 결과""라고 설명하며, 매출 소폭 감소에도 불구하고 전년 수준의 높은 영업이익률을 유지했다고 밝혔다.

수익 인식 기준 매출(고객과의 계약에서 생기는 수익)은 지역별로 본사 소재지 국가(한국) 3,872,497천원, 외국 169,092,075천원, 합계 172,964,572천원(당기)이며, 전기는 본사 소재지 국가 14,761,722천원, 외국 166,639,886천원, 합계 181,401,608천원이다. 해외(외국) 매출 비중이 절대적으로 높다.

매출은 제품매출과 기타매출(유지보수 용역 등)로 구분된다.

## 주요 매출처·매입처 및 공급관계
연결재무제표 주석상 매출액의 10% 이상을 차지하는 주요 외부고객은 익명(고객 A~D)으로 공시되어 있으며, 실명은 원문에 기재되어 있지 않다.
- 당기(2025년): 고객 A 65,073,259천원, 고객 B 22,180,593천원, 고객 C 2,347,128천원(10% 미만으로 전환된 것으로 추정), 고객 D 0원(당기 거래 없음)
- 전기(2024년): 고객 A 41,464,161천원, 고객 B 12,845,893천원, 고객 C 34,770,232천원, 고객 D 21,689,883천원
- 고객 구성 및 순위가 연도별로 상당히 유동적인 것으로 나타나, 글로벌 메모리·시스템반도체 제조업체향 매출 비중과 거래처가 매년 변동하는 특성을 보인다.

원재료 매입처나 개별 매입 거래처에 대한 구체적 명단은 그리핑 결과 확인되지 않았다(주요 원재료 매입 관련 특정 거래처명 공시 없음).

대주주 이외의 이해관계자와의 거래는 ""보고서 작성 기준일 현재 해당사항 없음""으로 기재되어 있어, 지분관계에 기반한 매출·매입 거래처는 공시되지 않았다.

## 계열회사·종속회사·타법인출자 현황
HPSP는 연결대상 종속회사, 계열회사, 관계기업, 타법인출자 모두 ""해당사항 없음""으로 공시되어 있다.
- 계열회사 현황(요약): 상장·비상장 계열회사 수 모두 ""-""(공정거래법상 소속 기업집단이 없거나 계열회사가 없음).
- 타법인출자 현황(요약): 경영참여·일반투자·단순투자 목적 출자 모두 ""-""(출자회사 없음).
- 대주주 등에 대한 신용공여, 자산양수도, 영업거래, 대주주 이외 이해관계자와의 거래 모두 ""해당사항 없음"".

## 특수관계자 거래
HPSP의 특수관계자는 최대주주인 **히트2025홀딩스 유한회사**와 **프레스토제6호사모투자합자회사**이며, 기타 특수관계자(주주)는 당기말·전기말 모두 ""-""로 별도 명시된 대상이 없다.

특수관계자와의 거래는 배당금 지급만 존재한다.
- 당기: 히트2025홀딩스 유한회사에 대한 배당금 지급 19,680,000천원(전체 특수관계자 합계와 동일), 프레스토제6호사모투자합자회사 0원
- 전기: 배당금 지급 0원(당기·전기 모두 프레스토제6호사모투자합자회사향 배당금은 0원)

특수관계자에 대한 채권 및 채무는 당기말·전기말 모두 없으며, 특수관계자와의 자금거래(대여 등)도 당기·전기 모두 없다. 특수관계자의 자금조달을 위한 지급보증·담보제공, 특수관계자로부터 제공받은 담보·지급보증도 없다.

임직원에게 부여한 주식선택권 등 주식기준보상 비용은 당기 4,969백만원, 전기 7,725백만원이다(특수관계자 거래는 아니나 임직원 보상 관련 재무적으로 유의미한 항목).

## 연구개발 등
HPSP의 고압 수소 어닐링 장비는 250~450℃의 상대적 저온·1~25기압의 고압에서 100% 수소농도를 유지하여 어닐링 효과를 극대화하는 기술로, 600~1,100℃의 고온에서 5% 미만 수소농도로 작동하는 경쟁 기술(고온 어닐링장비, 16㎚ 이하 공정 적용 불가능) 대비 우위를 갖는다고 서술되어 있다. 28/32㎚ 이하 공정에 필수적으로 적용이 권장되어 향후 반도체 공정 미세화의 주요 수혜 업체가 될 것으로 전망한다고 기술되어 있다.

## 기타사항
계열회사·타법인출자·대주주 거래·소송·채무보증 등 대부분의 항목이 ""해당사항 없음""으로 기재되어 있어, HPSP는 오늘 기준 대상 9개사 중 외부 상업적 관계 공시가 가장 단순한 회사이며, 최대주주(사모펀드 계열 홀딩스)에 대한 배당금 지급을 제외하면 특수관계자와의 실질적인 상거래·자금거래가 존재하지 않는다.
"
파크시스템스,"# 파크시스템스 (Park Systems Corp.) 사업보고서 요약 (2025년 사업연도, 2025.01.01~2025.12.31)

## 사업 개요
파크시스템스(주)는 원자현미경(AFM) 등 나노계측(분석)장비를 연구개발·제조·판매하는 회사로, 제품군은 연구용제품군(연구용 나노계측 장비 등)과 산업용제품군(산업용 나노계측 장비 등)으로 구분된다. 당기 연결 종속회사는 8곳이다. 회사는 전 세계 30~34개국에 판매망을 구축하고 있으며, 미국, 일본, 싱가폴, 독일, 유럽, 인도, 대만, 스위스에 8개의 해외 자회사와 중국·멕시코·프랑스·영국 등에 연락사무소를 운영한다.

## 매출 및 손익 현황
별도(K-IFRS) 기준 2025년 매출액은 172,502,406천원(전년 141,846,874천원, 전전년 114,846,042천원)으로 지속 성장했다. 품목별로는 산업용제품군 120,815,533천원(수출 107,673,029천원·내수 13,142,504천원), 연구용제품군 48,267,753천원(수출 35,390,662천원·내수 12,877,091천원), 기타(소모품 및 서비스) 3,419,120천원이다. 전체 매출의 84.4%(145,549,857천원)가 수출이다.

## 주요 매출처·매입처 및 공급관계
파크시스템스의 판매구조는 해외 자회사·판매망(대리점)을 통한 간접판매와 국내 직접판매로 구성된다. 해외 자회사 및 각국 판매망은 해당 지역의 독점적 판권을 가지고 고객과 제품구매 계약을 체결한 후 파크시스템스에 발주하여 납품받으며, 파크시스템스의 매출은 해당 판매망에 대한 매출로 인식된다. 중국·인도·중동 등 일부 국가에서는 판매망이 고객을 발굴하고 고객이 파크시스템스에 직접 주문하는 형태로 판매가 이루어지며, 거래 종료 후 판매망에 알선·고객지원 수수료가 매가 대비 일정 비율로 지급된다.

사업보고서 본문에는 매출액의 10% 이상을 차지하는 개별 최종 고객사명은 별도로 공시되어 있지 않으며(반도체·디스플레이 업체 등 최종 수요처명은 비공개), 대신 파크시스템스의 자체 해외 판매법인들이 실질적인 매출 채널(중간 매출처)로 기능한다. 원재료·부품 매입처의 구체적 명단도 그리핑 결과 확인되지 않는다.

대주주 등에 대한 신용공여, 자산양수도, 영업거래, 대주주 이외 이해관계자와의 거래는 모두 ""보고일 현재 해당사항 없음""으로 공시되어 있어, 지분관계에 기반한 매출·매입 거래처는 별도로 공시되지 않았다.

## 계열회사·종속회사·타법인출자 현황
파크시스템스 기업집단은 비상장 계열회사 8개사로 구성되며(상장 계열사 없음), 모두 파크시스템스의 해외 판매·생산 자회사이다.

**연결대상 종속회사(상세, 모두 지분 100% 소유)**:
- **Park Systems Inc.**(미국 산타클라라, 2003.4.10 설립): 영업 및 판매 대행. 자산총액 27,836,398천원. 미주(미국·캐나다·멕시코·남미) 지역 판매 총괄.
- **Park Systems Japan Inc.**(일본 도쿄, 2007.1.19 설립): 영업 및 판매 대행. 자산총액 12,774,880천원.
- **Park Systems Pte. Ltd**(싱가포르, 2012.7.20 설립): 영업 및 판매 대행. 자산총액 8,044,666천원. 동남아시아 지역 판매망 영업지원.
- **Park Systems Europe GmbH**(독일 만하임, 2017.3.31 설립): 영업 및 판매 대행. 자산총액 22,004,373천원. 유럽 전역 판매 총괄.
- **Park Systems India Private Limited**(인도, 2021.9.3 법인 전환): 영업 및 판매 대행. 자산총액 44,317천원. (2021년 9월 이전에는 현지 연락사무소였음)
- **Park Systems Taiwan Co., Ltd.**(대만, 2022.3.3 법인 전환): 영업 및 판매 대행. 자산총액 10,012,216천원. (2017년 2월부터 운영되던 연락사무소를 법인 전환)
- **Park Systems GmbH**(독일 괴팅겐, 1997.12.11 설립, 舊 Accurion GmbH): ISE(Imaging Spectroscopic Ellipsometer) 및 제진대 개발·판매. 자산총액 20,587,719천원. 파크시스템스가 2022년 10월 4일 지분 100%를 취득하여 종속회사로 편입.
- **Lyncee tec SA**(스위스): Digital Holographic Microscope 기술 보유 광학계측 업체. 당기 중 파크시스템스가 보통주 2,048,188주(지분율 100%)를 인수해 신규 종속회사로 편입(인수대금의 5%는 상환의무 있는 상각후원가측정금융부채로 계상).

파크시스템스 창업자 겸 대표이사 박상일은 8개 해외 자회사 중 7개사(Lyncee tec SA, Park Systems GmbH 제외)에서 비상근 대표이사를 겸직하고 있으며, 각 자회사에는 별도의 상근 법인장이 있다(Stefan Kaemmer/미국, 김종득/일본, Poo Beng Seng/싱가포르, Ludger Weisser/유럽, Kishore Kumar/인도, Mark Chang/대만, Stefan Schneider/독일 Park Systems GmbH, Yves Emery/스위스 Lyncee tec SA).

**타법인출자 현황(요약, 기말장부가액 기준)**: 경영참여 목적 9개사 35,064,848천원(기초 19,828,142천원에서 취득 등 15,234,786천원 증가), 일반투자 목적 2개사 2,991,844천원(기초 594,995천원에서 취득 2,048,959천원, 평가손익 347,890천원), 단순투자 없음. 총 11개사 38,056,692천원.

**관계기업(지분법 적용대상, 연결기준)**:
- **킴스레퍼런스(주)**(한국): 당기말 소유지분율 6.76%(전기말 7.95%, 킴스레퍼런스의 신주발행으로 지분율 희석). 20% 미만 지분이나 임원선임 및 주요경영의사결정 참여를 통해 유의적 영향력을 보유하여 관계기업으로 분류. 당기말 장부금액 351,893천원(전기말 336,897천원). 킴스레퍼런스 자체 재무정보: 자산총계 3,697,872천원, 부채총계 1,362,919천원, 매출액 828,554천원, 당기순이익 28,404천원.
- **lightsource.tech GmbH**(독일): 당기 중 보통주 8,713주(지분율 25.10%)를 인수하여 신규로 관계기업 투자자산으로 분류. 취득금액 2,048,959천원, 당기말 장부금액 2,027,440천원(지분법손실 -53,341천원 반영). 자체 재무정보: 자산총계 2,271,867천원, 부채총계 442,892천원, 매출액 1,537,513천원, 당기순손실 -390,742천원.

## 특수관계자 거래
연결기준 특수관계자는 관계기업(킴스레퍼런스, lightsource.tech GmbH)과 당해 기업(또는 지배기업)의 주요 경영진이다.

당기 특수관계자 거래(단위: 천원):
- 킴스레퍼런스: 매출 등 5,944, 매입 등 518,815, 기타비용 48,200 (전기 매출 1,426, 매입 436,700, 기타비용 250)
- lightsource.tech GmbH: 매입 등 194,701, 기타비용 68,403 (당기 신규 거래)
- 전체 특수관계자 합계: 매출 등 5,944, 기타수익 14,996, 매입 등 713,516, 기타비용 116,603

당기말 채권·채무 잔액(단위: 천원):
- 킴스레퍼런스: 매입채무 153,505, 기타채무 53,020 (전기말 매출채권 1,426, 매입채무 113,300)
- lightsource.tech GmbH: 기타채무 64,813
- 합계: 매입채무 153,505천원, 기타채무 117,833천원

보고기간말 현재 파크시스템스가 특수관계자를 위하여 제공한 담보 및 지급보증, 특수관계자로부터 제공받은 담보 및 지급보증 내용은 없다.

## 연구개발 등
파크시스템스는 산업용시장 개척을 위해 주요고객사 방문, Demo 시연, User meeting 확대 등 직접판촉 활동을 전개하고 있으며, lightsource.tech GmbH 및 Lyncee tec SA 인수를 통해 계측 솔루션(광학 계측 기술, Digital Holographic Microscope 기술)을 고도화하고 있다.

## 기타사항
가지급금·대여금, 담보제공·채무보증, 대주주와의 자산양수도·영업거래, 대주주 이외 이해관계자와의 신용공여·영업거래는 모두 ""보고일 현재 해당사항 없음""으로 기재되어 있으며, 중요한 소송사건도 없다.
"
대덕전자,"# 대덕전자 (Daeduck Electronics Co., Ltd.) 사업보고서 요약 (제6기, 2025.01.01~2025.12.31)

## 사업 개요
대덕전자(주)는 인쇄회로기판(PCB)을 제조하는 PCB사업부문 단일 사업부문 회사이다. 지배기업은 지주회사인 (주)대덕이며, 대덕전자는 (주)대덕·(주)와이솔과 함께 상장 3개사, 비상장 8개사, 총 11개사로 구성된 '대덕' 기업집단에 소속되어 있다.

## 매출 및 손익 현황
2025년 매출액(제6기, PCB사업부문)은 1,065,295백만원(구성비 100%)이다. 최근 4개년 별도재무제표 기준 매출액은 2025년 1,064,715백만원, 2024년 892,136백만원, 2023년 909,651백만원, 2022년 1,308,957백만원으로 변동해왔다(경쟁사 비교: 인터플렉스 269,835백만원, 코리아써키트 862,984백만원, 이수페타시스 929,665백만원, 심텍 1,097,090백만원, 2025년 기준).

매출 구성은 내수(Domestic) 4%, Local 수출 49%, Direct 수출 47%이며, 대덕전자의 PCB는 각 산업분야별 제조업체에 주문생산 방식으로 공급된다. 주요 영업지역은 한국, 중국, 미국, 동남아이다.

## 주요 매출처·매입처 및 공급관계
대덕전자는 사업보고서 본문에서 주요 거래처를 실명으로 명시하고 있다: **삼성전자㈜, 에스케이하이닉스㈜, 앰코테크놀로지코리아㈜, (유)스태츠칩팩코리아** 등이다. 이는 반도체 패키지 기판(PCB)을 반도체 제조사 및 후공정(OSAT) 업체에 공급하는 대덕전자의 사업 특성을 반영한다. 구체적인 거래처별 매출 비중이나 금액은 원문에 별도로 제시되어 있지 않다.

계열회사와의 영업거래(대주주와의 영업거래 공시, 당기 2025.01~2025.12, 단위: 백만원)는 다음과 같다.
- **㈜대덕**(지배기업/계열회사): 영업수익 264, 영업비용 6,257 (경영자문료, 상표권 사용수수료 등)
- **Daeduck Vietnam Co., Ltd.**(계열회사): 영업수익 37,361, 영업비용 4,852 (제품매출, 임가공비용, 자재매각 등) — 대덕전자의 베트남 종속회사에 제품을 판매하고 임가공을 위탁하는 관계로, 대덕전자의 주요 매출처이자 위탁가공처이다.
- **DD USA, INC.**(계열회사): 영업비용 2,864 (영업수수료)
- **Daeduck Electronics(SHANGHAI) Co., Ltd.**(계열회사): 영업비용 889 (영업수수료)

또한 차입금 관련 주석에 따르면 하나은행 단기차입금 22억원은 계열회사 Daeduck Vietnam Co., Ltd의 운전자금대출로, 대덕전자가 이를 보증하기 위해 예금 일부를 담보로 제공하고 있다. 별도로 하나은행 단기차입금 20억원은 삼성전자 ESG펀드를 통해 지원받은 시설대출(이자부담 없음)이며, 우리은행 단기차입금은 중견기업 상생지원 프로그램을 통한 저금리 대출이다.

## 계열회사·종속회사·타법인출자 현황
대덕전자는 3개의 비상장 연결대상 종속회사를 보유하고 있다(주요종속회사에는 모두 해당하지 않음).

**연결대상 종속회사(상세, 모두 의결권 과반수 소유)**:
- **Daeduck Vietnam Co., Ltd.**: 2014년 7월 설립, 베트남 푸토성. PCB제조. 최근사업연도말 자산총액 38,746백만원.
- **Daeduck Electronics(SHANGHAI) Co., Ltd.**: 2019년 4월 설립, 중국 상하이. 영업서비스. 자산총액 163백만원.
- **DD USA, INC.**: 2021년 10월 설립, 미국 캘리포니아. 영업서비스. 자산총액 66백만원.

**계열회사 현황('대덕' 기업집단, 상장 3개사·비상장 8개사, 총 11개사)**:
- 상장: 대덕전자㈜(당사), ㈜대덕(지배기업), ㈜와이솔
- 비상장: Daeduck Vietnam Co., Ltd., Daeduck Electronics (SHANGHAI) Co., Ltd., DD USA, INC., 엔알랩㈜ 등(㈜대덕의 종속기업 다수 포함)

**대덕전자 연결기준 특수관계자 현황**은 지배기업 (주)대덕 외에, 기타의 특수관계자로 (주)대덕의 종속기업인 **엔알랩(주)**, **(주)와이솔**과 (주)와이솔의 관계기업/종속기업인 **천진위성전자유한공사**, **WISOL HANOI Co.,Ltd**, **WISOL JAPAN Co.,Ltd**, **(주)디아이티**, 그리고 (재)해동과학문화재단, 사회복지법인 대덕복지재단 등을 포함한다. 이들은 지배기업 (주)대덕 산하의 사실상 '형제회사(sister company)' 관계이다. 별도로 2022 KIF-스틱 뉴 프런티어 펀드도 특수관계자 목록에 있다.

**타법인출자 현황(요약, 기말장부가액 기준)**: 경영참여 목적 3개사 27,317백만원(변동 없음), 단순투자 목적 1개사 6,124백만원(기초 6,960백만원에서 취득 246백만원, 평가손익 -1,082백만원), 총 4개사 33,441백만원.

## 특수관계자 거래
연결기준 특수관계자와의 당기말 채권·채무 잔액(단위: 원)은 다음과 같다.
- ㈜대덕(지배기업): 수취채권 28,897,633, 채무액 1,612,292,249
- 엔알랩(주): 채무액 330,000,000
- (주)디아이티: 수취채권 3,575,000
- WISOL JAPAN Co.,Ltd: 채무액 7,341,040
- 전체 합계: 수취채권 32,472,633원, 채무액 1,949,633,289원

당기 특수관계자 거래(영업수익/영업비용/배당금지급, 단위: 원):
- ㈜대덕: 영업수익 263,632,059, 영업비용 6,256,788,304, 배당금지급 6,218,460,800
- (주)와이솔: 영업비용 1,500,000,000
- 엔알랩(주): 영업비용 2,727,273
- WISOL JAPAN Co.,Ltd: 영업수익 39,000,000, 영업비용 90,824,008
- 전체 특수관계자 합계: 영업수익 302,632,059원, 영업비용 7,850,339,585원, 배당금지급 6,218,460,800원

지배기업 (주)대덕에 대해 대덕전자가 지급한 배당금이 62억원 규모로 크며, 영업비용(경영자문료, 상표권 사용수수료 등 포함) 지급 규모도 크다.

## 기타 규제·행정 제재사항
대덕전자는 2024년 7월 22일 공정거래위원회로부터 「하도급거래 공정화에 관한 법률」 위반(기술자료 요구 서면 미교부)으로 시정조치 및 과징금 48백만원을 부과받아 2024년 9월 27일 납부했다. 또한 2024년 7월 12일 안산소방서로부터 소방시설 관리 관련 과태료(0.8백만원)를 부과받아 납부했다. 대주주 등에 대한 신용공여, 대주주와의 자산양수도, 대주주 이외 이해관계자와의 거래는 해당사항 없다.

## 환경(녹색경영)
대덕전자는 2015년부터 온실가스 배출권 할당대상업체로 지정되어 있으며, 2025년 온실가스 배출량 147,872tCO2-eq, 에너지 사용량 3,095TJ(2024년 136,945tCO2-eq/2,853TJ, 2023년 137,216tCO2-eq)로 매년 증가 추세이다.
"
심텍,"# 심텍 (Simmtech Co., Ltd.) 사업보고서 요약 (2025년 사업연도, 2025.01.01~2025.12.31)

## 사업 개요
(주)심텍은 반도체 및 정보통신기기용 인쇄회로기판(PCB, Module PCB·Package Substrate 등) 전문 제조업체이다. 舊 심텍은 1987년 8월 24일 설립되어 PCB 제조·판매업을 영위하다가, 지주회사 체제 전환을 위해 2015년 7월 1일(분할기일)을 기준으로 존속회사 심텍홀딩스와 신설회사 심텍으로 인적분할되었다. 심텍홀딩스는 지분투자·그룹 브랜드 관리·계열회사 경영자문·임대사업 등 지주사업을 담당하고, 심텍은 기존 PCB 제조·판매 사업을 담당하며, 양사 모두 2015년 8월 7일 코스닥시장에 변경상장·재상장되었다. 심텍의 최대주주는 (주)심텍홀딩스로 지분율 33.19%(보통주 기준)이다.

당기말 연결대상 종속회사는 8개사(모두 비상장, 이 중 3개사는 주요종속회사)이다.

## 매출 및 손익 현황
2025년 매출액은 1,410,560백만원(전년 1,231,421백만원, 전전년 1,041,896백만원)으로 지속 성장했다. 판매경로별로는 수출(PO접수-납품-수금-네고) 731,162백만원(51.8%), 로칼(Local LC접수-납품-인수증 접수-네고) 463,079백만원(32.8%), 내수(세금계산서발행-수금) 216,320백만원(15.3%)이다.

## 주요 매출처·매입처 및 공급관계
사업보고서 본문의 ""주요 매출처"" 항목에서는 영업기밀 보호를 위해 실제 상호명 대신 익명화된 고객사만 공시된다. 2025년 누적 매출액 기준 주요 고객사별 매출비중은 A사 38%, B사 16%, C사 14%, 기타 32%이다.

한편, 연결재무제표 주석(특수관계자 거래)에서는 심텍그룹 내 해외 계열 판매·제조법인과의 대규모 내부거래가 실명으로 공시되어 있으며, 이는 심텍이 국내에서 생산한 PCB를 해외 계열 판매·조립법인을 통해 최종 고객사에 유통하는 그룹 내 공급망 구조를 보여준다.
- **SIMMTECH NICHING (SUZHOU) Co., LTD.**(중국 소재 PCB영업 계열사): 재화의 판매로 인한 수익 당기 431,919,925,272원(전기 360,471,627,132원)으로 심텍의 매출처 중 압도적으로 큰 규모이며, 심텍 그룹의 PCB 유통·판매를 위한 핵심 채널로 판단된다.
- **SIMMTECH INTERNATIONAL PTE. LTD.**(싱가포르 소재, 심텍그룹의 해외영업법인): 용역의 제공으로 인한 수익 당기 79,816,440,347원(전기 34,732,614,112원, 이 중 특수관계자를 위한 구매대행 거래분 28,279,995천원[당기]/57,158,332천원[전기] 포함), 재화의 판매로 인한 수익 373,088,808원.
- **(주)심텍홀딩스**(지배기업): 재화의 판매로 인한 수익 115,075,498원, 제공받은 용역 7,169,543,825원(경영자문료 등으로 추정), 기업으로부터의 금융약정에 따른 이전 1,797,969,863원.
- **STNC Hong Kong Holdings Limited**: 재화의 판매로 인한 수익 5,530,201,253원.
- **SIMMTECH AMERICA INC., SIMMTECH JAPAN INC., NICHING INDUSTRIAL CORP., SIMMTECH SE ASIA PTE. LTD., SIMMTECH TAIWAN CO., LTD., SUSTIO SDN. BHD.**: 각각 소규모의 매출·용역·매입 거래가 있다(구체적으로 SUSTIO SDN. BHD.로부터 부동산과 그 밖의 자산 매입 5,573,089,766원, 재화의 매입 784,114,581원 등).
- 당기 전체 특수관계자 거래 합계: 재화의 판매로 인한 수익 437,938,290,831원, 부동산 등 자산의 매각 5,573,089,766원, 용역 제공 수익 80,237,869,925원, 금융약정에 따른 이전 17,793,877,917원, 제공받은 용역 10,729,975,739원, 재화의 매입 784,114,581원.

## 계열회사·종속회사·타법인출자 현황
심텍은 '주식회사 심텍홀딩스' 기업집단(상장 2개사, 비상장 19개사, 총 21개사)에 소속되어 있다. 사업부문별 계열회사는 다음과 같다.
- **PCB사업부문**(영업/제조/판매): (주)심텍, 신태전자(서안)유한공사, Simmtech Graphics Co., Ltd., SUSTIO SDN. BHD.
- **PCB 해외 영업 등**: Simmtech Japan Inc., Simmtech Niching (Suzhou) Co.,Ltd., Simmtech America Inc., Simmtech SE Asia PTE. Ltd., Simmtech Taiwan Co., Ltd., SIMMTECH INDIA PRIVATE LIMITED
- **PCB 제품검사 등**: T.E. TECH(M) SDN.BHD., (주)에이아이테크, (주)베스틱스
- **지주회사사업부문**(투자업): (주)심텍홀딩스, SIMMTECH INTERNATIONAL PTE. LTD., SIMMTECH ASIA OPERATION PTE. LTD., Simmtech Hong Kong Holdings Limited, STNC Hong Kong Holdings Limited, STJ Holdings Co., Ltd., (주)글로벌심텍, LIGHTMAC Pte. Ltd.

**연결대상 종속회사(상세, 지배관계 근거는 모두 의결권 과반수 소유)**:
- **(주)글로벌심텍**(2018.2.21 설립, 충북 청주): 투자업(지주회사). 자산총액 174,870백만원. 주요종속회사 해당. 심텍이 98.55% 지분 보유.
- **Simmtech Hong Kong Holdings Limited**(2010.7.16 설립, 홍콩): 투자업(지주회사). 자산총액 58,422백만원. (주)글로벌심텍이 100% 지분 보유.
- **신태전자(서안)유한공사**(2010.8.10 설립, 중국 시안): PCB 제조. 자산총액 266,821백만원. 주요종속회사 해당. Simmtech Hong Kong Holdings Limited가 100% 지분 보유.
- **STJ Holdings Co., Ltd**(2016.5.31 설립, 일본 나가노): 투자업(지주회사). 자산총액 64,850백만원. (주)글로벌심텍이 100% 지분 보유.
- **SIMMTECH GRAPHICS Co., Ltd**(1961.2.8 설립, 일본 나가노, 舊 Eastern Co., Ltd.): PCB 제조. 자산총액 177,718백만원. 주요종속회사 해당. STJ Holdings가 99.26% 지분 보유(Nippon Via Co., Ltd. 흡수합병 이력 있음).
- **T.E.TECH(M)SDN.BHD.**(1995.9.5 설립, 말레이시아): PCB제품검사. 심텍이 90.56%, Simmtech Graphics가 9.33% 지분 보유(2020년 유상증자 참여로 50.44% 취득 후 지분 확대).
- 그 외 SIMMTECH INTERNATIONAL PTE. LTD., SUSTIO SDN. BHD. 등도 연결대상에 포함.

**주요 계열회사 지분 구조(자본금 및 지분율)**:
- (주)심텍홀딩스(상장, 지주회사): 자본금 26,413,877,000원, LIGHTMAC PTE. LTD.가 14.55% 보유
- (주)심텍(상장): 자본금 18,293,721,000원, (주)심텍홀딩스 33.19% + 자기주식 0.02%
- (주)에이아이테크(PCB제품검사): 자본금 900,000,000원, 심텍 100% 보유. 2021년 설립.
- (주)베스틱스(물류서비스): 자본금 300,000,000원, 심텍 100% 보유. 2022년 지분 100% 인수.
- Simmtech Niching(Suzhou) Co.,Ltd.(중국 쑤저우, PCB영업): STNC Hong Kong Holdings Limited가 100% 보유.
- STNC Hong Kong Holdings Limited(홍콩): Simmtech International Pte. Ltd.가 51.0% 보유.
- Simmtech International Pte. Ltd.(싱가포르, 투자업): (주)심텍홀딩스 84.02% + LIGHTMAC PTE. LTD. 15.98%.
- Simmtech Japan Inc., Simmtech America Inc., Simmtech Taiwan Co., Ltd.: Simmtech International Pte. Ltd.가 각 100% 보유.
- SIMMTECH INDIA PRIVATE LIMITED: Simmtech SE Asia PTE. Ltd. 99.99% + Simmtech International Pte. Ltd. 0.01%.

심텍의 경영에 직접·간접 영향력을 미치는 회사는 최대주주 (주)심텍홀딩스(지분율 33.19%)이다.

## 특수관계자 거래
특수관계자 구분은 지배기업 (주)심텍홀딩스와 기타특수관계자[Simmtech America Inc., Simmtech Japan Inc., STNC Hong Kong Holdings Limited, SIMMTECH NICHING (SUZHOU) Co., LTD., Niching Industrial Corp., SIMMTECH SE ASIA PTE. LTD, Simmtech Taiwan Co., Ltd., SIMMTECH INTERNATIONAL PTE. LTD., SIMMTECH ASIA OPERATION PTE. LTD., SUSTIO SDN. BHD.]로 구성된다(구체적 거래 금액은 위 '주요 매출처·매입처' 섹션에 정리).

주요 연혁상 심텍은 삼성전자, SK하이닉스, JCET, Powertech Technology, Tongfu Microelectronics, CXMT, Innogrit, Goermicro, J-DEVICES, SanDisk 등 글로벌 반도체·OSAT 업체로부터 다수의 공급사상(Best Quality Supplier, Best Contribution Award 등)을 수상한 이력이 있어, 이들이 실질적인 주요 고객사군으로 추정되나, 사업보고서 본문에서 실명으로 매출 비중을 공시하지는 않는다.

## 계열회사간 임원 겸직 및 지분 관계
계열회사간 출자 현황표에 따르면 (주)심텍홀딩스 → (주)심텍 → (주)글로벌심텍 → Simmtech Hong Kong Holdings Limited/STJ Holdings 등으로 이어지는 다층적 지주 구조를 가지고 있으며, 국내(PCB 제조)와 해외(영업·제조·투자) 법인이 유기적으로 연결되어 있다.

## 기타사항
심텍은 2025년 SK하이닉스로부터 ""2025 Best Quality Supplier of the Year For Module PCBs""를 수상했으며, 2023년 세계일류상품(GDDR기판) 선정, 제60회 무역의날 금탑산업훈장 수훈 등 다수의 대외 인증·수상 실적을 보유하고 있다.
"
해성디에스,"# 해성디에스 (Haesung DS Co., Ltd.) 사업보고서 요약 (제12기, 2025.01.01~2025.12.31)

## 사업 개요
해성디에스(주)는 반도체 재료사업을 영위하며, 반도체 생산에 필요한 패키징·구조재료인 반도체 Substrate(리드프레임과 Package Substrate)를 생산하는 반도체 후공정 업체이다. 자동차용 반도체 리드프레임 부문에서 독자적인 PPF 도금 기술을 바탕으로 세계 리드프레임 시장을 선도하고 있다. 제품별 매출비중은 리드프레임 약 76%, Package Substrate 약 24%이며, 주요 거래처인 종합반도체업체(IDM)와 조립외주업체(OSAT) 대부분이 중국·동남아시아에 생산공장을 두고 있어 매출의 대부분이 수출이다. 2025년 누적 연결재무제표 기준 매출액 약 6,534억원, 영업이익 약 465억원을 달성했다.

해성디에스는 2022년 8월 1일 소규모합병 방식으로 연결대상 종속회사였던 해성테크놀로지 주식회사를 흡수합병했다.

## 매출 및 손익 현황
2025년(제12기) 연결기준 매출액은 602,993,604천원(지역별 매출 합계, 전기 456,963,784천원)이다. 지역별로는 말레이시아 77,546,478천원, 대만 75,303,835천원, 기타 국가 104,793,576천원(전기 25,048,645천원) 등이 포함된다(그 외 지역 세부 수치는 표 앞부분 절단으로 일부만 확인됨).

## 주요 매출처·매입처 및 공급관계
연결재무제표 주석상 매출액의 10% 내외를 차지하는 주요고객은 익명(주요고객1/2)으로 공시되어 있다.
- 당기(2025년): 주요고객1 79,961,967천원(매출 비중 12.24%), 주요고객2 77,185,483천원(비중 11.81%)
- 전기(2024년): 주요고객1 75,671,032천원(비중 12.55%), 주요고객2 64,401,761천원(비중 10.68%)

원재료 매입처 명단은 그리핑 결과 별도로 확인되지 않았으나, 특수관계자 거래 주석에서 계열회사 (주)한국팩키지로부터 원재료 성격의 매입(제품매출원가 항목)이 확인된다(당기 305,316천원, 전기 299,528천원).

## 계열회사·종속회사·타법인출자 현황
해성디에스는 '해성' 기업집단(상장 5개사, 비상장 10개사, 총 15개사)에 소속되어 있으며, 최대주주이자 지주회사는 **해성산업(주)**이다. 해성산업(주)는 지분율이 50% 미만이지만 연결실체의 최대주주로서 영업 및 재무 의사결정 권한을 보유하여 회계상 지배기업으로 분류된다.

**연결대상 종속회사(상세, 모두 지분율 100%)**:
- **소주해성디에스무역유한공사**(중국, 12월 결산): 반도체부품 판매업.
- **HAESUNG DS PHILIPPINES, INC.**(필리핀, 12월 결산): 반도체부품(리드프레임 등) 제조 및 판매.

**계열회사간 임원 겸직**: 해성디에스의 등기임원 다수가 해성그룹 계열사 임원을 겸직하고 있다. 사내이사부회장 단우영은 해성산업(주)·계양전기(주)·(주)한국팩키지·한국제지(주)·(주)우영엔지니어링에서 임원을 겸직하고, 사내이사사장 단우준은 해성산업(주)·계양전기(주)·(주)한국팩키지·한국제지(주)·(주)경재에서 임원을 겸직하며, 기타비상무이사 조성래는 해성산업(주)·해성에스테이트(주)·국일제지(장가항)유한공사·계양전기(소주)유한공사·계양전기(강소)유한공사·HAESUNG DS PHILIPPINES, INC.에서 임원을 겸직한다. 비상근 회장 단재완은 해성산업(주)·한국제지(주)·(주)한국팩키지 회장을 겸직한다. 이는 해성디에스가 전동공구(계양전기), 제지(한국제지·(주)한국팩키지·국일제지), 부동산·시설관리(해성산업·해성에스테이트) 등 다각화된 해성그룹의 반도체 소재 계열사임을 보여준다.

**타법인출자 현황(요약, 기말장부가액 기준)**: 경영참여 목적 2개사 49백만원(기초 1,075백만원에서 평가손실 -1,026백만원 반영), 일반투자·단순투자 없음.

## 특수관계자 거래
특수관계자는 지배기업 **해성산업(주)**와 기타 특수관계자 **계양전기(주), 한국제지(주), (주)한국팩키지, 해성에스테이트(주), 단우영 외 1인(개인 대주주), (학)해성학원**으로 구성된다.

당기(2025년) 특수관계자 거래(단위: 천원):
- 해성산업(주)(지배기업): 공동경비수익 32,670, 공동경비비용 568,536, 지급수수료 등 1,289,975
- 계양전기(주): 공동경비수익 366,915, 공동경비비용 183,231
- 한국제지(주): 공동경비수익 696,403, 공동경비비용 1,444,581, 지급수수료 등 990
- (주)한국팩키지: 공동경비수익 201,127, 공동경비비용 178,517, 제품매출원가 305,316
- 해성에스테이트(주): 공동경비수익 8,498, 지급수수료 등 116,032
- 단우영 외 1인: 금융수익 8,965, 사용권자산 취득 5,749,470, 지급수수료 등 962,603
- (학)해성학원: 지급수수료 등 130,000
- 전체 특수관계자 합계: 공동경비수익 1,305,613, 금융수익 8,965, 공동경비비용 2,374,865, 제품매출원가 305,316, 사용권자산 취득 5,749,470, 지급수수료 등 2,499,600

전기(2024년) 대비 사용권자산 취득 항목(단우영 외 1인 대상 5,749,470천원)이 당기 신규로 크게 발생한 점이 특징적이며, 이는 개인 대주주로부터 부동산 등 사용권자산을 임차·취득한 거래로 추정된다(리스 관련 거래로 판단).

당기말 현재 연결실체가 특수관계자를 위하여 제공하고 있는 담보 및 보증내역은 없다.

## 연구개발 및 리스크관리
해성디에스는 환리스크 최소화를 위해 수출입 등 경상거래 및 자금거래 시 현지통화 거래, 입금·지출통화 일치, 외화채권 Nego 등을 시행하며 별도의 외환리스크 관리규정과 전담 인원을 운영한다. 원소재 시세 변동 리스크에 대해서는 제품 판매가격에 원소재 시세를 연동하는 전략을 사용한다.

## 기타사항
대주주등에 대한 신용공여, 대주주와의 자산양수도는 사업연도 개시일부터 공시서류작성기준일까지 해당사항이 없다.
"
코리아써키트,"# 코리아써키트 (제54기, 2025년 사업연도) 사업보고서 요약

## 사업 개요
주식회사 코리아써키트(KOREA CIRCUIT CO., LTD.)는 1972년 4월 11일 설립되어 인쇄회로기판(PCB) 제조·판매를 주 영업목적으로 하며, 1985년 09월 09일 유가증권시장에 상장하였다. 본점은 경기도 안산시 단원구 강촌로 139번길 9에 있다. 코리아써키트는 전자 및 정보통신산업의 성장 속에서 반도체·이동통신·가전산업 분야의 국내외 주요 고객사에 첨단 PCB를 공급하며, 사업부문은 통신기기 중심의 HDI 부문과 반도체 중심의 Package Substrate 부문으로 구분된다. 스마트폰용 HDI와 메모리 모듈 제품은 세계적인 Top 생산기업에 공급하고 있다.

종속회사인 (주)테라닉스는 특수 PCB(METAL PCB, MLB PCB)를, (주)인터플렉스는 연성인쇄회로기판(FPCB)을, 시그네틱스(주)는 반도체 패키징을 각각 생산·판매한다. 해외 종속회사로 INTERFLEX VINA CO.,LTD.와 KOREA CIRCUIT VINA COMPANY LIMITED가 PCB 제조업을, SIGNETICS HIGH TECHNOLOGY USA INC가 반도체 패키지 해외영업을 각각 영위한다.

코리아써키트는 기업집단 영풍에 속해 있으며, 대표이사는 장세준이다. 코리아써키트는 「독점규제 및 공정거래에 관한 법률」상 상호출자제한 기업집단으로 지정된 영풍 그룹의 계열사이다.

보고서 작성기준일(2026년 3월 19일) 이후인 2026년 1월 20일 이사회 결의로 종속기업 (주)테라닉스의 PCB 사업부문을 코리아써키트가 흡수하는 소규모 흡수인적분할합병을 승인하였고, 2026년 2월 25일 합병등기(효력발생)를 완료하였다. 이는 연결기업 내 동일지배하의 사업결합이며, 코리아써키트는 (주)테라닉스 주주에게 보통주 361,873주를 발행·교부하였다.

## 매출 및 손익 현황
2025년(제54기) 연결매출액은 1,509,725백만원이며, 사업부문별로는 전자부품 부문(PCB, FPCB 등) 1,402,400백만원(92.89%), 반도체 부문(반도체 패키징) 103,047백만원(6.83%), 기타(임대) 부문 4,278백만원(0.28%)으로 구성된다. 제품별로는 PCB 937,939백만원(62.13%), FPCB 464,461백만원(30.76%), 반도체 103,047백만원(6.83%), 임대 등 4,278백만원(0.28%)이다. 직전 2개년 연결매출액은 제53기 1,406,957백만원, 제52기 1,332,234백만원으로 증가 추세이다.

## 주요 매출처·매입처 및 공급관계
- **PCB 부문 판매경로**: 판매의 약 92%가 DIRECT 및 L/C 수출이며, 그중 71%는 DIRECT, 29%는 국내 SET MAKER를 거친 수출이다. 국내(DOMESTIC) 판매는 총 판매의 약 8%(임대수입 포함) 수준이다.
- **반도체(패키징) 부문 주요 거래처**: 해외 거래처로 삼성전자 등, 국내 거래처로 LG전자 등이 명시되어 있다(구체적 상호는 이 정도로만 공시). 반도체 부문 영업전략상 해외는 Broadcom, On Semiconductor, Cypress 등, 국내는 삼성전자, SK하이닉스, LG전자 등에 대한 수주 확대를 추진 중이라고 기재되어 있다.
- **주요고객 매출 집중도** (연결 기준, 익명화된 상위 3개 고객 A/B/C — 원문에 구체적 상호명은 공개되지 않음):

| 구분 | 당기 매출액(천원) | 당기 비중 | 전기 매출액(천원) | 전기 비중 |
|---|---|---|---|---|
| 주요고객(A) | 218,033,931 | 14.44% | 223,541,579 | 15.89% |
| 주요고객(B) | 290,429,235 | 19.24% | 293,306,117 | 20.85% |
| 주요고객(C) | 86,172,502 | 5.71% | 62,142,518 | 4.42% |
| 합계 | 594,635,668 | 39.39% | 578,990,214 | 41.16% |

상위 3개 고객에 대한 매출 집중도는 약 39~41% 수준으로 유지되고 있으나, 원문에는 이들 고객의 실명이 공개되어 있지 않다.
- **주요 원재료 매입처** (연결 기준, 매입액 합계 594,760백만원):
  - PCB 원재료(동박판): 두산전자, 롯데머터리얼 외 — 124,291백만원(20.90%)
  - PCB 부재료(약품 외): 엘티메탈, 다이요잉크 외 — 222,075백만원(37.34%)
  - 특수PCB 원재료(동박판): 두산전자, 제이너 외 — 22,540백만원(3.79%)
  - 특수PCB 부재료(약품 외): 다이요잉크, 한국히다치 외 — 4,281백만원(0.72%)
  - 특수PCB 외주가공비: CL테크 외 — 41,247백만원(6.94%)
  - 특수PCB 임대관리비: 세진전자 외 — 1,399백만원(0.24%)
  - FPCB 원재료(BASE 외): 두산전자 외 — 44,544백만원(7.49%)
  - FPCB 부재료(약품 외): 경원합성 외 — 65,763백만원(11.06%)
  - 반도체 원재료(BGA PCB): 삼성전기, 해성디에스 외 — 47,228백만원(7.94%)
  - 반도체 원재료(GOLD WIRE): 엘티메탈, 엠케이전자 외 — 12,461백만원(2.10%)
  - 반도체 원재료(MOLD COMPOUND 외): 삼성에스디아이, 케이씨씨 외 — 8,931백만원(1.50%)
  - 코리아써키트는 ""상기 주요 원, 부재료의 매입처 중 당사와 특수관계인 매입처는 없습니다""라고 명시하여, 원재료 매입은 특수관계자가 아닌 일반 거래처를 통해 이루어진다.
- 원재료 국내 매입처인 두산전자, 롯데머터리얼, 엘티메탈, 다이요잉크, 제이너, CL테크, 세진전자, 경원합성, 삼성전기, 해성디에스, 엠케이전자, 삼성에스디아이, 케이씨씨는 모두 코리아써키트(연결기준 포함 종속회사)의 PCB·FPCB·반도체 패키징 원부자재 공급처로 언급되었다.
- 반도체 패키징 부문 담보 관련 거래은행(종속회사 시그네틱스, 인터플렉스): KEB하나은행(인터플렉스 무역어음대출·수출대금채권매입 담보, 본사공장 담보 채권최고액 75,900백만원), KDB산업은행(시그네틱스 토지·건물 담보, 채권최고액 USD 7,500,000), KEB하나은행(시그네틱스 정기예금 담보 3,410,000천원).
- 통화선도 거래은행: 하나은행, 우리은행(전기말 기준 통화선도 계약 다수 체결, 당기말 계약 잔액은 없음).

## 계열회사·종속회사·타법인출자 현황
코리아써키트는 공시서류 제출일 현재 기업집단 영풍에 속하며, 국내 계열회사 29개(상장 6개, 비상장 23개)와 해외 계열회사 81개를 보유한 대규모 기업집단(영풍)의 일원이다. 영풍 그룹 전체로는 상장 6개사, 비상장 104개사(해외법인 다수 포함) 총 110개 계열회사가 있다. 코리아써키트의 핵심 사업(PCB·FPCB·반도체 패키징)과 직접 관련된 계열회사는 아래와 같고, 이 외 영풍 그룹에는 고려아연(비철금속 제련), Ark Energy(호주 신재생에너지), Kataman Metals 등 금속거래업 등 코리아써키트의 사업과 직접 관련이 없는 다수의 계열사(주로 고려아연 산하 해외 법인)가 포함되어 있다.

**연결대상 종속회사 현황(상세, 2025년 별도재무제표 기준 자산총액)**
- (주)테라닉스: 1994년 7월 25일 설립, 경기도 안산시 단원구 장자골로12, 인쇄회로기판(PCB) 제조, 자산총액 220,727,016천원, 지분 50% 초과 보유(지배관계 근거), 주요종속회사 해당. 2026년 2월 25일 PCB 사업부문이 코리아써키트로 흡수분할합병됨(작성기준일 이후 사건).
- (주)인터플렉스: 1994년 7월 20일 설립, 경기도 안산시 단원구 강촌로 149, 연성인쇄회로기판(FPCB) 제조, 자산총액 376,781,386천원, 사실상지배력, 주요종속회사 해당.
- KOREA CIRCUIT VINA COMPANY LIMITED (베트남): 2020년 7월 14일 설립, 인쇄회로기판(PCB) 제조, 자산총액 47,848,929천원, 사실상지배력.
- 시그네틱스(주): 1966년 9월 12일 설립, 경기 파주시 탄현면 평화로 711, 반도체 패키징, 자산총액 107,099,058천원, 사실상지배력, 주요종속회사 해당.
- INTERFLEX VINA CO.,LTD.(베트남): 2024년 7월 18일 설립, 연성인쇄회로기판(FPCB) 제조, 자산총액 184,800,965천원, 사실상지배력, 주요종속회사 해당.
- SIGNETICS HIGH TECHNOLOGY USA INC: 2015년 6월 1일 설립, 미국 산타클라라, 경영컨설팅(반도체 패키지 해외영업), 자산총액 41,792천원, 사실상지배력.

**타법인출자 현황(상세, 2025년말 별도재무제표 기준)**
- (주)인터플렉스: 상장, 1994년 7월 20일 최초취득, 경영참여 목적, 최초취득금액 110백만원, 기말 지분율 30.56%(7,129천주), 기말 장부가액 90,187백만원. 피투자회사 2025년 총자산 376,781백만원, 당기순손익 32,891백만원.
- (주)테라닉스: 비상장, 1994년 7월 25일 최초취득, 경영참여 목적, 최초취득금액 125백만원, 당기 중 지분 6,360백만원 추가 취득, 기말 지분율 56.52%(3,708천주), 기말 장부가액 18,271백만원. 피투자회사 2025년 총자산 220,727백만원, 당기순손익 -4,315백만원.
- KoreaCircuit VINA: 비상장, 2020년 7월 14일 최초취득, 경영참여 목적, 최초취득금액 6,431백만원, 기말 지분율 16.42%, 기말 장부가액 6,431백만원. 피투자회사 2025년 총자산 47,849백만원, 당기순손익 109백만원.
- 고려아연(주): 상장, 2022년 8월 23일 최초취득, 경영참여 목적, 최초취득금액 57,568백만원, 당기 중 38,675백만원 평가손익 반영, 기말 지분율 0.60%(125천주), 기말 장부가액 164,180백만원. 피투자회사 2025년 총자산 16,921,642백만원, 당기순손익 771,572백만원. 코리아써키트가 보유한 고려아연 주식은 (주)영풍과 한국기업투자홀딩스 간 협약에 따라 일정기간 (주)영풍 및 (주)영풍 특수관계자 외 제3자에 대한 처분 제한이 있다.
- 타법인출자 합계 기말 장부가액 279,069백만원(2025년말).

**주요 계열회사 지분관계**(계통도 기준): (주)영풍이 코리아써키트 지분 40.21%를 보유하는 최대주주이며, 에이치씨(유) 2.42%, 씨케이(유) 0.02%를 각각 보유하여 코리아써키트의 의사결정에 영향을 미치고 있다. 코리아써키트는 (주)테라닉스 지분 56.52%, (주)인터플렉스 지분 30.56%를 보유(계통도상 표기)한다. 시그네틱스(주)는 (주)영풍이 42.64% 등을 보유하는 계열사이다.

**회사와 계열회사 간 임원 겸직**: 대표이사 장세준은 (주)인터플렉스 사내이사, 영풍전자(주) 사내이사를 겸직(상근). 사외이사 최창원은 (주)영풍 사외이사 겸 감사위원(비상근). 감사 성병준은 (주)인터플렉스 감사(상근). 전무 이한균은 (주)테라닉스 감사를 겸직.

## 특수관계자 거래 (연결 기준)
코리아써키트 연결기업의 특수관계자는 지배기업 (주)영풍, 관계기업 화하선로판(천진)유한공사, 공동기업 ASCENT-K CIRCUIT PRIVATE LIMITED(당기 중 지분 30% 신규 출자), 그 밖의 특수관계자로 영풍전자(주), 고려아연(주), 영풍정밀(주), (주)영풍문고, 영풍문고홀딩스(주), 영풍개발(주), (주)영풍이앤이, 케이지트레이딩(주), 서린정보기술(주), 유미개발(주), 케이지그린텍(주), (주)케이지엑스, 씨케이(유), 에스피팜랜드(유), 에스아이앤엘(주), (주)알란텀, 스틸싸이클(주), 에이치씨(유), 케이잼(주), 켐코(주), 코리아니켈(주), YOUNG POONG JAPAN, YOUNG POONG Electronics Vina Co.,Ltd., Sorin Shanghai Corporation Ltd., Sun Metals Corp.Pty.Ltd. 등이 있다.

**당기(2025년) 특수관계자 거래내역**(연결 기준, 단위: 원):
- (주)영풍(지배기업): 매출 414,273,524원, 유형자산과 기타 매입거래 18,000,000원, 매출채권 30,965,000원, 매입채무 1,650,000원, 임대보증금 279,500,000원.
- 화하선로판(천진)유한공사(관계기업): 기타 매출거래 3,111,180원.
- 영풍전자(주)(그 밖의 특수관계자): 매출 1,441,635,907원, 기타 매출거래 11,494,897,051원, 매출원가 54,015,458원, 유형자산과 기타 매입거래 1,168,187,967원, 수취채권 267,610,987원, 매출채권 159,100,429원, 미수금 85,322,313원, 매입채무 46,384,162원.
- Young Poong Electronics Vina Co.,Ltd(그 밖의 특수관계자): 수취채권 558,044,059원, 매입채무 48,901,903원.
- 고려아연(주)(그 밖의 특수관계자): 기타 매출거래 1,804,102,500원.
- Young Poong Japan(그 밖의 특수관계자): 유형자산과 기타 매입거래 1,347,745,391원, 수취채권 209,021,470원, 매입채무 192,739,923원.
- 전체 특수관계자 합계: 매출 1,855,909,431원, 기타 매출거래 13,302,110,731원, 매출원가 1,401,760,849원, 유형자산과 기타 매입거래 1,953,253,496원, 수취채권 267,610,987원, 매출채권 190,065,429원, 미수금 278,062,236원, 매입채무 96,936,065원, 임대보증금 279,500,000원.

**전기(2024년) 특수관계자 거래내역**(비교, 단위: 원):
- (주)영풍: 매출 442,100,144원, 유형자산과 기타 매입거래 18,000,000원, 매입채무 41,058,724원, 임대보증금 354,500,000원.
- 영풍전자(주): 매출 290,579,798원, 기타 매출거래 1,732,018,196원, 재고매입 696,488,425원, 매출원가 588,973,563원, 유형자산과 기타 매입거래 3,049,236,839원, 매입채무 1,054,014,117원, 미수금 178,589,616원.
- 고려아연(주): 기타 매출거래 3,392,570,000원.
- Young Poong Japan: 유형자산과 기타 매입거래 905,422,563원, 매입채무 157,644,609원.
- 최대주주 등(장형진): 수취채권 968,220,000원(2024.11.28 (주)테라닉스 보통주 취득에 따른 지분투자 968,220천원과 연동).

**대주주등과의 자산양수도**: 특수관계인 장형진이 2024.11.28 (주)테라닉스 보통주(액면가 500원)를 968,220천원에 취득(지분투자 목적, 외부평가기관 평가보고서 기준 금액 산정, 이사회결의를 통해 진행). 그 외 대주주등에 대한 신용공여, 대주주등과의 영업거래, 대주주에 대한 주식기준보상 거래, 대주주등 이외의 이해관계자와의 거래는 해당사항이 없다.

**자금거래·지급보증**: 연결기업 특수관계자 등과의 당기 및 전기 중 자금거래 내역은 없으며, 특수관계자 등의 자금조달을 위해 제공하고 있거나 제공받고 있는 지급보증 및 담보 내역도 없다.

## 연구개발
코리아써키트는 연구개발 업무를 전담하는 연구개발센터를 운영하고 있다. 연구개발비용은 제54기 9,983,750천원(매출액 대비 0.66%), 제53기 10,478,560천원, 제52기 9,537,226천원이다. 제54기 항목별로는 재료비 3,081,691천원, 인건비 4,323,191천원, 위탁용역비 1,294,568천원, 기타 1,284,300천원이다.

## 지적재산권
코리아써키트는 인쇄회로기판 제조방법 관련 특허권 1건(2023-07-26 취득, 절연층 표면조도 및 고주파 통신 적용 PCB 제조방법)을 보유하고 있다. 주요 종속회사(테라닉스, 인터플렉스 등)는 총 29개의 특허권을 보유하고 있으며, 대부분 인쇄회로기판·연성인쇄회로기판 제조공정 및 발열필름 관련 기술이다.

## 우발부채 및 담보·보증
종속회사 인터플렉스는 KEB하나은행에 본사공장(토지, 건물)을 담보로 제공(2017.01.02 설정, 채권최고액 75,900백만원, 무역어음대출·수출대금채권매입 담보). 종속회사 시그네틱스는 KDB산업은행에 토지 및 건물을 담보로 제공(채권최고액 USD 7,500,000)하고, KEB하나은행에 정기예금을 담보로 제공(채권최고액 3,410,000천원). 시그네틱스는 KDB산업은행으로부터 산업운영자금대출 한도 950,000천원을 보유하고 있다. 코리아써키트(지배회사) 자체의 채무보증·담보 제공 내역은 없다.

## 기타 참고사항 (제재 등)
종속회사 인터플렉스는 2020.08.19 공정거래위원회로부터 부당한 위탁취소로 시정명령 및 과징금 350백만원 부과(납부 완료), 2023.01.02 중부지방국세청 세무조사결과 통지에 따라 284백만원 세무조사 관련 조치(납부 완료)를 받았다. 종속회사 시그네틱스는 2020.12.17 금융감독원으로부터 유형자산 손상차손 과소계상 관련 외부감사 및 회계 등에 관한 규정 위반으로 ""주의"" 조치를 받았다.
"
동진쎄미켐,"# 동진쎄미켐 (제53기, 2025년 사업연도) 사업보고서 요약

## 사업 개요
주식회사 동진쎄미켐은 1967년 설립되어 PVC 및 고무발포제를 국내 최초로 개발·국산화하며 성장하였고, 1973년부터 발포제 수출업체가 되었다. 1992년 인도네시아 해외 생산공장을 설립하였다. 본점은 인천광역시 서구 백범로 644이며, 대표이사는 이준혁이다. 동진쎄미켐은 반도체 및 디스플레이용 재료(감광액(Photoresist), 반사방지막(BARC), SOC, CMP Slurry, Wet Chemical, Colored Resist 등), 대체에너지(리튬이온 이차전지, 연료전지)용 재료, 산업용 기초소재인 발포제(브랜드 ""UNICELL"")를 제조·판매한다. 전자재료 부문은 ""DPR & DNR"" 브랜드를 구축하고 있다.

동진쎄미켐은 2026년 1월 1일부로 발포제 사업부문을 단순물적분할 방식으로 분할하여 신설법인 주식회사 동진이노켐을 설립하였다(2025년 10월 1일 이사회 결의, 2025년 11월 14일 제53기 임시주주총회 승인). 분할로 이전된 순자산 장부금액은 187,877,023천원(자산총계 199,726,883천원, 부채총계 11,849,860천원)이다.

또한 2025년 9월 1일 이사회에서, 동진쎄미켐이 직접 보유한 중국 3개 법인(북경동진쎄미켐과기유한공사, 사천동진전자재료과기유한공사, 무한동진쎄미켐과기유한공사)과 종속기업 Dongjin Global Holdings Limited가 보유한 중국 6개 법인(성도동진쎄미켐과기유한공사, 합비동진쎄미켐과기유한공사, 중경동진쎄미켐전자재료유한공사, 혜주동진쎄미켐전자재료유한공사, 복주동진쎄미켐과기유한공사, 동진전자재료(계동)유한공사)의 지분을 청도동가구산업투자그룹유한회사 및 청도Truesino광전산업투자펀드합화기업(유한합화)이 설립하는 프로젝트회사(SPV1)에 매각하기로 결정하였다(2026년 2월 11일 매각 대상 지분을 100%에서 70%로 변경하는 정정공시, 진행중). 이에 따라 해당 중국 10개 법인은 중단영업으로 분류되었다(당기 중단영업 매출 329,852백만원).

## 매출 및 손익 현황
2025년(제53기, 계속영업 기준) 연결매출액은 1,194,145백만원이며, 사업부문별로는 전자재료(반도체 784,559백만원, 디스플레이 308,920백만원, 이차전지 15,423백만원, 기타 646백만원), 발포제 83,790백만원, 정제유 807백만원으로 구성된다. 국내전자재료 940,247백만원(80.46%로 표기, 구체적으로는 ""국내전자재료"" 매출유형 합계 기준), 국내발포제 59,602백만원(4.99%), 국내정제유 807백만원(0.07%), 해외전자재료 148,759백만원(12.46%), 해외발포제 24,188백만원(2.02%)이다. 중국 10개 법인 매각결정에 따른 중단영업 매출은 329,852백만원이다. 직전 2개년(계속영업 기준) 연구개발비 대비 매출액 비율 산정에 사용된 매출액은 제52기, 제51기 자료가 함께 비교표시되어 있다.

## 주요 매출처·매입처 및 공급관계
- **주요 매출처(연결 기준, 제53기)**: 삼성전자(주) 706,185백만원(매출의 59.14%), 에스케이하이닉스(주) 148,915백만원(12.47%), 엘지디스플레이(주) 72,591백만원(6.08%). 반도체 소재의 주요 매출처는 삼성전자와 하이닉스 2개사이며, 디스플레이소재의 주요 매출처는 엘지디스플레이와 삼성디스플레이 등 소수 회사로 한정된다고 명시되어 있다(삼성디스플레이는 구체 매출액이 별도 공개되지 않음).
- 삼성전자, 엘지디스플레이, 삼성디스플레이 등에는 별도의 수주계약·공급계약 없이 기본계약에 의해 감광액 등 전자재료를 매월 평균 925억원 규모로 공급 중이며, 발포제는 중계무역 등을 통해 국내·외 거래선에 매월 평균 70억원 규모로 공급 중이다.
- 판매경로는 직판 영업이 전체 제품매출액의 약 70%를 차지하며, 나머지는 해외 Agent 및 해외마케팅팀을 통한 영업(매출의 약 60%가 수출 위주)이다. 미국, 독일, 일본, 대만 등에 판매 Agent를 두고 있다. 중국 시장에서는 BOE, CSOT 등 중국 디스플레이 제조사와 국내 디스플레이 제조사의 중국 10세대 공장 가동률 증가·증설에 따라 수요가 확대되고 있다고 서술한다(구체 매출 금액은 미기재).
- **주요 원재료 매입처**: 해외구매처 Mitsubishi Gas Chemical Trading, Inc., PURAC ASIA PACIFIC PTE LTD, Ashland Inc. 등과, 국내업체 (주)삼양엔씨켐, (주)동진첨단소재, 재원산업(주) 등으로부터 감광액·발포제 원료(Solvent, PAC, RESIN 등)를 직접 또는 간접수입 방식으로 구매하고 있다. 국내전자재료·국내정제유·해외전자재료 사업부문의 원재료 매입액은 641,215백만원이며, 생산공정 투입액은 628,057백만원이다. (주)동진첨단소재(구 아이노스)는 동진쎄미켐 최대주주(동진홀딩스)의 특수관계인이라고 명시되어 있어, 원재료 매입처 중 일부가 특수관계자에 해당함을 알 수 있다.

## 계열회사·종속회사·타법인출자 현황
동진쎄미켐은 2025년 12월 31일 현재 (본문 서술 기준) 자신을 포함한 5개의 국내 계열회사와 18개의 해외법인과 계열관계에 있으며, 계열회사 현황 요약표(상세표 연동)에서는 ""(주)동진쎄미켐 및 관계사"" 기업집단에 상장 1개사, 비상장 23개사 합계 24개 계열사로 집계되어 있다(본문 서술과 상세표 집계 수치 간에 다소 차이가 있음). 최대주주는 동진홀딩스(주)이며, (주)동진첨단소재(구 아이노스)는 최대주주의 특수관계인이다.

**연결대상 종속회사 현황(상세, 자산총액은 각 사 최근사업연도말 기준, 단위: 백만원)**
- 대만동진화성고분유한공사(대만, 1999.10.12 설립, 반도체용 및 TFT-LCD용 화학제품, 자산총액 27,508)
- 북경동진쎄미켐과기유한공사(중국, 2004.9.27, 동일업종, 자산총액 59,145)
- 동진전자재료(계동)유한공사(중국, 2006.5.22, 동일업종, 자산총액 55,588)
- 성도동진쎄미켐과기유한공사(중국, 2009.3.18, 동일업종, 자산총액 11,606)
- (주)신암정유(충남 예산, 2003.3.11, 폐기물 재생처리업 및 정제유, 자산총액 38,673, 동진쎄미켐 지분 99.52%이나 신암정유의 자기주식 0.48% 보유로 의결권 지분 100%)
- 합비동진쎄미켐과기유한공사(중국, 2010.8.6, 동일업종, 자산총액 35,908)
- 동진쎄미켐(서안)반도체재료유한공사(중국, 2012.12.3, 반도체용 Thinner 화학제품, 자산총액 41,683)
- 얼도스시동진쎄미켐전자재료유한공사(중국, 2013.7.2, 동일업종, 자산총액 13,859)
- DONGJIN USA INC.(미국, 2014.3.27, 미주지역 전자재료 및 발포제 영업, 자산총액 203,963, 주요종속회사 해당)
- 중경동진쎄미켐전자재료유한공사(중국, 2014.7.4, 동일업종, 자산총액 33,730)
- 혜주동진쎄미켐전자재료유한공사(중국, 2015.4.14, 동일업종, 자산총액 38,728)
- 복주동진쎄미켐과기유한공사(중국, 2016.5.12, 동일업종, 자산총액 43,165)
- Dongjin Global Holdings Limited(홍콩, 2016.12.13, 순수지주회사, 자산총액 221,237, 주요종속회사 해당)
- 사천동진전자재료과기유한공사(중국, 2017.09.30, 동일업종, 자산총액 27,126)
- 무한동진쎄미켐과기유한공사(중국, 2018.12.11, 동일업종, 자산총액 33,945)
- DONGJIN ASIA HOLDINGS PTE.LTD.(싱가포르, 2018.10.05, 일반지주회사, 자산총액 43,208)
- Dongjin Sweden AB(스웨덴, 2020.04.21, 2차전지 소재, 자산총액 21,823)
- DSM Semichem LLC(미국, 2022.05.16, 반도체용 화학제품, 자산총액 162,221, 주요종속회사 해당)
- DONGJIN SEMICHEM TEXAS, Inc.(미국, 2022.06.02, 반도체용 화학제품, 자산총액 167,550, 주요종속회사 해당)
- (주)희망드리미(인천, 2024.04.04, 식료품 판매, 자산총액 1,366)
- 위 종속회사 지배관계 근거는 모두 회계기준서 제1110호 문단7 ""피투자에 대한 지배력""이며, 주요종속기업 판단기준은 최근사업연도 자산총액 750억원 이상이다.

**해외법인 지분 구조**: 동진쎄미켐 → 대만동진화성고분유한공사(89.38%), 북경동진쎄미켐과기유한공사(100%), DONGJIN USA INC.(100%), Dongjin Global Holdings Limited(100%), 사천동진전자재료과기유한공사(100%), 무한동진쎄미켐과기유한공사(100%), Dongjin Asia Holdings PTE.LTD.(99.528%), Dongjin Sweden AB(99.72%). Dongjin Global Holdings Limited → 동진전자재료(계동)유한공사, 성도동진쎄미켐과기유한공사, 합비동진쎄미켐과기유한공사, 동진쎄미켐(서안)반도체재료유한공사, 중경동진쎄미켐전자재료유한공사, 혜주동진쎄미켐전자재료유한공사, 복주동진쎄미켐과기유한공사(각 100%). 북경동진쎄미켐과기유한공사 → 얼도스시동진쎄미켐전자재료유한공사(100%). DONGJIN USA INC. → DSM Semichem LLC(70%), Dongjin Semichem Texas, INC.(100%). 국내법인: 동진쎄미켐 → (주)신암정유(99.52%), (주)희망드리미(100%), 동남산업(주)(40.04%), 동남투자자산(주)(40.04%).

**타법인출자 현황 요약(2025년말 기준, 단위: 천원)**: 출자목적별로 경영참여(출자회사 25개, 기말장부가액 486,107,476), 단순투자(출자회사 5개, 기말장부가액 23,364,684) 등 총 30개사에 대해 기말장부가액 합계 509,472,160천원을 투자하고 있다. 경영참여 목적 투자는 위 종속회사·계열사 지분 취득이 대부분이며, 단순투자에는 아래와 같은 소수지분 투자가 포함된다.
- (주)채널에이: 비상장, 2011.03.23 최초취득, 단순투자, 지분율 0.05%, 기말 장부가액 143,981천원. 피투자회사 총자산 338,372,571천원, 당기순손익 7,851,979천원.
- SGI퍼스트펭귄스타트업펀드: 비상장, 2014.11.19 최초취득, 단순투자, 지분율 2.40%, 기말 장부가액 372,818천원. 피투자회사 총자산 14,094,014천원, 당기순손익 -222,605천원.
- 삼성전자(주): 상장, 2024.03.29 최초취득, 단순투자, 최초취득금액 4,954,208천원, 당기 중 6,384,000천원 취득, 기말 지분율 0.00%(120,000주), 기말 장부가액 14,388,000천원. 삼성전자 2025년 총자산 566,942,110,000천원, 당기순손익 44,260,956,000천원.
- (주)미세테크: 비상장, 2025.06.24 최초취득, 단순투자, 지분율 9.09%(3,999주), 기말 장부가액 5,959,881천원. 피투자회사 총자산 12,078,005천원, 당기순손익 -53,479천원.
- (주)피코엔텍: 비상장, 2025.09.04 최초취득, 단순투자, 기말 장부가액 2,000,004천원. 피투자회사 총자산 6,430,319천원, 당기순손익 -736,130천원.
- L&S K-Semi 르네상스 투자조합: 비상장, 2025.12.26 최초취득, 단순투자, 지분율 4.10%, 기말 장부가액 500,000천원. 피투자회사 총자산 12,200,000천원.

**계열회사간 임원 겸직**: 대표이사 회장 이준혁은 (주)신암정유 대표이사(상근), 동남산업(주) 대표이사(상근), 동남투자자산(주) 대표이사(상근)를 겸직하고 있다.

## 특수관계자 거래 (연결 기준)
동진쎄미켐 연결기업의 특수관계자는 최상위지배기업 동진홀딩스(주), 관계기업(동남산업(주), 동남투자자산(주), DONGJIN ITALIA S.R.L., (주)이브이에스텍), 그 밖의 특수관계자((주)동진첨단소재, PT.Dongjin Indonesia, (주)코렉스, 명부산업(주), (주)미세테크, (주)동남케미텍, 리앤안투자(주), 엘씨에이치투자(주), Tokyo Electronic Materials CO.,LTD., UNICELL CO.,LTD., Scarlet Kim & Co.,Inc.)로 구성된다.

**당기(2025년) 특수관계자 거래내역**(연결 기준, 단위: 천원):
- DONGJIN ITALIA S.R.L.(관계기업): 매출 1,092,628, 기타수익 2,568.
- (주)동진첨단소재(그 밖의 특수관계자): 매출 156,459, 기타수익 269,623, 매입 59,171,459, 기타비용 1,253,128.
- PT.Dongjin Indonesia(그 밖의 특수관계자): 매출 901,380, 기타수익 2,405,799, 매입 14,708,768, 유형자산 매입거래 1,617,880.
- (주)미세테크(그 밖의 특수관계자): 매입 1,053,784, 기타비용 103,376.
- 리앤안투자(주)(그 밖의 특수관계자): 매입 3,821,943, 기타비용 423,956.
- Tokyo Electronic Materials CO.,LTD.(그 밖의 특수관계자): 매출 1,342.
- UNICELL CO.,LTD.(그 밖의 특수관계자): 매출 885,351.
- 엘씨에이치투자(주)(그 밖의 특수관계자): 기타비용 34,133.
- 동진홀딩스(주)(최상위지배기업): 기타수익 31,299(매출·매입 거래는 없음).
- 전체 특수관계자 합계: 매출 및 기타수익 5,761,751천원, 매입·자산의 구입 및 기타비용 82,188,427천원(매입 78,755,954천원, 유형자산 1,617,880천원, 기타비용 1,814,593천원 포함).

**전기(2024년) 특수관계자 거래내역**(비교, 단위: 천원): 매출 및 기타수익 합계 5,326,449(동진홀딩스 29,957, DONGJIN ITALIA S.R.L. 929,806, (주)동진첨단소재 516,969, PT.Dongjin Indonesia 2,240,200, (주)미세테크 158,493, UNICELL CO.,LTD. 1,447,400 포함). 매입·자산의 구입 및 기타비용 합계 79,251,789((주)동진첨단소재 63,688,908, PT.Dongjin Indonesia 9,701,088, 명부산업(주) 372,200, (주)동남케미텍 4,547,913, 엘씨에이치투자(주) 941,680 포함).

**대여금 내역(연결 기준, 2025년말)**: DONGJIN ITALIA S.R.L.(해외계열회사)에 유동성장기대여금 기말 321백만원(미수이자 8백만원), PT.Dongjin Indonesia(해외계열회사)에 장기대여금 기말 54,675백만원(미수이자 759백만원). 합계 기말 대여금 54,996백만원.

**채무보증 및 담보제공**: 동진쎄미켐은 PT.Dongjin Indonesia, 북경동진쎄미켐과기유한공사, 합비동진쎄미켐과기유한공사, 동진전자재료(계동)유한공사, 혜주동진쎄미켐전자재료유한공사, 복주동진쎄미켐과기유한공사, 사천동진쎄미켐과기유한공사, 무한동진쎄미켐과기유한공사, Dongjin USA INC, Dongjin Global Holdings Limited, (주)신암정유 등 특수관계인(모두 종속·계열회사)에 대해 하나은행(인니), 우리은행(왕징), 산업은행(심양), 신한은행(상해포서·심천·중경), 하나은행(광주), 기업은행(무한), JP MORGAN CHASE BANK 등을 통해 지급보증을 제공하고 있으며, 지급보증금액 합계는 255,271,244천원(실차입금 합계 235,641,211천원)이다. 담보제공은 동진홀딩스(주)의 채무(신한은행·수협은행 운영자금대출)를 위해 음성공장 토지·건물 및 정기예금을 담보로 제공(담보설정금액 합계 13,300,000천원)하고, (주)동진첨단소재의 채무(하나은행 외 1개 은행 운영자금대출 등)를 위해 음성공장 토지·건물 및 판교연구소 토지·건물·투자부동산을 담보로 제공(담보설정금액 24,720,740천원)하고 있다. 동진홀딩스(주)는 동진쎄미켐의 최대주주이며, (주)동진첨단소재(구 아이노스)는 최대주주의 특수관계인이다.

## 연구개발
동진쎄미켐은 경기도 화성시 발안공장 및 판교사업장 내에 연구개발 업무를 전담하는 부설연구소를 운영하며(5개 팀), 염료감응형 태양전지 등 신성장동력 분야에 핵심연구인력을 배치하고 있다. 연구개발비용(연결기준, 중단영업 제외)은 제53기 65,864백만원(정부보조금 2,902백만원 차감 후 62,962백만원, 매출액 대비 5.52%), 제52기 60,652백만원(5.45%), 제51기 54,796백만원(5.43%)이다.

## 지적재산권
동진쎄미켐은 전자재료 사업부문 관련 국내외 특허권을 다수 보유하고 있으며, 2025년 한 해에만 반사방지막 형성용 폴리머, 포지티브·네가티브형 감광성 수지 조성물, 유기발광소자용 캡핑층 화합물, CMP 슬러리(다중촉매 금속막 연마 슬러리), 식각액 조성물, 연료전지용 막-전극 접합체, 정제 인산 제조방법 등 30건 이상의 신규 특허를 취득하였다.

## 우발부채
연결실체가 금융기관 등에 할인한 매출채권 중 소구조건 등으로 금융자산 제거요건을 충족하지 않아 차입금으로 분류된 금액은 당기말 4,178백만원, 전기말 4,208백만원이다.
"
솔브레인,"# 솔브레인 (제6기, 2025년 사업연도) 사업보고서 요약

## 사업 개요
솔브레인 주식회사는 반도체 공정용 화학 소재, 디스플레이 공정용 화학 소재, 2차전지 소재 등을 생산하는 회사로, 본점은 경기도 성남시 수정구 금토로 52이며 대표이사는 박영수이다. 솔브레인은 2023년 인적분할을 통해 존속회사 솔브레인홀딩스(주)와 신설회사 솔브레인(주)(사업회사)로 분리되었으며, 보고서 기준으로는 설립 후 제6기에 해당한다. 지배기업(솔브레인)은 상법 제530조의9 제1항에 의거하여 분할 전 회사채무에 대해 솔브레인홀딩스(주)와 연대책임을 진다.

솔브레인은 삼성전자, SK하이닉스, 삼성디스플레이, LG디스플레이 등 국내 반도체 및 디스플레이 제조사에 공정용 화학 소재를 공급하고, 삼성SDI, SK온, LG에너지솔루션 등 국내 2차전지 제조사에 관련 제품을 공급하고 있다. 해외 진출을 위해 2012년 12월 중국에 솔브레인(시안)전자재료유한공사(Soulbrain (Xi'an) Electronic Materials Co., Ltd.)를 설립하였고, 2016년 1월 반도체용 고순도 인산 생산·판매를 위한 솔브레인라사 주식회사를 설립하였다. 2022년 1월 미국에 Soulbrain TX LLC, 2024년 1월 Soulbrain RASA TX LLC를 각각 설립하였다.

## 매출 및 손익 현황
2025년(제6기) 연결 매출액은 923,382백만원이며, 사업부문별로는 반도체 부문 766,977백만원(83%), 디스플레이 부문 64,677백만원(7%), 2차전지 부문 60,462백만원(7%), 기타(반도체 장비 유지관리 등) 31,267백만원(3%)이다. 반도체 소재 판매가격은 전년(제5기) 대비 약 6% 상승, 디스플레이 소재는 약 3% 하락, 2차전지 소재는 약 3% 하락하였다.

## 주요 매출처·매입처 및 공급관계
- **주요 매출처**: 삼성전자, SK하이닉스, LG디스플레이, 삼성SDI. (별도로 ""삼성디스플레이""도 사업 개요에서 반도체·디스플레이 공급처로 언급되나, ""주요 매출처"" 목록에는 위 4개사만 명시됨). 구체적 매출액·비중은 공개되어 있지 않다(회사명만 나열).
- 판매경로: 국내 일부 소량 공급은 중간 에이전트를 경유하나 대부분 수요처 직접판매이며, 해외는 현지법인(솔브레인(시안)전자재료유한공사, Soulbrain TX LLC, Soulbrain RASA TX LLC)을 통한 직접 판매이다. 정기적 수주 대신 발주서(Purchase Order) 기반 납품 형태로, 거래처와 연 또는 분기 단위 품목별 단가계약을 체결하며 계약기간은 기간 종료 시 통상 자동 연장된다.
- **주요 원재료 매입처(2025년 기준)**: 반도체 부문 H3PO4 외 291,801백만원(부문별 매입액의 76.4%) — 매입처로 솔브레인라사(주) 외(솔브레인라사는 종속회사); 디스플레이 부문 유기재료 외 46,834백만원(12.3%) — 매입처로 엠씨솔루션(주) 외(특수관계자); 2차전지 부문 전해액원재료 외 31,697백만원(8.3%) — 매입처로 DFD 외.
- **경영상 주요계약**: (1) 2023.06.13 솔브레인홀딩스(주)와 자산양수도 계약(경영효율성 증대 목적) — 2023년 6월 27일 솔브레인홀딩스(주) 파주2공장 토지 및 건물 등을 339억원에 양수. (2) 2023.10.30 김명운 등 6인((주)디엔에프 관련) 주식매매계약(전략적 파트너십 구축 및 시너지 창출 목적) — 2023년 12월 28일 (주)디엔에프 보통주 2,000,000주를 960억원에 양수. (3) 2025.06.16 솔브레인홀딩스(주)에 (주)어드밴스뷰테크널러지 상환전환우선주 3,446주를 30억원에 양도(사업 및 기술개발 효율화 목적).

## 계열회사·종속회사·타법인출자 현황
2025년 12월 31일 현재 솔브레인(주)을 포함하여 기업집단 ""솔브레인""에는 54개(상장 7개, 비상장 47개) 계열회사가 있다(상세표 기준으로는 58개사로 집계되어 본문 서술과 다소 차이가 있음). 상장 계열사는 솔브레인홀딩스(주), 솔브레인(주), (주)제닉, 나우아이비캐피탈(주), (주)디엔에프, (주)삐아, 우양에이치씨(주)이다.

**연결대상 종속회사 현황(상세, 2025년말 자산총액 기준, 단위: 백만원)**
- Soulbrain (Xi'an) Electronic Materials Co., Ltd.(중국 시안시, 2012.12.20 설립, 반도체 공정재료 생산·판매, 자산총액 73,529, 지분 50% 초과보유)
- 솔브레인라사㈜(충남 공주, 2016.01.22 설립, 반도체 제조용 고순도 인산 생산·판매, 자산총액 78,656, 지분 50% 초과보유, 주요종속회사 해당)
- SOULBRAIN TX LLC(미국 텍사스, 2022.01.24 설립, 반도체 공정용 화학재료 제조·판매, 자산총액 50,740, 지분 50% 초과보유)
- 나우혁신소재펀드1호(서울 강남, 2023.07.11 설립, 금융투자업, 자산총액 7,289, 지분 50% 초과보유)
- 케어웰솔루션스㈜(경기 평택, 2023.09.12 설립, 반도체 장비 유지 관리, 자산총액 4,904, 지분 50% 초과보유)
- SOULBRAIN RASA TX LLC(미국 텍사스, 2024.01.15 설립, 반도체 제조용 고순도 인산 생산·판매, 자산총액 8,693, 지분 50% 초과보유)
- 나우 16호 펀드(서울 강남, 2025.03.13 신규설립, 금융투자업, 자산총액 148,725, 지분 50% 초과보유, 주요종속회사 해당)
- 에스에프에스글로벌(서울 강남, 2025.04.03 신규설립·당기 연결범위 편입, 기타금융업, 자산총액 270,656, 지분 50% 초과보유, 주요종속회사 해당, 2026년 2월 12일 이사회 결의로 해산 결정)
- Sunfluoro System Co., Ltd.(일본 오사카, 1992.11.05 설립, 당기 지배력 획득으로 연결범위 편입, 도장 및 기타 피막처리업, 자산총액 106,194, 지분 50% 초과보유, 주요종속회사 해당)
- Sunfluoro System TAIWAN Co., Ltd.(대만 타오위안, 2001.07.15 설립, 도장 및 기타 피막처리업, 자산총액 70,763)
- Sunfluoro System CHINA Co., Ltd.(중국 난통시, 2018.04.26 설립, 도장 및 기타 피막처리업, 자산총액 20,469)
- Sunfluoro System Inc.(미국 애리조나, 2022.11.28 설립, 도장 및 기타 피막처리업, 자산총액 14,877)
- 썬프로로시스템코리아㈜(충남 천안, 2012.07.17 설립, 도장 및 기타 피막처리업, 자산총액 38,483)

**타법인출자 현황(2025년말, 단위: 백만원)**: 출자목적별로 경영참여 5개사(기말장부가액 156,896), 일반투자 2개사(기말장부가액 126,367), 단순투자 8개사(기말장부가액 11,265), 총 15개사 기말장부가액 합계 294,528백만원. 상세표 기준으로는 총 출자금액 기말잔액 318,064백만원(총자산 413,065, 당기순손익 8,871)로 집계되며, 주요 항목은 다음과 같다.
- 솔브레인시안전자재료유한공사: 경영참여, 지분율 100%, 기말 장부가액 39,198백만원. 피투자회사 총자산 73,529백만원, 당기순손익 5,149백만원.
- 솔브레인라사㈜: 경영참여, 지분율 51.00%, 기말 장부가액 13,260백만원. 총자산 78,656백만원, 당기순손익 8,404백만원.
- SOULBRAIN TX LLC: 경영참여, 지분율 100%, 기말 장부가액 49,532백만원. 총자산 50,740백만원, 당기순손익 -2,143백만원.
- 케어웰솔루션스㈜: 경영참여, 지분율 100%, 기말 장부가액 500백만원. 총자산 4,904백만원, 당기순손익 941백만원.
- (주)디엔에프: 상장, 2023.06.14 최초취득, 경영참여, 지분율 30.10%(3,483,051주), 당기 중 평가손익 -30,091백만원 반영, 기말 장부가액 54,406백만원. 총자산 160,203백만원, 당기순손익 1,239백만원. (주)디엔에프는 특수관계자 구분상 ""관계기업""에 해당한다.
- 나우아이비16호펀드: 일반투자, 지분율 79.74%, 기말 장부가액 119,467백만원. 총자산 148,725백만원, 당기순손익 -1,562백만원.
- 그 외 나우소부장펀드 1호, 나우윈코로나펀드 2호, 나우 K-문화 M&A 투자펀드, 스테이션케이-씨엔티테크 제1호, 나우농식품투자펀드6호, 비앤케이-나우 부산 지역혁신펀드, ACVC Partners Fund II LP, 제이앤 제2호 사모투자합자회사 등 다수의 벤처·사모펀드에 단순투자 형태로 소액 출자하고 있다(각 지분율 8~19% 수준, 개별 장부가액 0.3~2.6억원대).

**등기임원 겸직**: 윤석환은 솔브레인라사㈜ 대표이사(상근)를 겸직.

## 특수관계자 거래
솔브레인의 특수관계자는 유의적 영향력을 행사하는 기업(솔브레인홀딩스(주)), 관계기업((주)디엔에프), 기타특수관계자(솔브레인옵토스(주), 솔브레인에스엘디(주), Soulbrain MI, Inc., Soulbrain E&I Malaysia SDN BHD, Soulbrain HU Kft., (주)씨엠디엘, 솔브레인네트워크(주), (주)제닉, 엠씨솔루션(주), 우양에이치씨(주), 유피시스템(주), 머티리얼즈파크(주), (주)진켐, 솔브레인멤시스(주), 에스비노브스(주), Soulbrain CA LLC, 킹스데일(주), (주)비즈네트웍스 등)로 구성된다.

**당기(2025년) 매출·매입 거래**(단위: 천원):
- 솔브레인홀딩스(주)(유의적 영향력 행사기업): 매출 1,402,027, 매출(기타) 3,061,936, 매입(기타) 1,881,154.
- (주)디엔에프(관계기업): 매입(기타) 705,955.
- 솔브레인에스엘디(주): 매출 21,680,531, 매출(기타) 728,529, 매입(기타) 608,049.
- Soulbrain MI, Inc.: 매출(기타) 3,033,758, 매입(유형자산) 120,523, 매입(기타) 69,808.
- (주)씨엠디엘: 매출 938,784, 매출(유형자산) 223,328, 매입(재고자산) 1,431,471, 매입(기타) 115,838.
- (주)제닉: 매출 321,299, 매출(기타) 37,100, 매입(기타) 96,159.
- 엠씨솔루션(주): 매출 1,479,244, 매출(기타) 47,785, 매입(재고자산) 33,542,317.
- 유피시스템(주): 매출 31,938, 매입(기타) 509,732.
- 머티리얼즈파크(주): 매출 8,221,451, 매출(유형자산) 1,700, 매출(기타) 46,058, 매입(재고자산) 28,630,698, 매입(유형자산) 104,005, 매입(기타) 1,629,711.
- 솔브레인멤시스(주): 매출 454,771.
- 합계: 매출 등 34,657,069(매출) + 225,028(유형자산) + 9,771,544(기타), 매입 등 63,604,486(재고자산) + 640,528(유형자산) + 5,627,082(기타).

**전기(2024년) 비교**: 솔브레인홀딩스(주) 매출 1,015,565천원·매입(기타) 2,873,364천원; 솔브레인에스엘디(주) 매출 17,124,277천원; (주)비즈네트웍스 매입(재고자산) 294,647천원·매입(기타) 4,300,237천원; Soulbrain HU Kft. 매출(기타) 1,169,092천원·매입(재고자산) 3,310,428천원; 머티리얼즈파크(주) 매출 7,342,769천원·매입(재고자산) 25,445,566천원.

**채권·채무 잔액(2025년말, 단위: 천원)**: 솔브레인홀딩스(주) 매출채권 285,934/기타채권 223,169/기타채무 1,609,258; Soulbrain MI, Inc. 매출채권 14,753,734/기타채권 4,046,643/기타채무 117,235(대손충당금 매출채권 9,620,303, 기타채권 3,296,535 설정); 엠씨솔루션㈜ 매출채권 164,595/기타채권 78,329/매입채무 3,580,304/기타채무 55,053; 머티리얼즈파크㈜ 매출채권 778,265/기타채권 292,090/매입채무 3,723,877/기타채무 523,778; (주)씨엠디엘 매입채무 317,872. 특수관계자 채권·채무 합계: 채권(매출채권+기타채권) 23,977,660, 채무(매입채무+기타채무) 10,641,151.

**출자 및 배당금**: 관계기업 (주)디엔에프로부터 당기 배당금 수익 348,305천원(전기 696,610천원) 수취. 최대주주 및 특수관계인에 당기 배당금 8,038,689천원(전기 7,025,266천원) 지급.

**리스거래**: 당기 중 특수관계자와 체결한 리스계약에 따라 인식한 사용권자산 및 리스부채는 2,021,737천원(전기 1,113,383천원)이며, 당기 지급한 리스료는 1,130,965천원(전기 750,077천원)이다.

**경영지원 및 기술제공**: 솔브레인은 특수관계자와 경영지원제공계약 및 기술제공계약을 체결하고 있다.

**주요 경영진 보상**: 당기 이사(등기 및 비등기)에 대한 보상 합계 4,963,836천원(급여 등 4,235,102천원, 퇴직급여 719,016천원, 기타 장기종업원급여 9,718천원), 전기 5,363,380천원.

**대주주와의 자산양수도**: 위 ""주요 매출처·매입처 및 공급관계"" 섹션의 경영상 주요계약 (1), (3) 항목 참조(솔브레인홀딩스(주)와의 자산양수도, 339억원 및 30억원 규모).

## 연구개발
솔브레인은 (별도재무제표 기준) 연구개발비용으로 제6기 34,660백만원(정부보조금 844백만원 차감 전, 매출액 대비 4.44%), 제5기 26,582백만원(3.43%), 제4기 23,327백만원(2.93%)을 지출하였다. 항목별로는 인건비 12,415백만원, 감가상각비 5,379백만원, 기타 16,866백만원이다.

## 기타 참고사항
2025년 약 1,209억원을 반도체·디스플레이·2차전지 소재 사업 라인 증설 및 R&D 시설 투자에 사용하였다. 보고기간말 현재 피고로 계류 중인 소송사건은 없다. 작성기준일 이후 사건으로 2026.02.09 나우아이비 17호펀드에 80,000백만원(펀드 지분 72.66%에 해당) 출자, 2026.02.12 에스에프에스글로벌㈜ 해산 결의가 있었다.
"
원익머트리얼즈,"# 원익머트리얼즈 (제20기, 2025년 사업연도) 사업보고서 요약

## 사업 개요
주식회사 원익머트리얼즈는 고순도 특수가스를 생산하는 회사로, 본점은 충청북도 청주시 청원구 오창읍 양청3길 30이며 대표이사는 한정욱이다. 제품으로 N2O, NH3, F2 mix, C4F8, Xe 등을, 상품으로 CO2, Si2H6, GeH4 Mix, CH2F2 등을 취급하며, 반도체(DRAM, NAND 등 메모리 및 비메모리)와 디스플레이(OLED, LCD) 제조공정의 소재로 글로벌 Major 반도체 및 디스플레이 회사에 납품하고 있다. 종속회사로 연구 및 해외영업을 목적으로 한 미국법인 Wonik Materials North America, LLC(WMNA) 1개사와, 국내법인과 동일한 사업목적(산업용가스제조업)을 가진 중국법인 XIAN NEW WONIK SEMICONDUCTOR MATERIALS CO., LTD(신원익) 및 WEINAN WONIK SEMICONDUCTOR NEW MATERIALS CO., LTD(위남원익) 2개사가 있다.

원익머트리얼즈는 기업집단 원익에 속하며, 지배기업은 (주)원익홀딩스(지분율 45.69%)이다.

## 매출 및 손익 현황
2025년(제20기, 별도 기준) 매출액은 302,891백만원이며, 제품별로는 NH3 178,960백만원(59.08%), 기타 가스매출 121,096백만원(39.98%), 기타매출 2,835백만원(0.94%)이다. 가스매출 소계는 300,056백만원(99.06%)이다. 직전 2개년 매출액은 제19기 289,406백만원, 제18기 376,188백만원이다.

## 주요 매출처·매입처 및 공급관계
- **주요 매출처(별도 기준, 익명화 — 원문에 실명 미공개)**:

| 매출처 | 제20기(백만원) | 제19기(백만원) |
|---|---|---|
| A사 | 176,107 | 172,022 |
| B사 | 31,091 | 26,011 |
| C사 | 22,608 | 30,113 |

원익머트리얼즈는 원문에서 매출처를 A사·B사·C사로만 익명 표기하였고 실명은 공개하지 않았다. A사向 매출은 제20기 매출액(302,891백만원)의 약 58%를 차지하는 것으로 계산되어, 특정 고객사에 대한 매출 집중도가 매우 높다.
- 판매방법: 국내 및 해외 판매 모두 원익머트리얼즈가 직접 판매하며, 별도의 대리점·에이전트를 두지 않는다. 보고서 작성기준일 현재 재무제표에 중요한 영향을 미치는 장기공급계약 수주거래는 없다.
- **매입 현황(별도 기준, 단위: 백만원)**: 원재료(NH3, N2O, F2 MIX, CO2, C4F8) 매입 합계 제20기 15,523(국내 12,597, 수입 2,926), 제19기 17,231, 제18기 26,031. 상품/기타 매입 합계 제20기 84,081(국내 42,602, 수입 41,479), 제19기 91,183, 제18기 128,635. 원재료·상품 통합 매입 합계는 제20기 99,604백만원이다. 원문에는 구체적 매입처 상호가 별도로 명시되어 있지 않다.
- **경영상의 주요계약**: 해당사항 없음(원문 명시).

## 계열회사·종속회사·타법인출자 현황
원익머트리얼즈는 기업집단 원익에 속한 계열회사로서, 2025년말 현재 원익 기업집단에는 79개(상장 8개, 비상장 71개)의 계열회사가 있다. 원익 그룹의 지분구조 최상위는 (주)원익(46.33%를 (유)호라이즌이 보유)과 (주)원익홀딩스((주)원익 30.00%, 이용한 18.10% 보유)이며, (주)원익홀딩스가 원익머트리얼즈 지분 45.69%를 보유한 지배기업이다. 원익 그룹에는 반도체 장비(원익아이피에스), 쿼츠·특수가스(원익큐엔씨, 원익머트리얼즈), 이차전지 장비(원익피앤이), 디스플레이(티엘아이), 로보틱스(원익로보틱스) 등 전자·반도체 관련 계열사 외에도, 헬스케어 플랫폼(케어랩스, 굿닥, 바비톡), 미디어(미디어캔, 플래디), 리조트(단양사계절리조트), 투자운용(원익투자파트너스 및 다수의 사모투자합자회사) 등 원익머트리얼즈의 사업과 직접 관련이 없는 다수의 계열사가 포함되어 있다.

**연결대상 종속회사 현황(상세, 2025년말 자산총액 기준, 단위: 백만원)**
- XIAN NEW WONIK SEMICONDUCTOR MATERIALS CO.,LTD(중국 시안, 2018.01.18 설립, 산업용가스제조업, 자산총액 55,367, 기업의결권 과반수 소유, 주요종속회사 미해당)
- WEINAN WONIK SEMICONDUCTOR NEW MATERIALS CO.,LTD(중국 웨이난, 2018.04.12 설립, 산업용가스제조업, 자산총액 29,816, 기업의결권 과반수 소유, 주요종속회사 미해당)
- Wonik Materials North America, LLC.(미국 위스콘신, 2012.04.15 설립, 프리커서의 제조 및 판매, 자산총액 11,869, 기업의결권 과반수 소유, 주요종속회사 미해당)

**타법인출자 현황(요약, 2025년말, 단위: 백만원)**: 경영참여 목적 4개사(상장 1개, 비상장 3개) 기말장부가액 38,785(당기 평가손익 -5,348), 일반투자 목적 1개사(비상장) 기말장부가액 0. 총 5개사 기말장부가액 합계 38,785백만원.

**계열회사 지분 관계(주요, 지분현황표 기준)**: (주)원익홀딩스가 원익머트리얼즈 지분 45.69% 보유. 원익머트리얼즈는 (주)원익큐브 지분 31.57% 보유(공동 최대주주는 이용한 1.28%). 원익머트리얼즈는 WONIK GLOBAL PTE. LTD. 지분 25.00%를 보유(나머지 75%는 (주)원익아이피에스 보유) — 특수관계자 구분상 ""공동기업""에 해당. 원익머트리얼즈 종속회사인 XIAN NEW WONIK SEMICONDUCTOR MATERIALS CO.,LTD, WEINAN WONIK SEMICONDUCTOR NEW MATERIALS CO.,LTD, Wonik Materials North America, LLC는 모두 원익머트리얼즈 100% 지분 보유.

**계열회사간 임원 겸직**: 이용한은 원익머트리얼즈 사내이사를 겸하며, (주)원익, (주)원익아이피에스, (주)원익큐브, (주)원익큐엔씨, 원익투자파트너스(주)(기타비상무이사), WONIK Quartz International Corporation(이사), (유)호라이즌, (주)원익홀딩스에서도 사내이사 등을 겸직. 이현덕은 원익머트리얼즈 사내이사를 겸하며 (주)원익아이피에스, (주)원익큐엔씨, (주)원익홀딩스 사내이사를 겸직.

## 특수관계자 거래 (연결 기준)
원익머트리얼즈 연결기업의 특수관계자는 지배기업에 유의적 영향력을 행사하는 기업((주)원익, (유)호라이즌), 지배기업((주)원익홀딩스), 관계기업((주)원익큐브), 공동기업(WONIK GLOBAL PTE LTD.), 그 밖의 특수관계자(공정거래위원회 지정 원익기업집단계열회사 전반, 2022 원익 스마트 혁신 Agtech 투자조합, 한화-원익 K방산 기술혁신 투자조합, 원익 2023 소부장 스타트업 경기 G-펀드, 원익 2019 Start-Up 파트너쉽 투자조합, 2020 원익 R&D 기술혁신 투자조합)로 구성된다. 후자의 투자조합들은 원익머트리얼즈의 그 밖의 특수관계자인 원익투자파트너스(주)가 업무집행사원이고 원익머트리얼즈가 출자에 참여하고 있어 특수관계자로 판단되었다.

**당기(2025년) 특수관계자 거래내역**(연결 기준, 단위: 천원):
- (주)원익(지배기업에 유의적 영향력을 행사하는 기업): 재화 판매 수익 31,356, 기타비용 등 289,647.
- (주)원익홀딩스(지배기업): 재화 판매 수익 1,669,274, 부동산과 그 밖의 자산의 구입 121,200, 기타수익 등 72,750, 기타비용 등 2,259,810.
- (주)원익큐브(관계기업): 재화 판매 수익 73,800.
- (주)씨엠에스랩(그 밖의 특수관계자): 재화 판매 수익 80,700, 부동산과 그 밖의 자산의 구입 61,707, 기타비용 등 57,374.
- (주)원익큐엔씨(그 밖의 특수관계자): 부동산과 그 밖의 자산의 구입 211,794, 기타비용 등 41,077.
- 원익엘앤디(주)(그 밖의 특수관계자): 재화 판매 수익 94,648, 부동산과 그 밖의 자산의 구입 6,500, 기타비용 등 29,591.
- (주)원익아이피에스(그 밖의 특수관계자): 재화 판매 수익 589,800, 기타비용 등 1,800.
- (주)원익로보틱스(그 밖의 특수관계자): 재화 판매 수익 68,844.
- (주)케어랩스(그 밖의 특수관계자): 부동산과 그 밖의 자산의 구입 44,623,070(신규사옥 취득 관련 토지매수 계약, 전기 중 체결).
- 전체 특수관계자 합계: 재화의 판매로 인한 수익 2,608,422, 부동산과 그 밖의 자산의 구입 45,024,271, 기타수익 등 78,618, 기타비용 등 2,703,524.

**전기(2024년) 비교**: (주)원익홀딩스 재화 판매 수익 952,921천원; (주)케어랩스 부동산과 그 밖의 자산의 구입 11,155,768천원(신규사옥 부지 매수); 원익엘앤디(주) 재화 판매 수익 139,795천원; (주)원익아이피에스 재화 판매 수익 360,000천원.

**대주주와의 영업거래(별도 기준, 당기)**: 지배기업 (주)원익홀딩스와의 거래 — 매출 1,670백만원, 유형자산 취득 121백만원, 기타수익 등 73백만원, 기타비용 등 2,260백만원. 보고기간말 채권·채무: 매출채권 156백만원, 미지급금 1,275백만원, 기타비유동부채 845백만원. 대주주등에 대한 신용공여, 대주주와의 자산양수도, 대주주 이외의 이해관계자와의 거래는 모두 해당사항 없음.

**채무보증 현황**: 원익머트리얼즈는 종속기업의 차입금에 대해 다음과 같이 채무보증을 제공하고 있다(단위: CNY).
- XIAN NEW WONIK SEMICONDUCTOR MATERIALS CO.,LTD: 하나은행 보증, 102,000,000위안(2025.05.28~2026.06.11, 차입금의 120% 채무보증)
- XIAN NEW WONIK SEMICONDUCTOR MATERIALS CO.,LTD: 하나은행 보증, 72,000,000위안(2025.09.12~2026.09.12, 차입금의 120% 채무보증)
- WEINAN WONIK SEMICONDUCTOR NEW MATERIALS CO.,LTD: 우리은행 보증, 120,000,000위안(2024.09.27~2028.09.27, 차입금의 120% 채무보증)

## 연구개발
원익머트리얼즈는 연구소를 운영하며 인력 47명이 반도체 및 디스플레이용 특수가스 및 기타 산업가스를 연구한다. 연구개발비용(전액 판관비 처리)은 제20기 15,426백만원(매출액 대비 4.78%), 제19기 16,154백만원(5.58%), 제18기 9,994백만원(2.66%)이다. 주요 연구과제로 Higher silane 합성 기술 개발(고농도 Disilane·Trisilane 합성 촉매기술), 고순도 GeH4 합성 기술 개발, NH3 개질 수소 발생 시스템(국책과제, 차세대 수소 연료·수소전기차 적용) 등이 있다.

## 우발부채
중요한 소송사건, 견질 또는 담보용 어음·수표는 해당사항이 없으며, 채무인수약정 현황도 해당사항이 없다(채무보증 현황은 위 특수관계자 거래 섹션 참조).
"
하나머티리얼즈,"# 하나머티리얼즈 (제19기, 2025년 사업연도) 사업보고서 요약

## 사업 개요
하나머티리얼즈 주식회사는 반도체 부품 부문과 신기술사업금융 부문을 영위하며, 본점은 충남 천안시 서북구 3공단3로 42이고 대표이사는 김현주이다. 반도체 부품 부문의 주요제품은 반도체 제조공정(에칭/식각 공정)에 사용되는 소모성 부품인 실리콘 부품(Si-Parts, Electrode·Ring 등)과 실리콘카바이드 부품(SiC-Parts, SiC Ring·Tube·Disk·Ingot 등)이다. 종속회사인 하나에스앤비인베스트먼트 주식회사는 반도체 및 배터리 산업의 소재/부품/장비 업종 내 신기술사업자 및 중소/신규 스타트업 투자 지원·육성을 목적으로 설립되었다.

2025년 반도체 장비부품 부문 매출은 2,729억원(전년 동기 대비 9% 증가), 영업이익은 506억원(전년 동기 대비 17% 증가)이다. 신기술사업금융 부문 매출은 6.1억원, 영업이익은 -5.5억원이다. 하나에스앤비인베스트먼트(주)는 기업공시서식 작성기준상 '주요종속회사'(지배회사 별도재무제표 자산총액의 10% 이상이거나 750억원 이상)에 해당하지 않는다.

하나머티리얼즈는 하나마이크론(주)을 지배기업(최대주주)으로 하는 기업집단에 속하며, 하나마이크론(주)이 하나머티리얼즈 지분 32.50%를 보유하고 있다. 반대로 하나머티리얼즈도 하나마이크론(주) 지분 9.77%(2025년말 기준, 상장주식 단순투자)를 보유하는 상호 지분관계에 있다.

## 매출 및 손익 현황
2025년(제19기) 매출액은 273,482백만원이며, 사업구분별로는 반도체 부품(실리콘부품 등) 272,871백만원(소계), 신기술사업금융(조합관리보수 등) 611백만원이다. 제품별로는 실리콘부품(Electrode, Ring) 239,818백만원(87.69%), 기타 33,053백만원(12.09%), 신기술사업금융 611백만원(0.22%)이다. 직전 2개년 매출액은 제18기 251,647백만원, 제17기 233,577백만원이다.

## 주요 매출처·매입처 및 공급관계
- **판매경로별 매출처(2025년, 단위: 백만원)**:

| 판매경로 | 매출액 | 비중 | 주요 매출처 |
|---|---|---|---|
| 내수(당사→고객사) | 182,398 | 66.7% | TEL, SEMES, 삼성전자 등 |
| 수출(당사→고객사) | 90,473 | 33.1% | TEL, AMAT 등 |
| 신기술사업금융(기타) | 611 | 0.2% | 조합관리보수 등 |

정품공급 유형에서는 ""당사 → 장비업체 → End-User""의 유통구조를 취하고, 직판 유형에서는 국내 고객에게 직판하거나 해외 업체로 직수출한다. 부품업계 특성상 정기적 수주 대신 기본거래계약 체결 후 수시 발주를 받는 형태이며, 장기적인 수주잔고는 의미가 없다고 명시되어 있다.
- **주요 원재료 매입처(2025년, 단위: 백만원)**: Poly Silicon — 매입처 OCI 외, 매입액 14,946(45.9%, 특수관계 아님); 다결정·단결정 Ingot — 매입처 MMC 외, 매입액 15,425(47.3%, 특수관계 아님); 기타 2,222(6.8%). 합계 32,593백만원. 하나머티리얼즈는 OCI(주)와 장기구매계약을 체결하여 주요 원재료인 Poly Silicon을 안정적으로 공급받고 있다. 다결정 Ingot은 고객사 요청에 따라 해외에서 수입하여 사용한다.
- 경영상의 주요계약: 공시기준일 현재 회사의 재무상태에 중요한 영향을 미치는 비경상적인 중요 계약은 없다.

## 계열회사·종속회사·타법인출자 현황
하나머티리얼즈는 2025년 12월 31일 현재 하나마이크론(주) 기업집단에 속하며, 동 기업집단에는 상장 2개사, 비상장 13개사 총 15개 계열회사가 있다.

**관계회사간 출자현황(2025년말 기준)**: 하나마이크론(주) → 하나머티리얼즈(주) 32.50%, Hana Micron America Inc. 100.00%, HT Micron Semicondutores S.A. 100.00%, (주)이노메이트 79.75%, (주)이피웍스 51.19%, HANA Micron Vietnam Co., Ltd 100.00%, Hana Micron Vina Co.,Ltd 100.00%, 하나마이크론태양광(주) 100.00%, 하나더블유엘에스(주) 100.00%, Hana Electronics Industria E Comercio Ltda 100.00%; Hana Micron America, Inc. → Hana Latin America, Ltda. 99.76%, AniTrace,Inc. 100.00%; 하나머티리얼즈(주) → 하나마이크론(주) 9.77%(역출자); 하나에스앤비인베스트먼트㈜ → 하나머티리얼즈(주) 100% 자회사(피출자), 하나에스앤비 소부장1호 신기술조합에 93.75% 출자(6.25%는 하나마이크론(주) 출자).

**연결대상 종속회사 현황(상세, 2025년말 자산총액 기준, 단위: 천원)**
- 하나에스앤비인베스트먼트(주)(서울 강남, 2023.01.05 설립, 신기술사업금융, 자산총액 10,381,952, K-IFRS 1110호 기준 지배관계, 주요종속회사 미해당)
- 하나에스앤비 소부장1호 신기술조합(서울 강남, 2024.05.14 설립, 신기술사업금융, 자산총액 3,174,055, K-IFRS 1110호 기준 지배관계, 주요종속회사 미해당)
- 주요종속회사에 해당하는(자산총액이 지배회사 자산총액의 10% 이상이거나 750억원 이상인) 종속회사는 없다.

**타법인출자 현황(요약, 2025년말, 단위: 백만원)**: 경영참여 목적 1개사(비상장) 기말장부가액 10,799, 단순투자 목적 15개사(상장 1, 비상장 14) 기말장부가액 184,637. 총 16개사 기말장부가액 합계 195,436백만원. 주요 항목:
- 하나마이크론(주): 상장, 2019.11.12 최초취득, 단순투자, 지분율 9.77%(6,482,350주), 당기 평가손익 107,024백만원 반영, 기말 장부가액 166,921백만원. 하나마이크론 총자산 1,025,466백만원, 당기순손익 -20,663백만원.
- 하나에스앤비인베스트먼트(주): 비상장, 2023.01.05 최초취득, 경영참여, 지분율 100%, 기말 장부가액 10,799백만원. 총자산 10,382백만원, 당기순손익 138백만원.
- 흥국-하나에스앤비뉴프라임 신기술조합: 비상장, 2024.01.25 최초취득, 단순투자, 지분율 50.00%, 기말 장부가액 4,159백만원. 총자산 10,094백만원, 당기순손익 -406백만원.
- 하나에스앤비 소부장1호신기술조합: 비상장, 2024.05.14 최초취득, 단순투자, 지분율 100.00%, 기말 장부가액 3,174백만원(추정, 표 일부 절단).
- 엘앤에스 글로벌 반도체성장 투자조합: 비상장, 2018.02.28 최초취득, 단순투자, 지분율 5.00%, 기말 장부가액 2,678백만원. 총자산 34,195백만원, 당기순손익 2,207백만원.
- 이노폴리스 2019 창업초기 투자조합: 비상장, 2019.07.24 최초취득, 단순투자, 지분율 3.91%, 기말 장부가액 999백만원. 총자산 18,696백만원, 당기순손익 -975백만원.

## 특수관계자 거래 (연결 기준)
하나머티리얼즈 연결회사의 특수관계자는 지배기업 하나마이크론(주), 공동기업 흥국-하나에스앤비 뉴프라임 신기술투자조합, 관계기업(하나에스앤비-제이엔엠 메디컬 1호조합, 와이지 모빌리티 신기술 투자조합, 앨리스-하나에스앤비 소부장 신기술투자조합, 하나에스앤비-베어스톤 제1호 신기술투자조합, 하나에스앤비 소부장2호 신기술조합, 더웨이브-하나에스앤비 미래신기술조합, 에스씨엠티(주) 등), 그 밖의 특수관계자(지배기업 하나마이크론의 다른 종속·공동기업으로 Hana Micron Vina Co., Ltd., Hana Micron Vietnam Co., Ltd., HT Micron Semicondutores S.A., Hana Electronics Industria E Comercio Ltda., Hana Latin America, Hana Micron America Inc., AniTrace Inc., 하나더블유엘에스(주), 하나마이크론태양광(주), (주)이노메이트, (주)이피웍스 등)로 구성된다. 에스씨엠티(주)는 하나머티리얼즈가 상환전환우선주를 취득하며 이사 선임권을 보유하여 관계기업으로 분류되었으나, 상환청구권으로 인해 회계상으로는 당기손익-공정가치 측정 금융자산으로 인식되었다.

**당기(2025년) 특수관계자 거래내역**(연결 기준, 단위: 천원):
- 하나마이크론㈜(지배기업): 재화의 판매로 인한 수익 등 330,000, 재화의 매입 1,107,349.
- 흥국-하나에스앤비 뉴프라임 신기술투자조합(공동기업): 재화의 판매로 인한 수익 등 168,177.
- 하나에스앤비-제이엔엠 메디컬 1호조합(관계기업): 재화의 판매로 인한 수익 등 123,582.
- 앨리스-하나에스앤비 소부장 신기술투자조합(관계기업): 91,800.
- 하나에스앤비-베어스톤 제1호 신기술투자조합(관계기업): 21,600.
- 하나에스앤비 소부장2호 신기술조합(관계기업): 77,867.
- 더웨이브-하나에스앤비 미래신기술조합(관계기업): 19,703.
- HANA MICRON VINA CO., LTD(그 밖의 특수관계자): 재화의 판매로 인한 수익 등 532,074.
- 재화의 판매로 인한 수익에는 무형자산 처분금액, 대여금 이자, 지급보증수수료 수익 등이 포함된다.

**채권·채무 잔액(2025년말, 단위: 천원)**: 하나마이크론㈜ 수취채권 316,070/채무액 63,042; HANA MICRON VINA CO., LTD 수취채권 1,086,239; 흥국-하나에스앤비 뉴프라임 신기술투자조합 채무액 55,593; 더웨이브-하나에스앤비 미래신기술조합 채무액 39,726.

**채무보증**: 하나머티리얼즈는 HANA MICRON VINA CO., LTD가 Citibank N.A. 등으로부터 시설자금 USD 200,000,000을 차입하는 건에 대해 하나마이크론㈜과 공동으로 연대보증을 제공하기로 2023년 6월 29일 이사회 결의하였으며(보증기간~2029.11.28, 2025년말 기준 잔액 USD 200,000,000), 최대주주인 하나마이크론㈜으로부터 주식 및 부동산을 담보로 제공받았다. 과거 HANA MICRON VINA CO., LTD의 산업은행·수출입은행 시설자금(USD 200,000,000)에 대한 120%(USD 240,000,000) 연대보증 건은 보증인이 하나머티리얼즈에서 하나마이크론(주)으로 변경되어 2023년 12월 5일 조기 종료되었다. 하나마이크론(주)의 신용보강으로 스마트파이낸싱제칠차(주) ABL(발행 20,000백만원, 미상환잔액 20,000백만원, 자금보충), 하나마이크론제삼차(주) 유동화증권(발행 25,000백만원, 미상환잔액 6,280백만원, 자금보충)이 있다.

**대주주 이외의 이해관계자와의 거래**: 종업원 복리후생 목적 대여금(주택자금, 생활안정자금 등) 총 2,043백만원.

**자산양수도(작성기준일 이후 사후정보로 기재된 과거 거래)**: 하나머티리얼즈는 2024년 8월 6일 하나마이크론㈜의 주주배정 유상증자에 참여하여 보통주 454,678주를 7,493백만원에 취득(경영권 안정화 및 사업간 시너지 제고 목적). 2024년 8월~12월 중 하나마이크론㈜ 제12회 무보증사모영구전환사채 4,761백만원(권면가액 4,597백만원)을 교보 OSAT 신기술사업 투자조합으로부터 취득 후 전환권 행사로 보통주 503,776주를 취득.

## 연구개발
하나머티리얼즈는 연구전담인원 12명(박사 2, 석사 4, 학사 6)을 보유하고 있다. 연구개발비용은 제19기 8,001백만원(매출액 대비 2.9%), 제18기 7,372백만원(2.9%), 제17기 5,515백만원(2.4%)이다. 대표 연구과제로 2011년부터 진행된 480mm 단결정 실리콘잉곳 성장기술 개발(450mm 웨이퍼 공정용 실리콘 부품 직접 공급을 통한 수입대체·원가절감)이 있다.

## 우발부채
중요한 소송사건, 견질 또는 담보용 어음·수표 현황은 해당사항이 없다. 채무보증 현황은 위 특수관계자 거래 섹션 참조.
"
월덱스,"# 월덱스 (제26기, 2025년 사업연도) 사업보고서 요약

## 사업 개요
(주)월덱스는 반도체 등의 제조공정에 투입되는 실리콘 부품(Silicon Parts) 사업, 쿼츠 부품(Quartz Parts) 사업, 그리고 ALN·SiC 등 소재로 제작되는 파인세라믹(Fine Ceramic) 사업을 영위한다. 본점은 경북 구미시 구포동 4공단로 53-77이며 대표이사는 배종식이다. 주요 제품은 실리콘 제품(Electrode, Cathode, Shower Head, Ring, Disk, Silicon Ingot 등), 쿼츠 제품(Focus Ring, 2단 Ring, Tube, Boat), 파인세라믹 제품(SiC Ring, SiC Chuck, SiC Arm, ALN Parts, Alumina Parts 등)이며, 반도체 에칭(Etching) 공정에서 반도체 수율에 직접적인 영향을 주는 핵심 소모성 부품이다. 월덱스의 제품 수요자는 전세계 소자업체이며, 국내 주요 고객사인 삼성전자와 SK하이닉스의 비중이 전체 연결매출의 약 45% 수준이다.

월덱스는 미국 소재 종속회사 West Coast Quartz Corporation(WCQ)과 그 자회사(WCQ Asia-Pacific, WCQ Japan, WCQ Taiwan)를 통해 해외 쿼츠·실리콘 부품 사업을 영위하고 있다. WCQ는 직전연도 자산총액이 지배회사 자산총액의 10% 이상으로 주요종속회사 요건에 해당한다.

## 매출 및 손익 현황
2025년(제26기) 연결 매출액은 291,765백만원(약 2,918억원)으로 전년(제25기, 306,791백만원) 대비 4.9% 감소하였으며, 영업이익률은 20.1%(영업이익 약 585억원)를 시현하였다. 제품별로는 실리콘 210,061백만원(72.0%), 쿼츠 52,346백만원(17.9%), 알루미나 외 29,358백만원(10.1%)이다. 2025년 상반기 일부 해외 고객사의 가동률 하락으로 매출이 소폭 감소하였으나, 하반기 시황 개선과 원가 관리로 전년 수준의 수익성을 유지하였다.

## 주요 매출처·매입처 및 공급관계
- **주요 매출처**: 삼성전자, SK하이닉스(구체적 매출액·비중은 각 사별로 공개되지 않고 ""국내 주요 고객사인 삼성전자와 SK하이닉스의 비중이 전체 연결매출의 45% 수준""이라고만 명시됨).
- 판매경로: 국내매출은 소자업체 또는 장비업체에 직납하며, 해외매출은 현지 소자업체의 자회사·관련회사라는 특수성으로 일부 Agent를 활용하되 점차 직납 비중을 높이고 있다. 결제조건은 국내 통상 150일 이내 현금결제, 해외는 B/L 기준 매출 인식 후 180일 내 현금결제이다. 정기적 수주 대신 기본거래계약 체결 후 수시 발주 방식이다.
- **주요 원재료 매입처(2025년, 단위: 백만원)**: 실리콘(전극 및 링 제조용) 60,867(50.11%), 쿼츠 15,172(12.49%), 기타 9,989(8.22%), 포장재(부재료) 902(0.74%), 외주가공비(커팅 외) 19,203(15.81%), 소모품(기타) 15,324(12.62%). 구체적 매입처 상호는 원문에 명시되어 있지 않다. 원재료 가격은 국제 폴리실리콘 가격 및 쿼츠잉곳 가격 변동과 장기공급계약조건에 따라 변동된다.
- 경영상의 주요계약: 공시기준일 현재 재무상태에 중요한 영향을 미치는 비경상적인 중요 계약은 없다.

## 계열회사·종속회사·타법인출자 현황
월덱스는 기업집단 ""WORLDEX FAMILY""에 속하며, 2025년 12월 31일 현재 비상장 계열회사 4개(월덱스 자체 종속회사군)로 구성된 소규모 그룹이다.

**연결대상 종속회사 현황(상세, 2025년말 자산총액 기준)**
- West Coast Quartz Corporation(미국 캘리포니아 프리몬트, 1981년 5월 설립, 쿼츠·실리콘 부품 제조·판매, 자산총액 66,489,543천원, 지분 100.0% 보유, 주요종속회사 해당)
- WCQ Asia-Pacific(싱가포르, 2003년 3월 설립, 반도체 및 전자부품 판매, 자산총액 10,792,730천원, West Coast Quartz Corporation의 100% 자회사)
- WCQ Japan(일본 요코하마, 2007년 5월 설립, 반도체 및 전자부품 판매, 자산총액 14,023,036천원, West Coast Quartz Corporation의 100% 자회사)
- WCQ Taiwan(대만 신주, 2009년 9월 설립, 반도체 및 전자부품 판매, 자산총액 17,833,566천원, 기존 WCQ 100% 자회사였으나 2017년 전액 자본잠식에 따른 무상감자 및 월덱스 매출채권의 출자전환을 통해 월덱스(지배회사)의 100% 직접 자회사로 소유권 변경됨)

**타법인출자 현황(요약, 2025년말, 단위: 백만원)**: 경영참여 목적 2개사(비상장) 기말장부가액 25,965(당기 평가손익 -9,676). 상세 내역:
- West Coast Quartz Corporation: 비상장, 2009.11.25 최초취득, 경영권 확보 목적, 지분율 100.0%, 당기 평가손익 -9,676백만원 반영, 기말 장부가액 24,612백만원. 총자산 90,873백만원, 당기순손익 -17,104백만원.
- WCQ Taiwan: 비상장, 2017.05.22 최초취득, 자본충실화 목적, 지분율 100.0%, 기말 장부가액 1,353백만원.

## 특수관계자 거래 (연결 기준)
월덱스 연결실체의 특수관계자는 ""그 밖의 특수관계자""로 (주)이코루미(당기말·전기말 현재 파산절차 진행 중)가 있다. 당기 및 전기 중 (주)이코루미와의 재화의 판매로 인한 수익은 0원이며, 전기 중 기타(비용관련) 거래 9,545천원이 있었다(당기는 0원). 연결실체는 (주)이코루미에 대여금(기초·기말 잔액 각 2,175,000천원)과 미수수익(기초·기말 잔액 각 26,652천원)을 보유하고 있으나, 파산절차 진행 중임을 반영하여 해당 대여금 및 미수수익 전액에 대손충당금을 설정하였다.

연결실체는 차입금과 관련하여 대표이사(배종식)로부터 지급보증을 제공받고 있다.

**주요 경영진(이사, 이사회 구성원, 내부감사책임자) 보상**: 당기 단기종업원급여 3,530,635천원, 퇴직급여 599,383천원, 수수료비용 18,614천원, 합계 4,148,632천원. 전기 합계 4,002,868천원.

**대주주 등과의 거래**: 가지급금 및 대여금, 담보제공, 채무보증, 출자 및 출자지분 처분, 유가증권 매수·매도, 부동산 매매, 영업 양수·도, 자산양수·도, 장기공급계약 등 최대주주등과의 거래 및 주주(최대주주 등 제외)·임원·직원·기타 이해관계자와의 거래는 모두 해당사항 없음.

## 지급보증 및 우발부채
월덱스는 종속회사 West Coast Quartz Corporation의 CitiBank, N.A. 차입금 US$3,500,000 및 이자발생액에 대해 지급보증을 제공하고 있으며 보증한도는 USD 4,200,000이다. 연결실체는 법원 공탁 등과 관련하여 서울보증보험으로부터 1,077백만원의 지급보증을 제공받고 있다. 금융기관 약정 한도는 하나은행 무역금융 등 6,000,000천원(사용액 3,000,000천원), CitiBank N.A. USD 3,500,000(사용액 USD 1,500,000), 한국수출입은행 4,000,000천원(사용액 1,500,000천원)이다. 종속기업 West Coast Quartz Corporation은 퇴직 근로자가 제기한 소송에서 2025년 4월 9일 1심 패소하여 자회사 소송충당부채를 인식하였으며, 협상이 진행 중이다. 연결실체가 피고로 계류 중인 소송사건은 총 4건이다.

## 제재 등
등기이사 배종식은 2019.06.13/06.25 금융감독원·금융위원회로부터 자본시장법 제173조(소유주식 지연보고) 및 제147조(대량보유 보고의무 위반)로 경고 및 과징금 45,760원 부과. 등기이사 정재극, 정정구는 각각 2019.06.13 금융감독원으로부터 자본시장법 제173조 위반으로 경고 조치를 받았다(모두 임원 개인에 대한 제재이며 법인에 대한 제재 아님).

## 지급보증 이력(참고)
과거 2015~2017년 종속회사 WCQ의 전환사채 관련 채무보증 및 WCQ Taiwan 주식취득·감자·출자전환 등이 진행된 바 있으며, 관련 채무보증은 2015년 8월 27일 WCQ의 전액 상환으로 해소되었다.
"
티씨케이,"# 티씨케이 (제31기, 2025년 사업연도) 사업보고서 요약

## 사업 개요
주식회사 티씨케이는 반도체 및 실리콘 웨이퍼 제조공정용 장비 부분품과 LED 및 반도체 소자 제조 공정 장비용 부분품을 생산·판매한다. 본점은 경기도 안성시 미양면 개정산업단지로 71이며, 대표이사는 신히데오, 오창민(각자대표)이다. 1996년 반도체용 고순도 흑연제품의 국내 생산 필요성에 따라 일본 TOKAI CARBON CO.,LTD.와 대한민국 (주)케이씨, 슝크카본테크놀로지(유)의 합작계약에 의거 설립되었다.

주요 제품은 Growing 장비용 Graphite 부품, 반도체 Device업체 장비용 Solid SiC Wafer와 Ring, 반도체 ALD 장비용 Susceptor류, LED Chip 생산용 Wafer Carrier 등이다. 주요 매출처는 반도체 제조 및 태양광용 잉곳, LED용 칩, 반도체 생산업체로 기술되어 있으나, 구체적인 거래처 실명은 원문에 공개되어 있지 않다. 2025년 매출액 중 Solid SiC부문(Solid SiC Wafer, Ring 등)이 약 85%, Graphite부문(Growing 장비용)이 약 11%, Susceptor부문 및 기타부문이 약 4%를 차지한다.

티씨케이는 별도의 국내 계열회사(연결대상 종속회사)를 두지 않은 단독 법인이며, 원문에는 ""회사가 속해 있는 기업집단: 해당사항 없음""으로 명시되어 있다.

## 매출 및 손익 현황
2025년(제31기) 매출액은 301,334백만원(수출 193,999백만원, 내수 107,335백만원)이며, 제품별로는 Solid SiC류 254,804백만원(수출 174,625, 내수 80,179), Graphite(탄소제품 반도체용) 33,020백만원(수출 15,396, 내수 17,624), Susceptor류(LED 및 반도체부품) 12,383백만원, Graphite(태양광용) 709백만원, 상품(HEATER 등) 419백만원이다. 직전 2개년 매출액은 제30기 275,725백만원, 제29기 226,653백만원으로 증가 추세이다. 매출의 99.9%가 ""업체발주서 접수→생산계획 수립→생산→고객사 납품"" 경로를 통해 이루어진다.

## 주요 매출처·매입처 및 공급관계
- **주요 매출처**: 반도체 제조 및 태양광용 잉곳, LED용 칩, 반도체 생산업체로만 포괄적으로 기술되어 있으며, 원문에 구체적 고객사 실명이나 매출 비중은 공개되어 있지 않다(부재 자체가 유의미한 정보임).
- **주요 원재료 매입처**: 최대주주인 TOKAI CARBON CO.,LTD.(일본)로부터 주요 구입 품목 중 가장 큰 비중을 차지하는 Graphite(고순도 흑연)를 매입한다. 티씨케이는 TOKAI CARBON CO.,LTD.와 매년 초 품목별 협상을 통해 원재료 구입단가를 엔화(JPY) 기준으로 결정한다. 2025년(제31기) 매입액은 Graphite 32,245백만원(97.7%), Graphite Foil 등 768백만원(2.3%), 합계 33,013백만원이다. 즉 티씨케이의 핵심 원재료 매입은 최대주주(지배기업)와의 특수관계자 거래에 해당한다.

## 계열회사·종속회사·타법인출자 현황
티씨케이는 연결대상 종속회사 및 계열회사가 없는 단독 법인이며(연결재무제표를 작성하지 않음), 타법인출자 현황도 해당사항 없음(경영참여·일반투자·단순투자 모두 없음)으로 명시되어 있다.

**주주 구조(2025년 12월 31일 기준)**: 최대주주는 도카이카본(주)(TOKAI CARBON CO., LTD.)로 지분율 52.6%를 보유하며, 2대 주주는 (주)케이씨로 지분율 8.5%를 보유한다. 과거 지분 변동 연혁: 2011.02.14 슝크카본테크놀로지(유)가 보유하던 지분 783,000주 중 391,500주를 도카이카본(217,500주)과 (주)케이씨(174,000주)가 시간외 대량매매로 각각 양수; 2018.05.28 도카이카본이 (주)케이씨 보유주식 3,306,000주 중 1,050,750주를 장외매매로 양수; 2020.09.04 (주)케이씨가 보유지분 2,255,250주 중 600,000주를 블록딜로 장내매각; 2022.05.11 도카이카본이 (주)케이씨 보유주식 1,655,250주 중 350,000주를 장외매매로 양수; 2024.04.23 도카이카본이 (주)케이씨 보유주식 1,305,250주 중 350,000주를 장외매매로 양수. 이러한 일련의 거래를 통해 최대주주(도카이카본)의 지분율은 지속적으로 확대되고 2대 주주((주)케이씨)의 지분율은 축소되어 왔다.

## 특수관계자 거래
티씨케이의 특수관계자는 지배기업 TOKAI CARBON CO., LTD.와 그 종속기업인 그 밖의 특수관계자(MWI, INC., TOKAI CARBON (DALIAN) CO., LTD., TOKAI CARBON EUROPE LTD., TOKAI CARBON U.S.A., INC., TOKAI KONETSU KOGYO CO., LTD., TOKAI COBEX SAVOIE SAS, TOKAI FINE CARBON CO., LTD.)로 구성된다.

**당기(2025년) 특수관계자 거래내역**(단위: 천원):
- TOKAI CARBON CO., LTD.(지배기업): 재화의 판매로 인한 수익 51,881, 재화의 매입 30,720,078, 기타비용 7,574,908.
- MWI, INC.(그 밖의 특수관계자): 재화의 매입 관련 거래 없음, 기타비용 16,441.
- TOKAI CARBON (DALIAN) CO., LTD.(그 밖의 특수관계자): 재화의 판매로 인한 수익 10,991,014, 기타비용 1,537,994.
- TOKAI CARBON EUROPE LTD.(그 밖의 특수관계자): 재화의 판매로 인한 수익 3,731,973, 기타비용 7,073.
- TOKAI CARBON U.S.A.,INC.(그 밖의 특수관계자): 재화의 판매로 인한 수익 1,484,118, 기타비용 72,644.
- TOKAI COBEX SAVOIE SAS(그 밖의 특수관계자): 재화의 매입 412,690.
- TOKAI FINE CARBON CO., LTD.(그 밖의 특수관계자): 재화의 판매로 인한 수익 99,040.
- 전체 특수관계자 합계: 재화의 판매로 인한 수익 16,358,026, 재화의 매입 31,132,768, 기타비용 9,209,060.

**전기(2024년) 비교**(단위: 천원): TOKAI CARBON CO., LTD. 매출 138,130, 매입 26,012,506, 기타비용 6,667,563; TOKAI CARBON (DALIAN) CO., LTD. 매출 9,297,364; TOKAI CARBON EUROPE LTD. 매출 5,716,274; TOKAI CARBON U.S.A.,INC. 매출 4,426,678; 전체 특수관계자 합계 매출 19,625,768, 매입 26,396,800, 기타비용 8,295,550.

**대주주와의 영업거래(별도 공시, 제31기, 단위: 천원)**: TOKAI CARBON CO.,LTD.(최대주주) — 매출 51,881, 매입 30,720,078(고순도 흑연제품 제조에 필요한 원재료 매입), 기타비용 등 7,574,908, 배당금 8,295,383. 원재료 매입 및 제품매출 거래는 연중 발생.

**주주(최대주주 등 제외)·임원·직원 및 기타 이해관계자와의 거래(제31기, 단위: 천원)**: (주)케이씨(2대 주주) — 기타비용 등 4,545,935, 배당금 1,346,903.

**채권·채무 잔액(당기말, 단위: 천원)**: TOKAI CARBON (DALIAN) CO., LTD. 수취채권 2,799,639(그 외 지배기업 TOKAI CARBON CO., LTD.는 수취채권 0으로 표기).

## 연구개발 및 지적재산권 분쟁
티씨케이는 2019년 2월 27일 외주업체 전 직원 1명, 전 직원 2명, 주식회사 페로텍어드밴스드머티리얼즈코리아(FTAK, 일본 페로텍의 한국 자회사), 주식회사 지제이코리아(GJ Korea)를 상대로 영업비밀침해금지 및 손해배상 청구소송을 제기하여 승소하였고 2024년 2월 5일 소송이 종결되었다(에처(Etcher) 공정용 핵심부품 관련 영업비밀). 관련 개인 피고들은 부정경쟁방지 및 영업비밀보호법 위반, 업무상 배임 혐의로 기소되어 형사처벌이 확정되었다. 또한 2019년 9월 23일 주식회사 디에스테크노(DS Techno)를 상대로 특허권 침해금지 소송을 제기하여 2025년 12월 31일 현재 진행 중이며, 2020년 12월 30일 주식회사 와이엠씨(YMC) 및 주식회사 와이컴(WYCOM)을 상대로 제기한 특허권 침해금지 소송은 상호합의로 2025년 7월 11일 소취하되었다.

## 시설투자
티씨케이는 2010년 하반기~2011년 4월 경기도 안성시 개정리 신공장 증설을 완료하였고, 2015년 102억원, 2016년 220억원, 2020년 363억원, 2024년 243억원을 추가 투자·증설하였다. 2022년 5월 27일 신공장 부지 투자(256.9억원) 공시 이후 투자완료일정이 수 차례 정정되어(2024.06.30→2025.12.31→2026.06.30) 현재 진행 중이다.

## 기타
견질 또는 담보용 어음·수표, 채무보증, 채무인수약정, 그 밖의 우발채무, 제재 등과 관련된 사항은 모두 해당사항 없다. 온실가스 배출량은 2024년 34,496tCO2-eq(에너지 사용량 713TJ)이며, 티씨케이는 온실가스 에너지 목표관리업체에 해당한다.
"
피에스케이,"# 피에스케이 (제7기, 2025년 사업연도) 사업보고서 요약

## 사업 개요
피에스케이 주식회사는 2019년 4월 1일 설립되어 반도체 제조용 장비(전공정 장비) 및 부품의 제조, 판매, C/S(고객서비스)를 주요사업으로 영위한다. 본사 및 공장은 경기도 화성시 삼성1로4길 48(동탄 신도시)에, 판교캠퍼스는 성남시에 있으며 대표이사는 이경일이다. 주요 제품은 Dry Strip, Dry Cleaning, New Hard Mask Strip, Wafer Edge Clean, Power Device Etch 등 반도체 공정장비이다.

피에스케이는 한국 본사를 거점으로 해외 5개 법인(미국 1, 대만 1, 중국 2, 일본 1)과 9개 해외 지점을 통해 미국·유럽(아일랜드)·동남아시아(대만·싱가포르)·중국·일본 지역에서 반도체장비 마케팅, 부품판매, 기술서비스를 수행한다: PSK AMERICA Inc.(미국 텍사스 오스틴, 아일랜드 지점 운영), PSK Asia Inc.(대만, 싱가포르 지점 운영), PSK Japan Inc.(일본 히로시마), PSK(CHINA)CO.,LTD.(중국 시안), PSK(Shanghai) Semiconductor Co.,Ltd(중국 상하이, 7개 분공사: Wuxi, Xiamen, Dalian, Beijing, Wuhan, Hefei, Chengdu 운영).

피에스케이는 피에스케이홀딩스(주)를 지배기업으로 하는 기업집단에 속하며, 피에스케이홀딩스(주)가 피에스케이 지분 32.76%를 보유하고 있다(2022년 7월 11일 피에스케이의 자기주식 소각으로 지분율이 32.76%로 증가).

## 매출 및 손익 현황
2025년(제7기) 연결 매출액은 457,213백만원(내수 141,486, 수출 315,727)이며, 제품별로는 반도체 제조용 장비(반도체 공정장비류 외) 245,098백만원(53.6%), 기타(부품 및 용역수수료 외) 212,115백만원(46.4%)이다. 직전 2개년 매출액은 제6기 398,051백만원, 제5기 351,864백만원으로 증가 추세이다. 부채비율은 당기말 19.84%(부채 106,961,956천원, 자본 539,036,262천원)이다.

## 주요 매출처·매입처 및 공급관계
- **주요 매출처**: 국내 및 해외 반도체 Device Maker에 대한 직접판매 방식이며, 주요 국내 매출처는 S사, H사 등이고, 해외 매출처는 M사를 포함하여 약 10개사 이상이다. 원문에는 이들 고객사의 구체적 실명·매출 비중이 공개되어 있지 않다(고객과의 NDA 및 영업 정책에 따라 세부 수주 현황 기재를 생략한다고 명시). 판매는 선주문후납품(주문생산체제)이며 개별 계약조건으로 이루어진다.
- **주요 원재료 매입 항목(2025년, 단위: 백만원)**: 플라즈마발생장치 외(Plasma Source 주파수 발생 장치) 73,559(36.6%, 매입처 국내/미국/일본), ROBOT 외(Wafer 이송용 장치) 10,673(5.3%, 매입처 국내/미국/일본). 구체적 매입처 상호는 원문에 명시되어 있지 않다. 원재료는 주로 미국, 일본 등에서 수입하여 환율 영향을 받는다.
- **특허 소송(램리서치)**: 2021년 피에스케이가 반도체 장비를 국산화하여 국내 시장에 진출하자, 시장을 선점하던 램리서치 코포레이션(Lam Research Corporation)이 특허침해소송을 제기(서울중앙지방법원, 사건번호 2021가합571611)하였고, 피에스케이는 이에 대응해 램리서치 보유 특허 6건에 대해 특허무효심판을 제기하였다. 특허무효심판 1심에서 3건이 유효로 인정되었으며, 이 중 1건은 대법원에서 유효로 인정되어 특허침해소송 1심이 진행 중이고, 1건은 대법원에서 일부 유효로 인정되어 취소환송 무효심판 1심이 완료, 나머지 1건은 특허법원에서 무효로 인정되어 취소환송 무효심판 1심 진행 중이다. 당기말 현재 소송 결과를 합리적으로 예측할 수 없다.

## 계열회사·종속회사·타법인출자 현황
피에스케이는 피에스케이홀딩스(주) 기업집단에 속하며, 2025년 12월 31일 현재 동 기업집단에는 상장 1개사, 비상장 11개사 총 12개 계열회사가 있다.

**계열회사간 출자현황(2025년말)**: 피에스케이홀딩스㈜ ← 피에스케이(32.76%), 디엠비마케팅연구소(100%); 피에스케이(주) → 에스이앤에스(90%, 2025.12.29 지분 일부 매도로 100%→90%로 감소), 에스이앤티(100%), 에스이앤아이(100%).

**연결대상 종속회사 현황(상세, 2025년말 자산총액 기준, 단위: 원)**
- PSK AMERICA, INC.(미국 텍사스, 2000-01-01 설립, 기술지원, 자산총액 34,308백만원 수준(단위표기상 원이나 타법인출자표와 대조 시 백만원 단위로 판단), 지분 100% 소유)
- PSK Asia,Inc.,Ltd.(대만, 2003-12-19 설립, 해외판매 촉진, 자산총액 41,196, 지분 100% 소유)
- PSK(CHINA)CO.,LTD.(중국 시안, 2013-08-16 설립, 해외판매 촉진, 자산총액 26,421, 지분 100% 소유)
- PSK(Shanghai) Semiconductor Co.,Ltd(중국 상하이, 2017-03-28 설립, 해외판매 촉진, 자산총액 36,397, 지분 100% 소유)
- PSK Japan Inc.(일본 히로시마, 2020-12-04 설립, 해외판매 촉진, 자산총액 8,114, 지분 100% 소유)
- 에스이앤에스㈜(경기 평택, 2016-09-04 설립, 국내 장비 셋업, 자산총액 1,740, 지분 90% 소유)
- 에스이앤티㈜(경기 평택, 2017-11-01 설립, 국내 장비 셋업, 자산총액 1,391, 지분 100% 소유)
- 에스이앤아이㈜(경기 평택, 2021-11-16 설립, 국내 장비 셋업, 자산총액 1,352, 지분 100% 소유)
- 위 종속회사 중 주요종속회사(직전사업연도 자산총액이 지배회사 자산총액의 10% 이상 또는 750억원 이상)에 해당하는 회사는 없다.
- 그 밖에 계열회사 목록에는 SEMIgear, Inc., Xinco Semiconductor Technology Co.Ltd(PSK(Shanghai) Semiconductor Co.,Ltd의 종속회사)도 포함되어 있다.

**타법인출자 현황(2025년말, 단위: 백만원)**: 경영참여 목적 8개사(비상장) 총 기말장부가액 12,922. 세부내역: PSK AMERICA, INC. 지분 100%, 장부가액 6,509(총자산 34,308, 당기순손익 8,097); PSK Asia,Inc.,Ltd. 지분 100%, 장부가액 705(당기 중 취득금액 19,200 추가, 총자산 41,196, 당기순손익 9,987); PSK(CHINA)CO.,LTD. 지분 100%, 장부가액 771(총자산 26,421, 당기순손익 6,664); PSK(Shanghai) Semiconductor Co.,Ltd. 지분 100%, 장부가액 223(총자산 36,397, 당기순손익 4,300); PSK Japan Inc. 지분 100%, 장부가액 2,127(총자산 8,114, 당기순손익 1,167); 에스이앤에스㈜ 지분 90%(당기 -20백만원, -69백만원 감소 반영), 장부가액 625(총자산 1,740, 당기순손익 41); 에스이앤티㈜ 지분 100%, 장부가액 1,661(총자산 1,391, 당기순손익 -364); 에스이앤아이㈜ 지분 100%, 장부가액 300(총자산 1,352, 당기순손익 140). 8개사 합계 기말장부가액 12,922백만원(총자산 합계 150,918, 당기순손익 합계 30,031).

**임원 겸직**: 박경수는 피에스케이 사내이사이며 피에스케이홀딩스㈜ 대표이사(상근)를 겸직.

## 특수관계자 거래 (연결 기준)
피에스케이 연결기업의 특수관계자는 당해 기업에 유의적인 영향력을 행사하는 기업인 피에스케이홀딩스(지배기업), 그 밖의 특수관계자인 SEMIgear, Inc., 유디에스, (주)알티엠으로 구성된다.

**당기(2025년) 특수관계자 거래내역**(연결 기준, 단위: 천원):
- 피에스케이홀딩스(유의적 영향력 행사 기업): 재화의 판매로 인한 수익 265,113, 용역의 제공으로 인한 수익 1,605,182, 기타매출 3,491,389, 재화의 매입 14,685,779, 배당금의 지급 3,795,998, 제공받은용역 3,830,379(이 중 피에스케이가 피에스케이홀딩스에 지급한 리스료 1,006,800천원 포함).
- SEMIgear, Inc.(그 밖의 특수관계자): 기타매출 5,608,836.
- 유디에스(그 밖의 특수관계자): 기타매출 66,420, 재화의 매입 32,240, 부동산과 그 밖의 자산의 구입 103,880, 제공받은용역 1,388,031.
- (주)알티엠(그 밖의 특수관계자): 재화의 매입 200,000, 부동산과 그 밖의 자산의 구입 591,500, 제공받은용역 14,222.
- 전체 특수관계자 합계: 재화의 판매 265,113, 용역의 제공 1,605,182, 기타매출 9,166,645, 재화의 매입 14,918,019, 부동산과 그 밖의 자산의 구입 695,380, 배당금의 지급 3,795,998, 제공받은용역 5,232,632.

**전기(2024년) 비교**(단위: 천원): 피에스케이홀딩스 재화판매 194,895, 용역제공 1,327,632, 기타매출 1,898,622, 재화매입 12,734,984, 배당금지급 1,897,999, 제공받은용역 4,264,260(리스료 1,310,000천원 포함); SEMIgear, Inc. 기타매출 4,671,843; 유디에스 재화매입 64,480, 부동산등 구입 122,720, 제공받은용역 1,292,518; (주)알티엠 재화매입 200,000, 부동산등 구입 396,000, 제공받은용역 77,465.

**채권·채무 잔액(2025년말, 단위: 천원)**: 피에스케이홀딩스 수취채권 1,653,894, 미수금 56,176, 임차보증금 839,000, 채무액 3,061,214, 미지급금 444,048, 리스부채 660,771; SEMIgear, Inc. 수취채권 2,663,461; 유디에스 수취채권 6,694, 미수금 145, 미지급금 103,180, 임대보증금 37,500; (주)알티엠 미지급금 375,650. 전체 특수관계자 합계: 수취채권 4,324,049, 미수금 56,321, 임차보증금 839,000, 채무액 3,061,214, 미지급금 922,878, 임대보증금 37,500, 리스부채 660,771.

**약정사항 및 지급보증(2025년말, 단위: 천원)**: 금융기관 약정 — 하나은행 동반성장론 한도 2,000,000(실행액 0), 산업은행 시설자금대출 한도 6,000,000(실행액 5,008,114), 신한은행 시설자금대출 한도 8,214,286(실행액 8,214,286), 합계 한도 16,214,286(실행액 13,222,400). 지급보증 수취: 서울보증보험이 직장보육시설 설치비용 지원 관련 근로복지공단 대상 1,557,567천원, 직장어린이집 설치비용 지원(잔금) 관련 179,399천원을 각각 보증. 공급자금융약정(하나은행, 동반성장론(일반), 지급기일 청구서 발행일 후 25~55일)이 있으나 당기말 해당 부채 잔액은 없다.

## 지적재산권 분쟁 (요약)
위 ""주요 매출처·매입처 및 공급관계"" 섹션의 램리서치 코포레이션 특허소송 참조.

## 기타
공시내용의 진행·변경상황, 중요한 소송사건(램리서치 건 제외), 견질 또는 담보용 어음·수표, 제재 등과 관련된 사항은 해당사항 없다. 외국지주회사의 자회사 현황 표는 공란(해당사항 없음)으로 기재되어 있다.
"
